[0;32m[EXP][0m Iniciando experimento: 768 corridas totales (2 warm-up + 30 réplicas por celda)
[0;32m[EXP][0m Resultados en: /home/camilo/Trabajo-final-Sistemas-Operativos/experiments/results/raw_results.csv
[0;32m[EXP][0m ─── HOST | cpu_stress | intensidad=1 ───
..............................
[0;32m[EXP][0m ─── DOCKER:baseline | cpu_stress | intensidad=1 ───
#1 [internal] load local bake definitions
#1 reading from stdin 561B done
#1 DONE 0.0s

#2 [internal] load build definition from Dockerfile.app
#2 transferring dockerfile: 1.81kB 0.0s done
#2 DONE 0.1s

#3 [internal] load metadata for docker.io/library/debian:bookworm-slim
#3 DONE 1.0s

#4 [internal] load .dockerignore
#4 transferring context: 68B 0.0s done
#4 DONE 0.1s

#5 [internal] load build context
#5 DONE 0.0s

#6 [builder 1/5] FROM docker.io/library/debian:bookworm-slim@sha256:0104b334637a5f19aa9c983a91b54c89887c0984081f2068983107a6f6c21eeb
#6 resolve docker.io/library/debian:bookworm-slim@sha256:0104b334637a5f19aa9c983a91b54c89887c0984081f2068983107a6f6c21eeb
#6 resolve docker.io/library/debian:bookworm-slim@sha256:0104b334637a5f19aa9c983a91b54c89887c0984081f2068983107a6f6c21eeb 0.2s done
#6 DONE 0.2s

#5 [internal] load build context
#5 transferring context: 15.92kB 0.0s done
#5 DONE 0.1s

#7 [builder 2/5] RUN apt-get update && apt-get install -y     build-essential     cmake     && rm -rf /var/lib/apt/lists/*
#7 CACHED

#8 [builder 3/5] WORKDIR /src
#8 CACHED

#9 [builder 4/5] COPY . .
#9 DONE 0.4s

#10 [builder 5/5] RUN cmake -B build -DCMAKE_BUILD_TYPE=Release . &&     cmake --build build --parallel
#10 1.052 -- The C compiler identification is GNU 12.2.0
#10 1.087 -- Detecting C compiler ABI info
#10 1.332 -- Detecting C compiler ABI info - done
#10 1.355 -- Check for working C compiler: /usr/bin/cc - skipped
#10 1.356 -- Detecting C compile features
#10 1.358 -- Detecting C compile features - done
#10 1.373 -- Configuring done
#10 1.461 -- Generating done
#10 1.474 -- Build files have been written to: /src/build
#10 1.657 [  2%] Building C object src/core/CMakeFiles/perfanalyzer_core.dir/sampler_mem.c.o
#10 1.665 [  4%] Building C object src/core/CMakeFiles/perfanalyzer_core.dir/sampler_cpu.c.o
#10 1.670 [  6%] Building C object src/core/CMakeFiles/perfanalyzer_core.dir/perf.c.o
#10 1.677 [  9%] Building C object src/tools/CMakeFiles/container_monitor.dir/container_monitor.c.o
#10 1.684 [ 11%] Building C object tests/CMakeFiles/unity.dir/unity/unity.c.o
#10 1.716 [ 13%] Building C object src/core/CMakeFiles/perfanalyzer_core.dir/sampler_io.c.o
#10 1.784 [ 15%] Building C object src/core/CMakeFiles/perfanalyzer_core.dir/ring_buffer.c.o
#10 1.784 [ 18%] Building C object src/core/CMakeFiles/perfanalyzer_core.dir/sampler_cgroup.c.o
#10 1.805 [ 20%] Building C object src/core/CMakeFiles/perfanalyzer_core.dir/exporter_json.c.o
#10 1.810 [ 22%] Building C object src/core/CMakeFiles/perfanalyzer_core.dir/profiler.c.o
#10 2.037 [ 25%] Linking C static library libunity.a
#10 2.052 [ 27%] Linking C executable container_monitor
#10 2.149 [ 29%] Linking C static library libperfanalyzer_core.a
#10 2.197 [ 29%] Built target unity
#10 2.323 [ 29%] Built target perfanalyzer_core
#10 2.494 [ 31%] Building C object src/workloads/CMakeFiles/cpu_stress_nosampler.dir/cpu_stress.c.o
#10 2.517 [ 34%] Building C object src/workloads/CMakeFiles/io_stress.dir/io_stress.c.o
#10 2.525 [ 36%] Building C object src/workloads/CMakeFiles/cpu_stress.dir/cpu_stress.c.o
#10 2.534 [ 38%] Building C object src/workloads/CMakeFiles/mem_stress_nosampler.dir/mem_stress.c.o
#10 2.573 [ 40%] Building C object src/cli/CMakeFiles/perfctl.dir/perfctl.c.o
#10 2.604 [ 43%] Building C object src/server/CMakeFiles/perfanalyzer_server.dir/dashboard.c.o
#10 2.620 [ 45%] Building C object tests/CMakeFiles/test_sampler_io.dir/test_sampler_io.c.o
#10 2.624 [ 47%] Building C object tests/CMakeFiles/test_sampler_cpu.dir/test_sampler_cpu.c.o
#10 2.633 [ 50%] Building C object src/workloads/CMakeFiles/mem_stress.dir/mem_stress.c.o
#10 2.645 [ 52%] Building C object src/server/CMakeFiles/perfanalyzer_server.dir/routes.c.o
#10 2.652 [ 54%] Building C object src/server/CMakeFiles/perfanalyzer_server.dir/http.c.o
#10 2.674 /src/src/server/dashboard.c:255:1: warning: string length '9524' is greater than the length '4095' ISO C99 compilers are required to support [-Woverlength-strings]
#10 2.674   255 | "</html>\n";
#10 2.674       | ^~~~~~~~~~~
#10 2.702 [ 56%] Building C object src/workloads/CMakeFiles/io_stress_nosampler.dir/io_stress.c.o
#10 2.702 [ 59%] Building C object src/server/CMakeFiles/perfanalyzer_server.dir/main.c.o
#10 2.702 [ 61%] Building C object tests/CMakeFiles/test_sampler_mem.dir/test_sampler_mem.c.o
#10 2.702 [ 63%] Building C object tests/CMakeFiles/test_profiler.dir/test_profiler.c.o
#10 2.716 [ 65%] Building C object tests/CMakeFiles/test_exporter.dir/test_exporter.c.o
#10 2.744 [ 68%] Building C object tests/CMakeFiles/test_ring_buffer.dir/test_ring_buffer.c.o
#10 2.917 /src/tests/test_sampler_cpu.c:8:6: warning: no previous prototype for 'test_cpu_read_self' [-Wmissing-prototypes]
#10 2.917     8 | void test_cpu_read_self(void)
#10 2.917       |      ^~~~~~~~~~~~~~~~~~
#10 2.928 /src/tests/test_sampler_cpu.c:17:6: warning: no previous prototype for 'test_cpu_percent_negative_on_first' [-Wmissing-prototypes]
#10 2.928    17 | void test_cpu_percent_negative_on_first(void)
#10 2.928       |      ^~~~~~~~~~~~~~~~~~~~~~~~~~~~~~~~~~
#10 2.928 /src/tests/test_sampler_cpu.c:23:6: warning: no previous prototype for 'test_cpu_percent_range' [-Wmissing-prototypes]
#10 2.928    23 | void test_cpu_percent_range(void)
#10 2.928       |      ^~~~~~~~~~~~~~~~~~~~~~
#10 2.930 /src/tests/test_sampler_cpu.c: In function 'test_cpu_percent_range':
#10 2.930 /src/tests/test_sampler_cpu.c:31:5: warning: implicit declaration of function 'nanosleep' [-Wimplicit-function-declaration]
#10 2.930    31 |     nanosleep(&ts, NULL);
#10 2.930       |     ^~~~~~~~~
#10 2.990 [ 70%] Linking C executable perfctl
#10 3.017 /src/tests/test_sampler_io.c:8:6: warning: no previous prototype for 'test_io_read_ok' [-Wmissing-prototypes]
#10 3.017     8 | void test_io_read_ok(void)
#10 3.017       |      ^~~~~~~~~~~~~~~
#10 3.026 [ 72%] Linking C executable mem_stress_nosampler
#10 3.033 /src/tests/test_sampler_io.c:17:6: warning: no previous prototype for 'test_io_bad_path' [-Wmissing-prototypes]
#10 3.033    17 | void test_io_bad_path(void)
#10 3.033       |      ^~~~~~~~~~~~~~~~
#10 3.082 [ 75%] Linking C executable mem_stress
#10 3.092 [ 75%] Built target container_monitor
#10 3.115 [ 77%] Linking C executable io_stress
#10 3.129 /src/tests/test_sampler_mem.c:8:6: warning: no previous prototype for 'test_mem_read_nonzero' [-Wmissing-prototypes]
#10 3.129     8 | void test_mem_read_nonzero(void)
#10 3.129       |      ^~~~~~~~~~~~~~~~~~~~~
#10 3.129 /src/tests/test_sampler_mem.c:17:6: warning: no previous prototype for 'test_mem_peak_ge_rss' [-Wmissing-prototypes]
#10 3.129    17 | void test_mem_peak_ge_rss(void)
#10 3.129       |      ^~~~~~~~~~~~~~~~~~~~
#10 3.129 /src/tests/test_sampler_mem.c:25:6: warning: no previous prototype for 'test_mem_bad_path' [-Wmissing-prototypes]
#10 3.129    25 | void test_mem_bad_path(void)
#10 3.129       |      ^~~~~~~~~~~~~~~~~
#10 3.134 /src/tests/test_exporter.c:8:6: warning: no previous prototype for 'test_sample_to_json_contains_keys' [-Wmissing-prototypes]
#10 3.134     8 | void test_sample_to_json_contains_keys(void)
#10 3.134       |      ^~~~~~~~~~~~~~~~~~~~~~~~~~~~~~~~~
#10 3.134 /src/tests/test_exporter.c:24:6: warning: no previous prototype for 'test_sample_to_json_buffer_too_small' [-Wmissing-prototypes]
#10 3.134    24 | void test_sample_to_json_buffer_too_small(void)
#10 3.134       |      ^~~~~~~~~~~~~~~~~~~~~~~~~~~~~~~~~~~~
#10 3.134 /src/tests/test_exporter.c:33:6: warning: no previous prototype for 'test_series_to_json_empty' [-Wmissing-prototypes]
#10 3.134    33 | void test_series_to_json_empty(void)
#10 3.134       |      ^~~~~~~~~~~~~~~~~~~~~~~~~
#10 3.188 [ 79%] Linking C executable test_sampler_cpu
#10 3.197 [ 81%] Linking C executable test_sampler_io
#10 3.206 [ 84%] Linking C executable io_stress_nosampler
#10 3.231 [ 86%] Linking C executable cpu_stress_nosampler
#10 3.239 /src/tests/test_profiler.c:13:6: warning: no previous prototype for 'test_probe_begin_end' [-Wmissing-prototypes]
#10 3.239    13 | void test_probe_begin_end(void)
#10 3.239       |      ^~~~~~~~~~~~~~~~~~~~
#10 3.244 /src/tests/test_ring_buffer.c:8:6: warning: no previous prototype for 'test_ring_push_drain' [-Wmissing-prototypes]
#10 3.244     8 | void test_ring_push_drain(void)
#10 3.244       |      ^~~~~~~~~~~~~~~~~~~~
#10 3.262 /src/tests/test_profiler.c: In function 'test_probe_begin_end':
#10 3.265 /src/tests/test_profiler.c:22:13: warning: implicit declaration of function 'nanosleep' [-Wimplicit-function-declaration]
#10 3.265    22 |             nanosleep(&ts, NULL);
#10 3.265       |             ^~~~~~~~~
#10 3.270 /src/tests/test_profiler.c: At top level:
#10 3.281 /src/tests/test_profiler.c:41:6: warning: no previous prototype for 'test_probe_reset' [-Wmissing-prototypes]
#10 3.281    41 | void test_probe_reset(void)
#10 3.281       |      ^~~~~~~~~~~~~~~~
#10 3.286 /src/tests/test_ring_buffer.c:25:6: warning: no previous prototype for 'test_ring_empty_drain' [-Wmissing-prototypes]
#10 3.286    25 | void test_ring_empty_drain(void)
#10 3.286       |      ^~~~~~~~~~~~~~~~~~~~~
#10 3.286 /src/tests/test_ring_buffer.c:35:6: warning: no previous prototype for 'test_ring_overflow_keeps_newest' [-Wmissing-prototypes]
#10 3.286    35 | void test_ring_overflow_keeps_newest(void)
#10 3.286       |      ^~~~~~~~~~~~~~~~~~~~~~~~~~~~~~~
#10 3.296 /src/tests/test_profiler.c:61:6: warning: no previous prototype for 'test_probe_percentiles' [-Wmissing-prototypes]
#10 3.296    61 | void test_probe_percentiles(void)
#10 3.296       |      ^~~~~~~~~~~~~~~~~~~~~~
#10 3.298 /src/tests/test_profiler.c: In function 'test_probe_percentiles':
#10 3.298 /src/tests/test_profiler.c:76:33: warning: implicit declaration of function 'malloc' [-Wimplicit-function-declaration]
#10 3.298    76 |     perf_probe_stats_t *stats = malloc(n * sizeof(*stats));
#10 3.298       |                                 ^~~~~~
#10 3.300 /src/tests/test_profiler.c:7:1: note: include '<stdlib.h>' or provide a declaration of 'malloc'
#10 3.300     6 | #include <string.h>
#10 3.300   +++ |+#include <stdlib.h>
#10 3.300     7 | 
#10 3.306 /src/tests/test_profiler.c:76:33: warning: incompatible implicit declaration of built-in function 'malloc' [-Wbuiltin-declaration-mismatch]
#10 3.306    76 |     perf_probe_stats_t *stats = malloc(n * sizeof(*stats));
#10 3.306       |                                 ^~~~~~
#10 3.308 /src/tests/test_profiler.c:76:33: note: include '<stdlib.h>' or provide a declaration of 'malloc'
#10 3.308 /src/tests/test_profiler.c:83:5: warning: implicit declaration of function 'free' [-Wimplicit-function-declaration]
#10 3.308    83 |     free(stats);
#10 3.308       |     ^~~~
#10 3.308 /src/tests/test_profiler.c:83:5: note: include '<stdlib.h>' or provide a declaration of 'free'
#10 3.308 /src/tests/test_profiler.c:83:5: warning: incompatible implicit declaration of built-in function 'free' [-Wbuiltin-declaration-mismatch]
#10 3.308 /src/tests/test_profiler.c:83:5: note: include '<stdlib.h>' or provide a declaration of 'free'
#10 3.320 [ 88%] Linking C executable cpu_stress
#10 3.345 [ 90%] Linking C executable test_sampler_mem
#10 3.447 [ 93%] Linking C executable test_exporter
#10 3.560 [ 95%] Linking C executable test_profiler
#10 3.582 [ 97%] Linking C executable test_ring_buffer
#10 3.621 [100%] Linking C executable perfanalyzer_server
#10 4.504 [100%] Built target test_sampler_io
#10 4.533 [100%] Built target perfctl
#10 4.589 [100%] Built target mem_stress_nosampler
#10 4.704 [100%] Built target io_stress_nosampler
#10 4.721 [100%] Built target test_sampler_mem
#10 4.728 [100%] Built target mem_stress
#10 4.730 [100%] Built target test_sampler_cpu
#10 4.760 [100%] Built target test_ring_buffer
#10 4.766 [100%] Built target test_exporter
#10 4.915 [100%] Built target cpu_stress_nosampler
#10 4.922 [100%] Built target io_stress
#10 5.139 [100%] Built target cpu_stress
#10 5.179 [100%] Built target test_profiler
#10 5.443 [100%] Built target perfanalyzer_server
#10 DONE 5.8s

#11 [runtime 8/9] COPY --from=builder /src/build/src/workloads/mem_stress         ./mem_stress
#11 CACHED

#12 [runtime 2/9] RUN apt-get update && apt-get install -y --no-install-recommends     wget     && rm -rf /var/lib/apt/lists/*
#12 CACHED

#13 [runtime 3/9] WORKDIR /app
#13 CACHED

#14 [runtime 4/9] COPY --from=builder /src/build/src/server/perfanalyzer_server   ./perfanalyzer_server
#14 CACHED

#15 [runtime 5/9] COPY --from=builder /src/build/src/cli/perfctl                  ./perfctl
#15 CACHED

#16 [runtime 6/9] COPY --from=builder /src/build/src/tools/container_monitor      ./container_monitor
#16 CACHED

#17 [runtime 7/9] COPY --from=builder /src/build/src/workloads/cpu_stress         ./cpu_stress
#17 CACHED

#18 [runtime 9/9] COPY --from=builder /src/build/src/workloads/io_stress          ./io_stress
#18 CACHED

#19 exporting to image
#19 exporting layers 0.0s done
#19 exporting manifest sha256:902f01a4ea3a666cffa524fe10a9497e83b7eee85acc5aab5baf4130d84d8a22 0.0s done
#19 exporting config sha256:7f00aea0b4c61ce74bfef873a63debe28fbf469f2109e758273a42769b7821f6 0.0s done
#19 exporting attestation manifest sha256:a7886570cdab4cba2f272028113d727abdc16fa16ca298e8d45a0f71751b221e
#19 exporting attestation manifest sha256:a7886570cdab4cba2f272028113d727abdc16fa16ca298e8d45a0f71751b221e 0.1s done
#19 exporting manifest list sha256:c2afdc8471028f3a4a767d2d394d24313907b972de82425be4eb4c6d44818293
#19 exporting manifest list sha256:c2afdc8471028f3a4a767d2d394d24313907b972de82425be4eb4c6d44818293 0.1s done
#19 naming to docker.io/library/docker-baseline:latest 0.0s done
#19 unpacking to docker.io/library/docker-baseline:latest 0.1s done
#19 DONE 0.6s

#20 resolving provenance for metadata file
#20 DONE 0.1s
#1 [internal] load local bake definitions
#1 reading from stdin 561B done
#1 DONE 0.0s

#2 [internal] load build definition from Dockerfile.app
#2 transferring dockerfile: 1.81kB 0.0s done
#2 DONE 0.1s

#3 [internal] load metadata for docker.io/library/debian:bookworm-slim
#3 DONE 0.3s

#4 [internal] load .dockerignore
#4 transferring context: 68B 0.0s done
#4 DONE 0.1s

#5 [internal] load build context
#5 DONE 0.0s

#6 [builder 1/5] FROM docker.io/library/debian:bookworm-slim@sha256:0104b334637a5f19aa9c983a91b54c89887c0984081f2068983107a6f6c21eeb
#6 resolve docker.io/library/debian:bookworm-slim@sha256:0104b334637a5f19aa9c983a91b54c89887c0984081f2068983107a6f6c21eeb
#6 resolve docker.io/library/debian:bookworm-slim@sha256:0104b334637a5f19aa9c983a91b54c89887c0984081f2068983107a6f6c21eeb 0.2s done
#6 DONE 0.2s

#5 [internal] load build context
#5 transferring context: 18.55kB 0.0s done
#5 DONE 0.1s

#7 [builder 2/5] RUN apt-get update && apt-get install -y     build-essential     cmake     && rm -rf /var/lib/apt/lists/*
#7 CACHED

#8 [builder 3/5] WORKDIR /src
#8 CACHED

#9 [builder 4/5] COPY . .
#9 DONE 0.4s

#10 [builder 5/5] RUN cmake -B build -DCMAKE_BUILD_TYPE=Release . &&     cmake --build build --parallel
#10 1.073 -- The C compiler identification is GNU 12.2.0
#10 1.111 -- Detecting C compiler ABI info
#10 1.373 -- Detecting C compiler ABI info - done
#10 1.396 -- Check for working C compiler: /usr/bin/cc - skipped
#10 1.397 -- Detecting C compile features
#10 1.399 -- Detecting C compile features - done
#10 1.413 -- Configuring done
#10 1.488 -- Generating done
#10 1.500 -- Build files have been written to: /src/build
#10 1.701 [  2%] Building C object tests/CMakeFiles/unity.dir/unity/unity.c.o
#10 1.701 [  4%] Building C object src/core/CMakeFiles/perfanalyzer_core.dir/perf.c.o
#10 1.708 [  6%] Building C object src/core/CMakeFiles/perfanalyzer_core.dir/sampler_mem.c.o
#10 1.711 [  9%] Building C object src/core/CMakeFiles/perfanalyzer_core.dir/sampler_cpu.c.o
#10 1.717 [ 11%] Building C object src/core/CMakeFiles/perfanalyzer_core.dir/sampler_cgroup.c.o
#10 1.723 [ 18%] Building C object src/core/CMakeFiles/perfanalyzer_core.dir/sampler_io.c.o
#10 1.723 [ 18%] Building C object src/tools/CMakeFiles/container_monitor.dir/container_monitor.c.o
#10 1.730 [ 18%] Building C object src/core/CMakeFiles/perfanalyzer_core.dir/ring_buffer.c.o
#10 1.730 [ 20%] Building C object src/core/CMakeFiles/perfanalyzer_core.dir/profiler.c.o
#10 1.749 [ 22%] Building C object src/core/CMakeFiles/perfanalyzer_core.dir/exporter_json.c.o
#10 2.067 [ 25%] Linking C executable container_monitor
#10 2.089 [ 27%] Linking C static library libperfanalyzer_core.a
#10 2.116 [ 29%] Linking C static library libunity.a
#10 2.257 [ 29%] Built target unity
#10 2.272 [ 29%] Built target perfanalyzer_core
#10 2.462 [ 31%] Building C object tests/CMakeFiles/test_sampler_mem.dir/test_sampler_mem.c.o
#10 2.498 [ 34%] Building C object src/workloads/CMakeFiles/cpu_stress.dir/cpu_stress.c.o
#10 2.506 [ 36%] Building C object src/cli/CMakeFiles/perfctl.dir/perfctl.c.o
#10 2.513 [ 38%] Building C object tests/CMakeFiles/test_sampler_cpu.dir/test_sampler_cpu.c.o
#10 2.527 [ 40%] Building C object src/server/CMakeFiles/perfanalyzer_server.dir/main.c.o
#10 2.534 [ 43%] Building C object src/server/CMakeFiles/perfanalyzer_server.dir/http.c.o
#10 2.540 [ 45%] Building C object src/workloads/CMakeFiles/io_stress.dir/io_stress.c.o
#10 2.548 [ 47%] Building C object src/server/CMakeFiles/perfanalyzer_server.dir/routes.c.o
#10 2.549 [ 50%] Building C object src/workloads/CMakeFiles/cpu_stress_nosampler.dir/cpu_stress.c.o
#10 2.569 [ 52%] Building C object src/server/CMakeFiles/perfanalyzer_server.dir/dashboard.c.o
#10 2.574 [ 54%] Building C object src/workloads/CMakeFiles/io_stress_nosampler.dir/io_stress.c.o
#10 2.590 [ 59%] Building C object tests/CMakeFiles/test_exporter.dir/test_exporter.c.o
#10 2.604 [ 61%] Building C object tests/CMakeFiles/test_sampler_io.dir/test_sampler_io.c.o
#10 2.613 [ 61%] Building C object src/workloads/CMakeFiles/mem_stress.dir/mem_stress.c.o
#10 2.650 [ 63%] Building C object tests/CMakeFiles/test_profiler.dir/test_profiler.c.o
#10 2.664 [ 65%] Building C object src/workloads/CMakeFiles/mem_stress_nosampler.dir/mem_stress.c.o
#10 2.735 /src/tests/test_sampler_mem.c:8:6: warning: no previous prototype for 'test_mem_read_nonzero' [-Wmissing-prototypes]
#10 2.735     8 | void test_mem_read_nonzero(void)
#10 2.735       |      ^~~~~~~~~~~~~~~~~~~~~
#10 2.761 /src/src/server/dashboard.c:255:1: warning: string length '9524' is greater than the length '4095' ISO C99 compilers are required to support [-Woverlength-strings]
#10 2.761   255 | "</html>\n";
#10 2.761       | ^~~~~~~~~~~
#10 2.775 [ 68%] Building C object tests/CMakeFiles/test_ring_buffer.dir/test_ring_buffer.c.o
#10 2.815 /src/tests/test_exporter.c:8:6: warning: no previous prototype for 'test_sample_to_json_contains_keys' [-Wmissing-prototypes]
#10 2.815     8 | void test_sample_to_json_contains_keys(void)
#10 2.815       |      ^~~~~~~~~~~~~~~~~~~~~~~~~~~~~~~~~
#10 2.823 /src/tests/test_sampler_cpu.c:8:6: warning: no previous prototype for 'test_cpu_read_self' [-Wmissing-prototypes]
#10 2.823     8 | void test_cpu_read_self(void)
#10 2.823       |      ^~~~~~~~~~~~~~~~~~
#10 2.823 /src/tests/test_sampler_cpu.c:17:6: warning: no previous prototype for 'test_cpu_percent_negative_on_first' [-Wmissing-prototypes]
#10 2.823    17 | void test_cpu_percent_negative_on_first(void)
#10 2.823       |      ^~~~~~~~~~~~~~~~~~~~~~~~~~~~~~~~~~
#10 2.823 /src/tests/test_sampler_cpu.c:23:6: warning: no previous prototype for 'test_cpu_percent_range' [-Wmissing-prototypes]
#10 2.823    23 | void test_cpu_percent_range(void)
#10 2.823       |      ^~~~~~~~~~~~~~~~~~~~~~
#10 2.826 /src/tests/test_sampler_cpu.c: In function 'test_cpu_percent_range':
#10 2.826 /src/tests/test_sampler_cpu.c:31:5: warning: implicit declaration of function 'nanosleep' [-Wimplicit-function-declaration]
#10 2.826    31 |     nanosleep(&ts, NULL);
#10 2.826       |     ^~~~~~~~~
#10 2.850 /src/tests/test_sampler_io.c:8:6: warning: no previous prototype for 'test_io_read_ok' [-Wmissing-prototypes]
#10 2.850     8 | void test_io_read_ok(void)
#10 2.850       |      ^~~~~~~~~~~~~~~
#10 2.850 /src/tests/test_sampler_io.c:17:6: warning: no previous prototype for 'test_io_bad_path' [-Wmissing-prototypes]
#10 2.850    17 | void test_io_bad_path(void)
#10 2.850       |      ^~~~~~~~~~~~~~~~
#10 2.897 [ 70%] Linking C executable test_sampler_cpu
#10 2.903 /src/tests/test_sampler_mem.c:17:6: warning: no previous prototype for 'test_mem_peak_ge_rss' [-Wmissing-prototypes]
#10 2.903    17 | void test_mem_peak_ge_rss(void)
#10 2.903       |      ^~~~~~~~~~~~~~~~~~~~
#10 2.903 /src/tests/test_sampler_mem.c:25:6: warning: no previous prototype for 'test_mem_bad_path' [-Wmissing-prototypes]
#10 2.903    25 | void test_mem_bad_path(void)
#10 2.903       |      ^~~~~~~~~~~~~~~~~
#10 2.911 /src/tests/test_exporter.c:24:6: warning: no previous prototype for 'test_sample_to_json_buffer_too_small' [-Wmissing-prototypes]
#10 2.911    24 | void test_sample_to_json_buffer_too_small(void)
#10 2.911       |      ^~~~~~~~~~~~~~~~~~~~~~~~~~~~~~~~~~~~
#10 2.911 /src/tests/test_exporter.c:33:6: warning: no previous prototype for 'test_series_to_json_empty' [-Wmissing-prototypes]
#10 2.911    33 | void test_series_to_json_empty(void)
#10 2.911       |      ^~~~~~~~~~~~~~~~~~~~~~~~~
#10 2.943 [ 72%] Linking C executable cpu_stress_nosampler
#10 3.087 [ 75%] Linking C executable test_sampler_io
#10 3.117 [ 77%] Linking C executable cpu_stress
#10 3.134 [ 79%] Linking C executable perfctl
#10 3.143 [ 81%] Linking C executable test_sampler_mem
#10 3.150 /src/tests/test_profiler.c:13:6: warning: no previous prototype for 'test_probe_begin_end' [-Wmissing-prototypes]
#10 3.150    13 | void test_probe_begin_end(void)
#10 3.150       |      ^~~~~~~~~~~~~~~~~~~~
#10 3.151 /src/tests/test_profiler.c: In function 'test_probe_begin_end':
#10 3.154 [ 84%] Linking C executable mem_stress
#10 3.176 /src/tests/test_profiler.c:22:13: warning: implicit declaration of function 'nanosleep' [-Wimplicit-function-declaration]
#10 3.176    22 |             nanosleep(&ts, NULL);
#10 3.176       |             ^~~~~~~~~
#10 3.176 /src/tests/test_profiler.c: At top level:
#10 3.180 /src/tests/test_profiler.c:41:6: warning: no previous prototype for 'test_probe_reset' [-Wmissing-prototypes]
#10 3.180    41 | void test_probe_reset(void)
#10 3.180       |      ^~~~~~~~~~~~~~~~
#10 3.180 /src/tests/test_profiler.c:61:6: warning: no previous prototype for 'test_probe_percentiles' [-Wmissing-prototypes]
#10 3.180    61 | void test_probe_percentiles(void)
#10 3.180       |      ^~~~~~~~~~~~~~~~~~~~~~
#10 3.180 [ 86%] Linking C executable mem_stress_nosampler
#10 3.188 /src/tests/test_profiler.c: In function 'test_probe_percentiles':
#10 3.188 /src/tests/test_profiler.c:76:33: warning: implicit declaration of function 'malloc' [-Wimplicit-function-declaration]
#10 3.188    76 |     perf_probe_stats_t *stats = malloc(n * sizeof(*stats));
#10 3.188       |                                 ^~~~~~
#10 3.188 /src/tests/test_profiler.c:7:1: note: include '<stdlib.h>' or provide a declaration of 'malloc'
#10 3.188     6 | #include <string.h>
#10 3.188   +++ |+#include <stdlib.h>
#10 3.188     7 | 
#10 3.188 /src/tests/test_profiler.c:76:33: warning: incompatible implicit declaration of built-in function 'malloc' [-Wbuiltin-declaration-mismatch]
#10 3.188    76 |     perf_probe_stats_t *stats = malloc(n * sizeof(*stats));
#10 3.188       |                                 ^~~~~~
#10 3.188 /src/tests/test_profiler.c:76:33: note: include '<stdlib.h>' or provide a declaration of 'malloc'
#10 3.188 /src/tests/test_profiler.c:83:5: warning: implicit declaration of function 'free' [-Wimplicit-function-declaration]
#10 3.188    83 |     free(stats);
#10 3.188       |     ^~~~
#10 3.188 /src/tests/test_profiler.c:83:5: note: include '<stdlib.h>' or provide a declaration of 'free'
#10 3.188 /src/tests/test_profiler.c:83:5: warning: incompatible implicit declaration of built-in function 'free' [-Wbuiltin-declaration-mismatch]
#10 3.188 /src/tests/test_profiler.c:83:5: note: include '<stdlib.h>' or provide a declaration of 'free'
#10 3.189 /src/tests/test_ring_buffer.c:8:6: warning: no previous prototype for 'test_ring_push_drain' [-Wmissing-prototypes]
#10 3.189     8 | void test_ring_push_drain(void)
#10 3.189       |      ^~~~~~~~~~~~~~~~~~~~
#10 3.214 [ 88%] Linking C executable test_exporter
#10 3.222 /src/tests/test_ring_buffer.c:25:6: warning: no previous prototype for 'test_ring_empty_drain' [-Wmissing-prototypes]
#10 3.222    25 | void test_ring_empty_drain(void)
#10 3.222       |      ^~~~~~~~~~~~~~~~~~~~~
#10 3.223 /src/tests/test_ring_buffer.c:35:6: warning: no previous prototype for 'test_ring_overflow_keeps_newest' [-Wmissing-prototypes]
#10 3.223    35 | void test_ring_overflow_keeps_newest(void)
#10 3.223       |      ^~~~~~~~~~~~~~~~~~~~~~~~~~~~~~~
#10 3.254 [ 90%] Linking C executable io_stress
#10 3.362 [ 90%] Built target container_monitor
#10 3.388 [ 93%] Linking C executable io_stress_nosampler
#10 3.445 [ 95%] Linking C executable test_ring_buffer
#10 3.482 [ 97%] Linking C executable perfanalyzer_server
#10 3.509 [100%] Linking C executable test_profiler
#10 4.591 [100%] Built target test_exporter
#10 4.727 [100%] Built target test_sampler_mem
#10 4.738 [100%] Built target mem_stress_nosampler
#10 4.748 [100%] Built target test_sampler_cpu
#10 4.759 [100%] Built target test_sampler_io
#10 4.779 [100%] Built target io_stress
#10 4.787 [100%] Built target io_stress_nosampler
#10 4.939 [100%] Built target cpu_stress_nosampler
#10 5.000 [100%] Built target perfctl
#10 5.020 [100%] Built target mem_stress
#10 5.063 [100%] Built target test_ring_buffer
#10 5.156 [100%] Built target cpu_stress
#10 5.249 [100%] Built target test_profiler
#10 5.380 [100%] Built target perfanalyzer_server
#10 DONE 5.7s

#11 [runtime 7/9] COPY --from=builder /src/build/src/workloads/cpu_stress         ./cpu_stress
#11 CACHED

#12 [runtime 8/9] COPY --from=builder /src/build/src/workloads/mem_stress         ./mem_stress
#12 CACHED

#13 [runtime 2/9] RUN apt-get update && apt-get install -y --no-install-recommends     wget     && rm -rf /var/lib/apt/lists/*
#13 CACHED

#14 [runtime 3/9] WORKDIR /app
#14 CACHED

#15 [runtime 4/9] COPY --from=builder /src/build/src/server/perfanalyzer_server   ./perfanalyzer_server
#15 CACHED

#16 [runtime 5/9] COPY --from=builder /src/build/src/cli/perfctl                  ./perfctl
#16 CACHED

#17 [runtime 6/9] COPY --from=builder /src/build/src/tools/container_monitor      ./container_monitor
#17 CACHED

#18 [runtime 9/9] COPY --from=builder /src/build/src/workloads/io_stress          ./io_stress
#18 CACHED

#19 exporting to image
#19 exporting layers 0.0s done
#19 exporting manifest sha256:902f01a4ea3a666cffa524fe10a9497e83b7eee85acc5aab5baf4130d84d8a22 0.0s done
#19 exporting config sha256:7f00aea0b4c61ce74bfef873a63debe28fbf469f2109e758273a42769b7821f6 0.0s done
#19 exporting attestation manifest sha256:6806bac73b8c367b30d7bef9e0470685a2a49dfb199846ce34269fb51dcbb7ed
#19 exporting attestation manifest sha256:6806bac73b8c367b30d7bef9e0470685a2a49dfb199846ce34269fb51dcbb7ed 0.2s done
#19 exporting manifest list sha256:25b53f4d1ecc87b3f6014f8be3c2c637800982005511b16e39ad0a4aaa3ec6a2
#19 exporting manifest list sha256:25b53f4d1ecc87b3f6014f8be3c2c637800982005511b16e39ad0a4aaa3ec6a2 0.1s done
#19 naming to docker.io/library/docker-baseline:latest 0.0s done
#19 unpacking to docker.io/library/docker-baseline:latest
#19 unpacking to docker.io/library/docker-baseline:latest 0.1s done
#19 DONE 0.7s

#20 resolving provenance for metadata file
#20 DONE 0.1s
..............................
[0;32m[EXP][0m ─── DOCKER:cpu-limit | cpu_stress | intensidad=1 ───
#1 [internal] load local bake definitions
#1 reading from stdin 565B done
#1 DONE 0.0s

#2 [internal] load build definition from Dockerfile.app
#2 transferring dockerfile: 1.81kB 0.0s done
#2 DONE 0.1s

#3 [internal] load metadata for docker.io/library/debian:bookworm-slim
#3 DONE 0.9s

#4 [internal] load .dockerignore
#4 transferring context: 68B 0.0s done
#4 DONE 0.0s

#5 [builder 1/5] FROM docker.io/library/debian:bookworm-slim@sha256:0104b334637a5f19aa9c983a91b54c89887c0984081f2068983107a6f6c21eeb
#5 ...

#6 [internal] load build context
#6 DONE 0.0s

#5 [builder 1/5] FROM docker.io/library/debian:bookworm-slim@sha256:0104b334637a5f19aa9c983a91b54c89887c0984081f2068983107a6f6c21eeb
#5 resolve docker.io/library/debian:bookworm-slim@sha256:0104b334637a5f19aa9c983a91b54c89887c0984081f2068983107a6f6c21eeb 0.1s done
#5 DONE 0.2s

#6 [internal] load build context
#6 transferring context: 36.92kB 0.0s done
#6 DONE 0.1s

#7 [builder 2/5] RUN apt-get update && apt-get install -y     build-essential     cmake     && rm -rf /var/lib/apt/lists/*
#7 CACHED

#8 [builder 3/5] WORKDIR /src
#8 CACHED

#9 [builder 4/5] COPY . .
#9 DONE 0.4s

#10 [builder 5/5] RUN cmake -B build -DCMAKE_BUILD_TYPE=Release . &&     cmake --build build --parallel
#10 1.150 -- The C compiler identification is GNU 12.2.0
#10 1.190 -- Detecting C compiler ABI info
#10 1.439 -- Detecting C compiler ABI info - done
#10 1.460 -- Check for working C compiler: /usr/bin/cc - skipped
#10 1.461 -- Detecting C compile features
#10 1.463 -- Detecting C compile features - done
#10 1.478 -- Configuring done
#10 1.569 -- Generating done
#10 1.585 -- Build files have been written to: /src/build
#10 1.795 [  2%] Building C object src/core/CMakeFiles/perfanalyzer_core.dir/perf.c.o
#10 1.801 [  4%] Building C object src/core/CMakeFiles/perfanalyzer_core.dir/sampler_io.c.o
#10 1.812 [  6%] Building C object src/core/CMakeFiles/perfanalyzer_core.dir/sampler_mem.c.o
#10 1.826 [  9%] Building C object tests/CMakeFiles/unity.dir/unity/unity.c.o
#10 1.832 [ 11%] Building C object src/core/CMakeFiles/perfanalyzer_core.dir/sampler_cpu.c.o
#10 1.854 [ 13%] Building C object src/core/CMakeFiles/perfanalyzer_core.dir/sampler_cgroup.c.o
#10 1.860 [ 15%] Building C object src/tools/CMakeFiles/container_monitor.dir/container_monitor.c.o
#10 1.865 [ 18%] Building C object src/core/CMakeFiles/perfanalyzer_core.dir/exporter_json.c.o
#10 1.887 [ 20%] Building C object src/core/CMakeFiles/perfanalyzer_core.dir/profiler.c.o
#10 1.897 [ 22%] Building C object src/core/CMakeFiles/perfanalyzer_core.dir/ring_buffer.c.o
#10 2.259 [ 25%] Linking C executable container_monitor
#10 2.273 [ 27%] Linking C static library libunity.a
#10 2.306 [ 29%] Linking C static library libperfanalyzer_core.a
#10 2.422 [ 29%] Built target unity
#10 2.459 [ 29%] Built target perfanalyzer_core
#10 2.663 [ 31%] Building C object src/server/CMakeFiles/perfanalyzer_server.dir/http.c.o
#10 2.663 [ 34%] Building C object src/server/CMakeFiles/perfanalyzer_server.dir/main.c.o
#10 2.676 [ 36%] Building C object src/workloads/CMakeFiles/cpu_stress.dir/cpu_stress.c.o
#10 2.688 [ 38%] Building C object src/workloads/CMakeFiles/io_stress_nosampler.dir/io_stress.c.o
#10 2.693 [ 40%] Building C object src/server/CMakeFiles/perfanalyzer_server.dir/routes.c.o
#10 2.718 [ 43%] Building C object src/workloads/CMakeFiles/mem_stress.dir/mem_stress.c.o
#10 2.759 [ 47%] Building C object src/cli/CMakeFiles/perfctl.dir/perfctl.c.o
#10 2.774 [ 47%] Building C object src/server/CMakeFiles/perfanalyzer_server.dir/dashboard.c.o
#10 2.779 [ 50%] Building C object src/workloads/CMakeFiles/cpu_stress_nosampler.dir/cpu_stress.c.o
#10 2.783 [ 52%] Building C object src/workloads/CMakeFiles/mem_stress_nosampler.dir/mem_stress.c.o
#10 2.788 [ 54%] Building C object tests/CMakeFiles/test_sampler_mem.dir/test_sampler_mem.c.o
#10 2.803 [ 56%] Building C object tests/CMakeFiles/test_ring_buffer.dir/test_ring_buffer.c.o
#10 2.808 [ 59%] Building C object tests/CMakeFiles/test_exporter.dir/test_exporter.c.o
#10 2.814 [ 61%] Building C object tests/CMakeFiles/test_sampler_cpu.dir/test_sampler_cpu.c.o
#10 2.823 [ 63%] Building C object tests/CMakeFiles/test_sampler_io.dir/test_sampler_io.c.o
#10 2.869 [ 65%] Building C object src/workloads/CMakeFiles/io_stress.dir/io_stress.c.o
#10 2.925 /src/src/server/dashboard.c:255:1: warning: string length '9524' is greater than the length '4095' ISO C99 compilers are required to support [-Woverlength-strings]
#10 2.925   255 | "</html>\n";
#10 2.925       | ^~~~~~~~~~~
#10 2.963 [ 68%] Building C object tests/CMakeFiles/test_profiler.dir/test_profiler.c.o
#10 3.023 /src/tests/test_sampler_cpu.c:8:6: warning: no previous prototype for 'test_cpu_read_self' [-Wmissing-prototypes]
#10 3.023     8 | void test_cpu_read_self(void)
#10 3.023       |      ^~~~~~~~~~~~~~~~~~
#10 3.106 /src/tests/test_sampler_cpu.c:17:6: warning: no previous prototype for 'test_cpu_percent_negative_on_first' [-Wmissing-prototypes]
#10 3.106    17 | void test_cpu_percent_negative_on_first(void)
#10 3.106       |      ^~~~~~~~~~~~~~~~~~~~~~~~~~~~~~~~~~
#10 3.106 /src/tests/test_sampler_cpu.c:23:6: warning: no previous prototype for 'test_cpu_percent_range' [-Wmissing-prototypes]
#10 3.106    23 | void test_cpu_percent_range(void)
#10 3.106       |      ^~~~~~~~~~~~~~~~~~~~~~
#10 3.107 /src/tests/test_sampler_cpu.c: In function 'test_cpu_percent_range':
#10 3.107 /src/tests/test_sampler_cpu.c:31:5: warning: implicit declaration of function 'nanosleep' [-Wimplicit-function-declaration]
#10 3.107    31 |     nanosleep(&ts, NULL);
#10 3.107       |     ^~~~~~~~~
#10 3.122 /src/tests/test_sampler_mem.c:8:6: warning: no previous prototype for 'test_mem_read_nonzero' [-Wmissing-prototypes]
#10 3.122     8 | void test_mem_read_nonzero(void)
#10 3.122       |      ^~~~~~~~~~~~~~~~~~~~~
#10 3.129 /src/tests/test_sampler_mem.c:17:6: warning: no previous prototype for 'test_mem_peak_ge_rss' [-Wmissing-prototypes]
#10 3.129    17 | void test_mem_peak_ge_rss(void)
#10 3.129       |      ^~~~~~~~~~~~~~~~~~~~
#10 3.129 /src/tests/test_sampler_mem.c:25:6: warning: no previous prototype for 'test_mem_bad_path' [-Wmissing-prototypes]
#10 3.129    25 | void test_mem_bad_path(void)
#10 3.129       |      ^~~~~~~~~~~~~~~~~
#10 3.183 /src/tests/test_exporter.c:8:6: warning: no previous prototype for 'test_sample_to_json_contains_keys' [-Wmissing-prototypes]
#10 3.183     8 | void test_sample_to_json_contains_keys(void)
#10 3.183       |      ^~~~~~~~~~~~~~~~~~~~~~~~~~~~~~~~~
#10 3.209 /src/tests/test_ring_buffer.c:8:6: warning: no previous prototype for 'test_ring_push_drain' [-Wmissing-prototypes]
#10 3.209     8 | void test_ring_push_drain(void)
#10 3.209       |      ^~~~~~~~~~~~~~~~~~~~
#10 3.210 /src/tests/test_ring_buffer.c:25:6: warning: no previous prototype for 'test_ring_empty_drain' [-Wmissing-prototypes]
#10 3.210    25 | void test_ring_empty_drain(void)
#10 3.210       |      ^~~~~~~~~~~~~~~~~~~~~
#10 3.210 /src/tests/test_ring_buffer.c:35:6: warning: no previous prototype for 'test_ring_overflow_keeps_newest' [-Wmissing-prototypes]
#10 3.210    35 | void test_ring_overflow_keeps_newest(void)
#10 3.210       |      ^~~~~~~~~~~~~~~~~~~~~~~~~~~~~~~
#10 3.215 /src/tests/test_exporter.c:24:6: warning: no previous prototype for 'test_sample_to_json_buffer_too_small' [-Wmissing-prototypes]
#10 3.215    24 | void test_sample_to_json_buffer_too_small(void)
#10 3.215       |      ^~~~~~~~~~~~~~~~~~~~~~~~~~~~~~~~~~~~
#10 3.216 /src/tests/test_exporter.c:33:6: warning: no previous prototype for 'test_series_to_json_empty' [-Wmissing-prototypes]
#10 3.216    33 | void test_series_to_json_empty(void)
#10 3.216       |      ^~~~~~~~~~~~~~~~~~~~~~~~~
#10 3.223 [ 70%] Linking C executable cpu_stress
#10 3.261 [ 72%] Linking C executable io_stress_nosampler
#10 3.266 [ 75%] Linking C executable mem_stress_nosampler
#10 3.298 [ 77%] Linking C executable cpu_stress_nosampler
#10 3.298 [ 79%] Linking C executable perfanalyzer_server
#10 3.324 /src/tests/test_sampler_io.c:8:6: warning: no previous prototype for 'test_io_read_ok' [-Wmissing-prototypes]
#10 3.324     8 | void test_io_read_ok(void)
#10 3.324       |      ^~~~~~~~~~~~~~~
#10 3.328 /src/tests/test_sampler_io.c:17:6: warning: no previous prototype for 'test_io_bad_path' [-Wmissing-prototypes]
#10 3.328    17 | void test_io_bad_path(void)
#10 3.328       |      ^~~~~~~~~~~~~~~~
#10 3.362 [ 84%] Linking C executable test_sampler_mem
#10 3.369 [ 84%] Linking C executable test_sampler_cpu
#10 3.440 /src/tests/test_profiler.c:13:6: warning: no previous prototype for 'test_probe_begin_end' [-Wmissing-prototypes]
#10 3.440    13 | void test_probe_begin_end(void)
#10 3.440       |      ^~~~~~~~~~~~~~~~~~~~
#10 3.453 [ 86%] Linking C executable test_exporter
#10 3.458 /src/tests/test_profiler.c: In function 'test_probe_begin_end':
#10 3.463 /src/tests/test_profiler.c:22:13: warning: implicit declaration of function 'nanosleep' [-Wimplicit-function-declaration]
#10 3.463    22 |             nanosleep(&ts, NULL);
#10 3.463       |             ^~~~~~~~~
#10 3.474 /src/tests/test_profiler.c: At top level:
#10 3.478 /src/tests/test_profiler.c:41:6: warning: no previous prototype for 'test_probe_reset' [-Wmissing-prototypes]
#10 3.478    41 | void test_probe_reset(void)
#10 3.478       |      ^~~~~~~~~~~~~~~~
#10 3.480 /src/tests/test_profiler.c:61:6: warning: no previous prototype for 'test_probe_percentiles' [-Wmissing-prototypes]
#10 3.480    61 | void test_probe_percentiles(void)
#10 3.480       |      ^~~~~~~~~~~~~~~~~~~~~~
#10 3.485 /src/tests/test_profiler.c: In function 'test_probe_percentiles':
#10 3.485 [ 90%] Linking C executable io_stress
#10 3.488 /src/tests/test_profiler.c:76:33: warning: implicit declaration of function 'malloc' [-Wimplicit-function-declaration]
#10 3.488    76 |     perf_probe_stats_t *stats = malloc(n * sizeof(*stats));
#10 3.488       |                                 ^~~~~~
#10 3.489 [ 90%] Linking C executable test_ring_buffer
#10 3.491 [ 93%] Linking C executable mem_stress
#10 3.492 /src/tests/test_profiler.c:7:1: note: include '<stdlib.h>' or provide a declaration of 'malloc'
#10 3.492     6 | #include <string.h>
#10 3.492   +++ |+#include <stdlib.h>
#10 3.492     7 | 
#10 3.496 /src/tests/test_profiler.c:76:33: warning: incompatible implicit declaration of built-in function 'malloc' [-Wbuiltin-declaration-mismatch]
#10 3.496    76 |     perf_probe_stats_t *stats = malloc(n * sizeof(*stats));
#10 3.496       |                                 ^~~~~~
#10 3.496 /src/tests/test_profiler.c:76:33: note: include '<stdlib.h>' or provide a declaration of 'malloc'
#10 3.501 /src/tests/test_profiler.c:83:5: warning: implicit declaration of function 'free' [-Wimplicit-function-declaration]
#10 3.501    83 |     free(stats);
#10 3.501       |     ^~~~
#10 3.504 /src/tests/test_profiler.c:83:5: note: include '<stdlib.h>' or provide a declaration of 'free'
#10 3.506 /src/tests/test_profiler.c:83:5: warning: incompatible implicit declaration of built-in function 'free' [-Wbuiltin-declaration-mismatch]
#10 3.508 /src/tests/test_profiler.c:83:5: note: include '<stdlib.h>' or provide a declaration of 'free'
#10 3.530 [ 95%] Linking C executable perfctl
#10 3.621 [ 97%] Linking C executable test_sampler_io
#10 3.683 [ 97%] Built target container_monitor
#10 3.764 [100%] Linking C executable test_profiler
#10 4.751 [100%] Built target test_ring_buffer
#10 4.803 [100%] Built target mem_stress_nosampler
#10 4.887 [100%] Built target test_sampler_io
#10 4.929 [100%] Built target test_exporter
#10 4.942 [100%] Built target io_stress_nosampler
#10 4.968 [100%] Built target cpu_stress_nosampler
#10 4.974 [100%] Built target test_sampler_mem
#10 5.013 [100%] Built target perfctl
#10 5.049 [100%] Built target test_sampler_cpu
#10 5.220 [100%] Built target io_stress
#10 5.272 [100%] Built target mem_stress
#10 5.470 [100%] Built target cpu_stress
#10 5.525 [100%] Built target test_profiler
#10 5.673 [100%] Built target perfanalyzer_server
#10 DONE 6.0s

#11 [runtime 7/9] COPY --from=builder /src/build/src/workloads/cpu_stress         ./cpu_stress
#11 CACHED

#12 [runtime 8/9] COPY --from=builder /src/build/src/workloads/mem_stress         ./mem_stress
#12 CACHED

#13 [runtime 2/9] RUN apt-get update && apt-get install -y --no-install-recommends     wget     && rm -rf /var/lib/apt/lists/*
#13 CACHED

#14 [runtime 3/9] WORKDIR /app
#14 CACHED

#15 [runtime 4/9] COPY --from=builder /src/build/src/server/perfanalyzer_server   ./perfanalyzer_server
#15 CACHED

#16 [runtime 5/9] COPY --from=builder /src/build/src/cli/perfctl                  ./perfctl
#16 CACHED

#17 [runtime 6/9] COPY --from=builder /src/build/src/tools/container_monitor      ./container_monitor
#17 CACHED

#18 [runtime 9/9] COPY --from=builder /src/build/src/workloads/io_stress          ./io_stress
#18 CACHED

#19 exporting to image
#19 exporting layers 0.0s done
#19 exporting manifest sha256:f3573c3c5a52ae41d4b61afc565f1f7998c40771df25e27385303c4b2ff3d12b 0.1s done
#19 exporting config sha256:b670cb7e8a89894e732aafbd53de9ede0f182e60d0c9d1547acad0b199695aff
#19 exporting config sha256:b670cb7e8a89894e732aafbd53de9ede0f182e60d0c9d1547acad0b199695aff 0.1s done
#19 exporting attestation manifest sha256:f15a6a4b34b3ae0e7777f22e9e5f1e0f8d79d7afb5fba155c587393dfe4c201b
#19 exporting attestation manifest sha256:f15a6a4b34b3ae0e7777f22e9e5f1e0f8d79d7afb5fba155c587393dfe4c201b 0.1s done
#19 exporting manifest list sha256:b274ddc7616e0164838515fdddb4091c5ac5afbcc587e704579ebcc9ca8a5298
#19 exporting manifest list sha256:b274ddc7616e0164838515fdddb4091c5ac5afbcc587e704579ebcc9ca8a5298 0.1s done
#19 naming to docker.io/library/docker-cpu-limit:latest 0.0s done
#19 unpacking to docker.io/library/docker-cpu-limit:latest 0.1s done
#19 DONE 0.7s

#20 resolving provenance for metadata file
#20 DONE 0.1s
#1 [internal] load local bake definitions
#1 reading from stdin 565B done
#1 DONE 0.0s

#2 [internal] load build definition from Dockerfile.app
#2 transferring dockerfile: 1.81kB 0.0s done
#2 DONE 0.1s

#3 [internal] load metadata for docker.io/library/debian:bookworm-slim
#3 DONE 0.3s

#4 [internal] load .dockerignore
#4 transferring context: 68B 0.0s done
#4 DONE 0.1s

#5 [internal] load build context
#5 DONE 0.0s

#6 [builder 1/5] FROM docker.io/library/debian:bookworm-slim@sha256:0104b334637a5f19aa9c983a91b54c89887c0984081f2068983107a6f6c21eeb
#6 resolve docker.io/library/debian:bookworm-slim@sha256:0104b334637a5f19aa9c983a91b54c89887c0984081f2068983107a6f6c21eeb
#6 resolve docker.io/library/debian:bookworm-slim@sha256:0104b334637a5f19aa9c983a91b54c89887c0984081f2068983107a6f6c21eeb 0.1s done
#6 DONE 0.2s

#5 [internal] load build context
#5 transferring context: 46.45kB 0.0s done
#5 DONE 0.1s

#7 [builder 2/5] RUN apt-get update && apt-get install -y     build-essential     cmake     && rm -rf /var/lib/apt/lists/*
#7 CACHED

#8 [builder 3/5] WORKDIR /src
#8 CACHED

#9 [builder 4/5] COPY . .
#9 DONE 0.3s

#10 [builder 5/5] RUN cmake -B build -DCMAKE_BUILD_TYPE=Release . &&     cmake --build build --parallel
#10 1.097 -- The C compiler identification is GNU 12.2.0
#10 1.132 -- Detecting C compiler ABI info
#10 1.389 -- Detecting C compiler ABI info - done
#10 1.412 -- Check for working C compiler: /usr/bin/cc - skipped
#10 1.412 -- Detecting C compile features
#10 1.414 -- Detecting C compile features - done
#10 1.430 -- Configuring done
#10 1.536 -- Generating done
#10 1.551 -- Build files have been written to: /src/build
#10 1.791 [  2%] Building C object tests/CMakeFiles/unity.dir/unity/unity.c.o
#10 1.801 [  6%] Building C object src/core/CMakeFiles/perfanalyzer_core.dir/perf.c.o
#10 1.801 [  4%] Building C object src/tools/CMakeFiles/container_monitor.dir/container_monitor.c.o
#10 1.825 [  9%] Building C object src/core/CMakeFiles/perfanalyzer_core.dir/sampler_mem.c.o
#10 1.859 [ 11%] Building C object src/core/CMakeFiles/perfanalyzer_core.dir/sampler_cpu.c.o
#10 1.885 [ 13%] Building C object src/core/CMakeFiles/perfanalyzer_core.dir/ring_buffer.c.o
#10 1.891 [ 15%] Building C object src/core/CMakeFiles/perfanalyzer_core.dir/profiler.c.o
#10 1.905 [ 18%] Building C object src/core/CMakeFiles/perfanalyzer_core.dir/sampler_io.c.o
#10 1.947 [ 20%] Building C object src/core/CMakeFiles/perfanalyzer_core.dir/exporter_json.c.o
#10 1.961 [ 22%] Building C object src/core/CMakeFiles/perfanalyzer_core.dir/sampler_cgroup.c.o
#10 2.227 [ 25%] Linking C executable container_monitor
#10 2.352 [ 27%] Linking C static library libperfanalyzer_core.a
#10 2.362 [ 29%] Linking C static library libunity.a
#10 2.501 [ 29%] Built target unity
#10 2.514 [ 29%] Built target perfanalyzer_core
#10 2.663 [ 31%] Building C object src/cli/CMakeFiles/perfctl.dir/perfctl.c.o
#10 2.749 [ 34%] Building C object src/workloads/CMakeFiles/cpu_stress_nosampler.dir/cpu_stress.c.o
#10 2.764 [ 38%] Building C object src/server/CMakeFiles/perfanalyzer_server.dir/routes.c.o
#10 2.767 [ 40%] Building C object src/server/CMakeFiles/perfanalyzer_server.dir/main.c.o
#10 2.774 [ 43%] Building C object src/server/CMakeFiles/perfanalyzer_server.dir/dashboard.c.o
#10 2.794 [ 38%] Building C object src/workloads/CMakeFiles/mem_stress.dir/mem_stress.c.o
#10 2.807 [ 45%] Building C object tests/CMakeFiles/test_sampler_cpu.dir/test_sampler_cpu.c.o
#10 2.828 [ 47%] Building C object src/workloads/CMakeFiles/cpu_stress.dir/cpu_stress.c.o
#10 2.840 [ 50%] Building C object tests/CMakeFiles/test_ring_buffer.dir/test_ring_buffer.c.o
#10 2.874 [ 52%] Building C object tests/CMakeFiles/test_exporter.dir/test_exporter.c.o
#10 2.891 [ 54%] Building C object tests/CMakeFiles/test_sampler_mem.dir/test_sampler_mem.c.o
#10 2.918 [ 56%] Building C object src/server/CMakeFiles/perfanalyzer_server.dir/http.c.o
#10 2.929 [ 59%] Building C object src/workloads/CMakeFiles/mem_stress_nosampler.dir/mem_stress.c.o
#10 2.937 /src/src/server/dashboard.c:255:1: warning: string length '9524' is greater than the length '4095' ISO C99 compilers are required to support [-Woverlength-strings]
#10 2.937   255 | "</html>\n";
#10 2.937       | ^~~~~~~~~~~
#10 2.944 [ 61%] Building C object src/workloads/CMakeFiles/io_stress_nosampler.dir/io_stress.c.o
#10 3.008 [ 63%] Building C object src/workloads/CMakeFiles/io_stress.dir/io_stress.c.o
#10 3.029 [ 65%] Building C object tests/CMakeFiles/test_sampler_io.dir/test_sampler_io.c.o
#10 3.042 [ 68%] Building C object tests/CMakeFiles/test_profiler.dir/test_profiler.c.o
#10 3.079 /src/tests/test_ring_buffer.c:8:6: warning: no previous prototype for 'test_ring_push_drain' [-Wmissing-prototypes]
#10 3.079     8 | void test_ring_push_drain(void)
#10 3.079       |      ^~~~~~~~~~~~~~~~~~~~
#10 3.079 /src/tests/test_ring_buffer.c:25:6: warning: no previous prototype for 'test_ring_empty_drain' [-Wmissing-prototypes]
#10 3.079    25 | void test_ring_empty_drain(void)
#10 3.079       |      ^~~~~~~~~~~~~~~~~~~~~
#10 3.081 /src/tests/test_ring_buffer.c:35:6: warning: no previous prototype for 'test_ring_overflow_keeps_newest' [-Wmissing-prototypes]
#10 3.081    35 | void test_ring_overflow_keeps_newest(void)
#10 3.081       |      ^~~~~~~~~~~~~~~~~~~~~~~~~~~~~~~
#10 3.137 /src/tests/test_sampler_mem.c:8:6: warning: no previous prototype for 'test_mem_read_nonzero' [-Wmissing-prototypes]
#10 3.137     8 | void test_mem_read_nonzero(void)
#10 3.137       |      ^~~~~~~~~~~~~~~~~~~~~
#10 3.158 /src/tests/test_exporter.c:8:6: warning: no previous prototype for 'test_sample_to_json_contains_keys' [-Wmissing-prototypes]
#10 3.158     8 | void test_sample_to_json_contains_keys(void)
#10 3.158       |      ^~~~~~~~~~~~~~~~~~~~~~~~~~~~~~~~~
#10 3.161 /src/tests/test_exporter.c:24:6: warning: no previous prototype for 'test_sample_to_json_buffer_too_small' [-Wmissing-prototypes]
#10 3.161    24 | void test_sample_to_json_buffer_too_small(void)
#10 3.161       |      ^~~~~~~~~~~~~~~~~~~~~~~~~~~~~~~~~~~~
#10 3.161 /src/tests/test_exporter.c:33:6: warning: no previous prototype for 'test_series_to_json_empty' [-Wmissing-prototypes]
#10 3.161    33 | void test_series_to_json_empty(void)
#10 3.161       |      ^~~~~~~~~~~~~~~~~~~~~~~~~
#10 3.202 /src/tests/test_sampler_mem.c:17:6: warning: no previous prototype for 'test_mem_peak_ge_rss' [-Wmissing-prototypes]
#10 3.202    17 | void test_mem_peak_ge_rss(void)
#10 3.202       |      ^~~~~~~~~~~~~~~~~~~~
#10 3.205 /src/tests/test_sampler_mem.c:25:6: warning: no previous prototype for 'test_mem_bad_path' [-Wmissing-prototypes]
#10 3.205    25 | void test_mem_bad_path(void)
#10 3.205       |      ^~~~~~~~~~~~~~~~~
#10 3.208 /src/tests/test_sampler_cpu.c:8:6: warning: no previous prototype for 'test_cpu_read_self' [-Wmissing-prototypes]
#10 3.208     8 | void test_cpu_read_self(void)
#10 3.208       |      ^~~~~~~~~~~~~~~~~~
#10 3.218 /src/tests/test_sampler_cpu.c:17:6: warning: no previous prototype for 'test_cpu_percent_negative_on_first' [-Wmissing-prototypes]
#10 3.218    17 | void test_cpu_percent_negative_on_first(void)
#10 3.218       |      ^~~~~~~~~~~~~~~~~~~~~~~~~~~~~~~~~~
#10 3.218 /src/tests/test_sampler_cpu.c:23:6: warning: no previous prototype for 'test_cpu_percent_range' [-Wmissing-prototypes]
#10 3.218    23 | void test_cpu_percent_range(void)
#10 3.218       |      ^~~~~~~~~~~~~~~~~~~~~~
#10 3.219 /src/tests/test_sampler_cpu.c: In function 'test_cpu_percent_range':
#10 3.219 /src/tests/test_sampler_cpu.c:31:5: warning: implicit declaration of function 'nanosleep' [-Wimplicit-function-declaration]
#10 3.219    31 |     nanosleep(&ts, NULL);
#10 3.219       |     ^~~~~~~~~
#10 3.266 [ 70%] Linking C executable mem_stress
#10 3.283 [ 70%] Built target container_monitor
#10 3.295 [ 72%] Linking C executable test_ring_buffer
#10 3.320 [ 75%] Linking C executable cpu_stress_nosampler
#10 3.331 [ 77%] Linking C executable cpu_stress
#10 3.356 /src/tests/test_sampler_io.c:8:6: warning: no previous prototype for 'test_io_read_ok' [-Wmissing-prototypes]
#10 3.356     8 | void test_io_read_ok(void)
#10 3.356       |      ^~~~~~~~~~~~~~~
#10 3.372 /src/tests/test_profiler.c:13:6: warning: no previous prototype for 'test_probe_begin_end' [-Wmissing-prototypes]
#10 3.372    13 | void test_probe_begin_end(void)
#10 3.372       |      ^~~~~~~~~~~~~~~~~~~~
#10 3.380 /src/tests/test_profiler.c: In function 'test_probe_begin_end':
#10 3.380 /src/tests/test_profiler.c:22:13: warning: implicit declaration of function 'nanosleep' [-Wimplicit-function-declaration]
#10 3.380    22 |             nanosleep(&ts, NULL);
#10 3.380       |             ^~~~~~~~~
#10 3.380 /src/tests/test_sampler_io.c:17:6: warning: no previous prototype for 'test_io_bad_path' [-Wmissing-prototypes]
#10 3.380    17 | void test_io_bad_path(void)
#10 3.380       |      ^~~~~~~~~~~~~~~~
#10 3.381 /src/tests/test_profiler.c: At top level:
#10 3.386 /src/tests/test_profiler.c:41:6: warning: no previous prototype for 'test_probe_reset' [-Wmissing-prototypes]
#10 3.386    41 | void test_probe_reset(void)
#10 3.386       |      ^~~~~~~~~~~~~~~~
#10 3.388 [ 81%] Linking C executable mem_stress_nosampler
#10 3.390 /src/tests/test_profiler.c:61:6: warning: no previous prototype for 'test_probe_percentiles' [-Wmissing-prototypes]
#10 3.390    61 | void test_probe_percentiles(void)
#10 3.390       |      ^~~~~~~~~~~~~~~~~~~~~~
#10 3.401 [ 84%] Linking C executable test_sampler_cpu
#10 3.402 [ 84%] Linking C executable test_exporter
#10 3.403 /src/tests/test_profiler.c: In function 'test_probe_percentiles':
#10 3.403 /src/tests/test_profiler.c:76:33: warning: implicit declaration of function 'malloc' [-Wimplicit-function-declaration]
#10 3.403    76 |     perf_probe_stats_t *stats = malloc(n * sizeof(*stats));
#10 3.403       |                                 ^~~~~~
#10 3.403 /src/tests/test_profiler.c:7:1: note: include '<stdlib.h>' or provide a declaration of 'malloc'
#10 3.403     6 | #include <string.h>
#10 3.403   +++ |+#include <stdlib.h>
#10 3.403     7 | 
#10 3.403 /src/tests/test_profiler.c:76:33: warning: incompatible implicit declaration of built-in function 'malloc' [-Wbuiltin-declaration-mismatch]
#10 3.403    76 |     perf_probe_stats_t *stats = malloc(n * sizeof(*stats));
#10 3.403       |                                 ^~~~~~
#10 3.403 /src/tests/test_profiler.c:76:33: note: include '<stdlib.h>' or provide a declaration of 'malloc'
#10 3.403 /src/tests/test_profiler.c:83:5: warning: implicit declaration of function 'free' [-Wimplicit-function-declaration]
#10 3.403    83 |     free(stats);
#10 3.403       |     ^~~~
#10 3.403 /src/tests/test_profiler.c:83:5: note: include '<stdlib.h>' or provide a declaration of 'free'
#10 3.403 /src/tests/test_profiler.c:83:5: warning: incompatible implicit declaration of built-in function 'free' [-Wbuiltin-declaration-mismatch]
#10 3.403 /src/tests/test_profiler.c:83:5: note: include '<stdlib.h>' or provide a declaration of 'free'
#10 3.431 [ 86%] Linking C executable perfctl
#10 3.447 [ 88%] Linking C executable test_sampler_mem
#10 3.524 [ 90%] Linking C executable perfanalyzer_server
#10 3.536 [ 93%] Linking C executable io_stress_nosampler
#10 3.596 [ 95%] Linking C executable io_stress
#10 3.616 [ 97%] Linking C executable test_sampler_io
#10 3.624 [100%] Linking C executable test_profiler
#10 4.562 [100%] Built target test_sampler_cpu
#10 4.734 [100%] Built target test_ring_buffer
#10 4.742 [100%] Built target test_sampler_io
#10 4.781 [100%] Built target test_exporter
#10 4.805 [100%] Built target test_sampler_mem
#10 4.829 [100%] Built target mem_stress_nosampler
#10 5.047 [100%] Built target io_stress_nosampler
#10 5.146 [100%] Built target mem_stress
#10 5.289 [100%] Built target perfctl
#10 5.317 [100%] Built target cpu_stress_nosampler
#10 5.317 [100%] Built target test_profiler
#10 5.352 [100%] Built target io_stress
#10 5.428 [100%] Built target cpu_stress
#10 5.461 [100%] Built target perfanalyzer_server
#10 DONE 5.8s

#11 [runtime 3/9] WORKDIR /app
#11 CACHED

#12 [runtime 4/9] COPY --from=builder /src/build/src/server/perfanalyzer_server   ./perfanalyzer_server
#12 CACHED

#13 [runtime 5/9] COPY --from=builder /src/build/src/cli/perfctl                  ./perfctl
#13 CACHED

#14 [runtime 6/9] COPY --from=builder /src/build/src/tools/container_monitor      ./container_monitor
#14 CACHED

#15 [runtime 7/9] COPY --from=builder /src/build/src/workloads/cpu_stress         ./cpu_stress
#15 CACHED

#16 [runtime 8/9] COPY --from=builder /src/build/src/workloads/mem_stress         ./mem_stress
#16 CACHED

#17 [runtime 2/9] RUN apt-get update && apt-get install -y --no-install-recommends     wget     && rm -rf /var/lib/apt/lists/*
#17 CACHED

#18 [runtime 9/9] COPY --from=builder /src/build/src/workloads/io_stress          ./io_stress
#18 CACHED

#19 exporting to image
#19 exporting layers 0.0s done
#19 exporting manifest sha256:f3573c3c5a52ae41d4b61afc565f1f7998c40771df25e27385303c4b2ff3d12b 0.0s done
#19 exporting config sha256:b670cb7e8a89894e732aafbd53de9ede0f182e60d0c9d1547acad0b199695aff 0.0s done
#19 exporting attestation manifest sha256:16473065590686d42b2d35afb609eb495bbf33655deb1807812f18b3eff2f669
#19 exporting attestation manifest sha256:16473065590686d42b2d35afb609eb495bbf33655deb1807812f18b3eff2f669 0.2s done
#19 exporting manifest list sha256:4d943e05626f42b7fb5969b79ff9a29d4a9c2a06e6b6413d42bea702f6fab2ee
#19 exporting manifest list sha256:4d943e05626f42b7fb5969b79ff9a29d4a9c2a06e6b6413d42bea702f6fab2ee 0.1s done
#19 naming to docker.io/library/docker-cpu-limit:latest
#19 naming to docker.io/library/docker-cpu-limit:latest 0.0s done
#19 unpacking to docker.io/library/docker-cpu-limit:latest 0.1s done
#19 DONE 0.8s

#20 resolving provenance for metadata file
#20 DONE 0.1s
..............................
[0;32m[EXP][0m ─── DOCKER:mem-limit | cpu_stress | intensidad=1 ───
#1 [internal] load local bake definitions
#1 reading from stdin 565B done
#1 DONE 0.0s

#2 [internal] load build definition from Dockerfile.app
#2 transferring dockerfile: 1.81kB 0.0s done
#2 DONE 0.0s

#3 [internal] load metadata for docker.io/library/debian:bookworm-slim
#3 DONE 1.0s

#4 [internal] load .dockerignore
#4 transferring context: 68B 0.0s done
#4 DONE 0.1s

#5 [internal] load build context
#5 DONE 0.0s

#6 [builder 1/5] FROM docker.io/library/debian:bookworm-slim@sha256:0104b334637a5f19aa9c983a91b54c89887c0984081f2068983107a6f6c21eeb
#6 resolve docker.io/library/debian:bookworm-slim@sha256:0104b334637a5f19aa9c983a91b54c89887c0984081f2068983107a6f6c21eeb
#6 resolve docker.io/library/debian:bookworm-slim@sha256:0104b334637a5f19aa9c983a91b54c89887c0984081f2068983107a6f6c21eeb 0.2s done
#6 DONE 0.2s

#5 [internal] load build context
#5 transferring context: 67.04kB 0.0s done
#5 DONE 0.1s

#7 [builder 2/5] RUN apt-get update && apt-get install -y     build-essential     cmake     && rm -rf /var/lib/apt/lists/*
#7 CACHED

#8 [builder 3/5] WORKDIR /src
#8 CACHED

#9 [builder 4/5] COPY . .
#9 DONE 0.4s

#10 [builder 5/5] RUN cmake -B build -DCMAKE_BUILD_TYPE=Release . &&     cmake --build build --parallel
#10 1.082 -- The C compiler identification is GNU 12.2.0
#10 1.118 -- Detecting C compiler ABI info
#10 1.356 -- Detecting C compiler ABI info - done
#10 1.377 -- Check for working C compiler: /usr/bin/cc - skipped
#10 1.378 -- Detecting C compile features
#10 1.382 -- Detecting C compile features - done
#10 1.393 -- Configuring done
#10 1.506 -- Generating done
#10 1.506 -- Build files have been written to: /src/build
#10 1.710 [  2%] Building C object src/tools/CMakeFiles/container_monitor.dir/container_monitor.c.o
#10 1.715 [  4%] Building C object tests/CMakeFiles/unity.dir/unity/unity.c.o
#10 1.722 [  6%] Building C object src/core/CMakeFiles/perfanalyzer_core.dir/sampler_mem.c.o
#10 1.726 [  9%] Building C object src/core/CMakeFiles/perfanalyzer_core.dir/perf.c.o
#10 1.732 [ 11%] Building C object src/core/CMakeFiles/perfanalyzer_core.dir/sampler_cpu.c.o
#10 1.782 [ 13%] Building C object src/core/CMakeFiles/perfanalyzer_core.dir/sampler_io.c.o
#10 1.782 [ 15%] Building C object src/core/CMakeFiles/perfanalyzer_core.dir/sampler_cgroup.c.o
#10 1.784 [ 18%] Building C object src/core/CMakeFiles/perfanalyzer_core.dir/exporter_json.c.o
#10 1.785 [ 20%] Building C object src/core/CMakeFiles/perfanalyzer_core.dir/ring_buffer.c.o
#10 1.797 [ 22%] Building C object src/core/CMakeFiles/perfanalyzer_core.dir/profiler.c.o
#10 2.048 [ 25%] Linking C executable container_monitor
#10 2.107 [ 27%] Linking C static library libunity.a
#10 2.194 [ 29%] Linking C static library libperfanalyzer_core.a
#10 2.267 [ 29%] Built target unity
#10 2.362 [ 29%] Built target perfanalyzer_core
#10 2.543 [ 34%] Building C object src/workloads/CMakeFiles/io_stress.dir/io_stress.c.o
#10 2.548 [ 31%] Building C object src/server/CMakeFiles/perfanalyzer_server.dir/main.c.o
#10 2.568 [ 36%] Building C object src/workloads/CMakeFiles/cpu_stress_nosampler.dir/cpu_stress.c.o
#10 2.589 [ 40%] Building C object src/workloads/CMakeFiles/cpu_stress.dir/cpu_stress.c.o
#10 2.589 [ 40%] Building C object src/server/CMakeFiles/perfanalyzer_server.dir/dashboard.c.o
#10 2.601 [ 43%] Building C object src/server/CMakeFiles/perfanalyzer_server.dir/routes.c.o
#10 2.623 [ 45%] Building C object src/workloads/CMakeFiles/io_stress_nosampler.dir/io_stress.c.o
#10 2.628 [ 47%] Building C object src/cli/CMakeFiles/perfctl.dir/perfctl.c.o
#10 2.633 [ 50%] Building C object src/server/CMakeFiles/perfanalyzer_server.dir/http.c.o
#10 2.658 [ 52%] Building C object tests/CMakeFiles/test_sampler_cpu.dir/test_sampler_cpu.c.o
#10 2.665 [ 54%] Building C object src/workloads/CMakeFiles/mem_stress_nosampler.dir/mem_stress.c.o
#10 2.693 [ 56%] Building C object tests/CMakeFiles/test_sampler_io.dir/test_sampler_io.c.o
#10 2.722 [ 59%] Building C object src/workloads/CMakeFiles/mem_stress.dir/mem_stress.c.o
#10 2.761 [ 61%] Building C object tests/CMakeFiles/test_sampler_mem.dir/test_sampler_mem.c.o
#10 2.771 /src/src/server/dashboard.c:255:1: warning: string length '9524' is greater than the length '4095' ISO C99 compilers are required to support [-Woverlength-strings]
#10 2.771   255 | "</html>\n";
#10 2.771       | ^~~~~~~~~~~
#10 2.787 [ 63%] Building C object tests/CMakeFiles/test_profiler.dir/test_profiler.c.o
#10 2.800 [ 65%] Building C object tests/CMakeFiles/test_exporter.dir/test_exporter.c.o
#10 2.824 [ 68%] Building C object tests/CMakeFiles/test_ring_buffer.dir/test_ring_buffer.c.o
#10 3.000 /src/tests/test_profiler.c:13:6: warning: no previous prototype for 'test_probe_begin_end' [-Wmissing-prototypes]
#10 3.000    13 | void test_probe_begin_end(void)
#10 3.000       |      ^~~~~~~~~~~~~~~~~~~~
#10 3.009 /src/tests/test_profiler.c: In function 'test_probe_begin_end':
#10 3.014 /src/tests/test_profiler.c:22:13: warning: implicit declaration of function 'nanosleep' [-Wimplicit-function-declaration]
#10 3.014    22 |             nanosleep(&ts, NULL);
#10 3.014       |             ^~~~~~~~~
#10 3.016 /src/tests/test_exporter.c:8:6: warning: no previous prototype for 'test_sample_to_json_contains_keys' [-Wmissing-prototypes]
#10 3.016     8 | void test_sample_to_json_contains_keys(void)
#10 3.016       |      ^~~~~~~~~~~~~~~~~~~~~~~~~~~~~~~~~
#10 3.020 /src/tests/test_profiler.c: At top level:
#10 3.020 /src/tests/test_profiler.c:41:6: warning: no previous prototype for 'test_probe_reset' [-Wmissing-prototypes]
#10 3.020    41 | void test_probe_reset(void)
#10 3.020       |      ^~~~~~~~~~~~~~~~
#10 3.025 /src/tests/test_profiler.c:61:6: warning: no previous prototype for 'test_probe_percentiles' [-Wmissing-prototypes]
#10 3.025    61 | void test_probe_percentiles(void)
#10 3.025       |      ^~~~~~~~~~~~~~~~~~~~~~
#10 3.025 /src/tests/test_exporter.c:24:6: warning: no previous prototype for 'test_sample_to_json_buffer_too_small' [-Wmissing-prototypes]
#10 3.025    24 | void test_sample_to_json_buffer_too_small(void)
#10 3.025       |      ^~~~~~~~~~~~~~~~~~~~~~~~~~~~~~~~~~~~
#10 3.029 /src/tests/test_profiler.c: In function 'test_probe_percentiles':
#10 3.033 /src/tests/test_profiler.c:76:33: warning: implicit declaration of function 'malloc' [-Wimplicit-function-declaration]
#10 3.033    76 |     perf_probe_stats_t *stats = malloc(n * sizeof(*stats));
#10 3.033       |                                 ^~~~~~
#10 3.036 /src/tests/test_profiler.c:7:1: note: include '<stdlib.h>' or provide a declaration of 'malloc'
#10 3.036     6 | #include <string.h>
#10 3.036   +++ |+#include <stdlib.h>
#10 3.036     7 | 
#10 3.040 /src/tests/test_profiler.c:76:33: warning: incompatible implicit declaration of built-in function 'malloc' [-Wbuiltin-declaration-mismatch]
#10 3.040    76 |     perf_probe_stats_t *stats = malloc(n * sizeof(*stats));
#10 3.040       |                                 ^~~~~~
#10 3.040 /src/tests/test_exporter.c:33:6: warning: no previous prototype for 'test_series_to_json_empty' [-Wmissing-prototypes]
#10 3.040    33 | void test_series_to_json_empty(void)
#10 3.040       |      ^~~~~~~~~~~~~~~~~~~~~~~~~
#10 3.040 /src/tests/test_profiler.c:76:33: note: include '<stdlib.h>' or provide a declaration of 'malloc'
#10 3.043 /src/tests/test_profiler.c:83:5: warning: implicit declaration of function 'free' [-Wimplicit-function-declaration]
#10 3.043    83 |     free(stats);
#10 3.043       |     ^~~~
#10 3.047 /src/tests/test_profiler.c:83:5: note: include '<stdlib.h>' or provide a declaration of 'free'
#10 3.047 /src/tests/test_profiler.c:83:5: warning: incompatible implicit declaration of built-in function 'free' [-Wbuiltin-declaration-mismatch]
#10 3.047 /src/tests/test_profiler.c:83:5: note: include '<stdlib.h>' or provide a declaration of 'free'
#10 3.095 /src/tests/test_sampler_cpu.c:8:6: warning: no previous prototype for 'test_cpu_read_self' [-Wmissing-prototypes]
#10 3.095     8 | void test_cpu_read_self(void)
#10 3.095       |      ^~~~~~~~~~~~~~~~~~
#10 3.109 /src/tests/test_sampler_io.c:8:6: warning: no previous prototype for 'test_io_read_ok' [-Wmissing-prototypes]
#10 3.109     8 | void test_io_read_ok(void)
#10 3.109       |      ^~~~~~~~~~~~~~~
#10 3.114 [ 70%] Linking C executable mem_stress_nosampler
#10 3.119 /src/tests/test_sampler_cpu.c:17:6: warning: no previous prototype for 'test_cpu_percent_negative_on_first' [-Wmissing-prototypes]
#10 3.119    17 | void test_cpu_percent_negative_on_first(void)
#10 3.119       |      ^~~~~~~~~~~~~~~~~~~~~~~~~~~~~~~~~~
#10 3.119 /src/tests/test_sampler_io.c:17:6: warning: no previous prototype for 'test_io_bad_path' [-Wmissing-prototypes]
#10 3.119    17 | void test_io_bad_path(void)
#10 3.119       |      ^~~~~~~~~~~~~~~~
#10 3.121 /src/tests/test_sampler_cpu.c:23:6: warning: no previous prototype for 'test_cpu_percent_range' [-Wmissing-prototypes]
#10 3.121    23 | void test_cpu_percent_range(void)
#10 3.121       |      ^~~~~~~~~~~~~~~~~~~~~~
#10 3.137 /src/tests/test_sampler_cpu.c: In function 'test_cpu_percent_range':
#10 3.137 /src/tests/test_sampler_cpu.c:31:5: warning: implicit declaration of function 'nanosleep' [-Wimplicit-function-declaration]
#10 3.137    31 |     nanosleep(&ts, NULL);
#10 3.137       |     ^~~~~~~~~
#10 3.209 [ 72%] Linking C executable perfctl
#10 3.218 [ 75%] Linking C executable test_profiler
#10 3.235 [ 77%] Linking C executable cpu_stress
#10 3.250 /src/tests/test_sampler_mem.c:8:6: warning: no previous prototype for 'test_mem_read_nonzero' [-Wmissing-prototypes]
#10 3.250     8 | void test_mem_read_nonzero(void)
#10 3.250       |      ^~~~~~~~~~~~~~~~~~~~~
#10 3.259 [ 79%] Linking C executable io_stress_nosampler
#10 3.259 /src/tests/test_sampler_mem.c:17:6: warning: no previous prototype for 'test_mem_peak_ge_rss' [-Wmissing-prototypes]
#10 3.259    17 | void test_mem_peak_ge_rss(void)
#10 3.259       |      ^~~~~~~~~~~~~~~~~~~~
#10 3.263 /src/tests/test_sampler_mem.c:25:6: warning: no previous prototype for 'test_mem_bad_path' [-Wmissing-prototypes]
#10 3.263    25 | void test_mem_bad_path(void)
#10 3.263       |      ^~~~~~~~~~~~~~~~~
#10 3.263 [ 79%] Built target container_monitor
#10 3.273 /src/tests/test_ring_buffer.c:8:6: warning: no previous prototype for 'test_ring_push_drain' [-Wmissing-prototypes]
#10 3.273     8 | void test_ring_push_drain(void)
#10 3.273       |      ^~~~~~~~~~~~~~~~~~~~
#10 3.273 /src/tests/test_ring_buffer.c:25:6: warning: no previous prototype for 'test_ring_empty_drain' [-Wmissing-prototypes]
#10 3.273    25 | void test_ring_empty_drain(void)
#10 3.273       |      ^~~~~~~~~~~~~~~~~~~~~
#10 3.279 [ 81%] Linking C executable cpu_stress_nosampler
#10 3.295 [ 84%] Linking C executable io_stress
#10 3.300 [ 86%] Linking C executable test_exporter
#10 3.310 /src/tests/test_ring_buffer.c:35:6: warning: no previous prototype for 'test_ring_overflow_keeps_newest' [-Wmissing-prototypes]
#10 3.310    35 | void test_ring_overflow_keeps_newest(void)
#10 3.310       |      ^~~~~~~~~~~~~~~~~~~~~~~~~~~~~~~
#10 3.347 [ 88%] Linking C executable mem_stress
#10 3.367 [ 90%] Linking C executable test_sampler_io
#10 3.390 [ 93%] Linking C executable test_sampler_cpu
#10 3.480 [ 95%] Linking C executable test_sampler_mem
#10 3.516 [ 97%] Linking C executable perfanalyzer_server
#10 3.639 [100%] Linking C executable test_ring_buffer
#10 4.482 [100%] Built target mem_stress_nosampler
#10 4.575 [100%] Built target io_stress_nosampler
#10 4.609 [100%] Built target test_sampler_cpu
#10 4.641 [100%] Built target test_sampler_io
#10 4.677 [100%] Built target test_exporter
#10 4.677 [100%] Built target test_sampler_mem
#10 4.756 [100%] Built target perfctl
#10 4.857 [100%] Built target cpu_stress_nosampler
#10 4.887 [100%] Built target test_ring_buffer
#10 4.928 [100%] Built target test_profiler
#10 4.993 [100%] Built target io_stress
#10 5.021 [100%] Built target mem_stress
#10 5.085 [100%] Built target cpu_stress
#10 5.392 [100%] Built target perfanalyzer_server
#10 DONE 5.7s

#11 [runtime 8/9] COPY --from=builder /src/build/src/workloads/mem_stress         ./mem_stress
#11 CACHED

#12 [runtime 2/9] RUN apt-get update && apt-get install -y --no-install-recommends     wget     && rm -rf /var/lib/apt/lists/*
#12 CACHED

#13 [runtime 3/9] WORKDIR /app
#13 CACHED

#14 [runtime 4/9] COPY --from=builder /src/build/src/server/perfanalyzer_server   ./perfanalyzer_server
#14 CACHED

#15 [runtime 5/9] COPY --from=builder /src/build/src/cli/perfctl                  ./perfctl
#15 CACHED

#16 [runtime 6/9] COPY --from=builder /src/build/src/tools/container_monitor      ./container_monitor
#16 CACHED

#17 [runtime 7/9] COPY --from=builder /src/build/src/workloads/cpu_stress         ./cpu_stress
#17 CACHED

#18 [runtime 9/9] COPY --from=builder /src/build/src/workloads/io_stress          ./io_stress
#18 CACHED

#19 exporting to image
#19 exporting layers 0.0s done
#19 exporting manifest sha256:70b9c00a929874891d1b3a0f6f337ceafd8af45fc33fe912a242a9305b80aa03 0.1s done
#19 exporting config sha256:ea99691dffd255a776197280dd5949ebe82e4b1700cbce83290b03264c9ce92a
#19 exporting config sha256:ea99691dffd255a776197280dd5949ebe82e4b1700cbce83290b03264c9ce92a 0.1s done
#19 exporting attestation manifest sha256:e10e3d5c58f611170ad03e7454401c6fdc33839500aace962330cac988d0c1d4
#19 exporting attestation manifest sha256:e10e3d5c58f611170ad03e7454401c6fdc33839500aace962330cac988d0c1d4 0.1s done
#19 exporting manifest list sha256:7bbc72bb1122fb3da9dc96387f8228eb3256e42d213f79d9f74be3cae9d4b11a
#19 exporting manifest list sha256:7bbc72bb1122fb3da9dc96387f8228eb3256e42d213f79d9f74be3cae9d4b11a 0.1s done
#19 naming to docker.io/library/docker-mem-limit:latest 0.0s done
#19 unpacking to docker.io/library/docker-mem-limit:latest 0.1s done
#19 DONE 0.7s

#20 resolving provenance for metadata file
#20 DONE 0.1s
#1 [internal] load local bake definitions
#1 reading from stdin 565B done
#1 DONE 0.0s

#2 [internal] load build definition from Dockerfile.app
#2 transferring dockerfile: 1.81kB 0.0s done
#2 DONE 0.1s

#3 [internal] load metadata for docker.io/library/debian:bookworm-slim
#3 DONE 0.3s

#4 [internal] load .dockerignore
#4 transferring context: 68B 0.0s done
#4 DONE 0.1s

#5 [internal] load build context
#5 DONE 0.0s

#6 [builder 1/5] FROM docker.io/library/debian:bookworm-slim@sha256:0104b334637a5f19aa9c983a91b54c89887c0984081f2068983107a6f6c21eeb
#6 resolve docker.io/library/debian:bookworm-slim@sha256:0104b334637a5f19aa9c983a91b54c89887c0984081f2068983107a6f6c21eeb 0.1s done
#6 DONE 0.2s

#5 [internal] load build context
#5 transferring context: 74.20kB 0.0s done
#5 DONE 0.1s

#7 [builder 2/5] RUN apt-get update && apt-get install -y     build-essential     cmake     && rm -rf /var/lib/apt/lists/*
#7 CACHED

#8 [builder 3/5] WORKDIR /src
#8 CACHED

#9 [builder 4/5] COPY . .
#9 DONE 0.4s

#10 [builder 5/5] RUN cmake -B build -DCMAKE_BUILD_TYPE=Release . &&     cmake --build build --parallel
#10 1.083 -- The C compiler identification is GNU 12.2.0
#10 1.115 -- Detecting C compiler ABI info
#10 1.367 -- Detecting C compiler ABI info - done
#10 1.395 -- Check for working C compiler: /usr/bin/cc - skipped
#10 1.396 -- Detecting C compile features
#10 1.399 -- Detecting C compile features - done
#10 1.417 -- Configuring done
#10 1.520 -- Generating done
#10 1.533 -- Build files have been written to: /src/build
#10 1.713 [  2%] Building C object src/core/CMakeFiles/perfanalyzer_core.dir/perf.c.o
#10 1.720 [  4%] Building C object src/core/CMakeFiles/perfanalyzer_core.dir/sampler_cpu.c.o
#10 1.725 [  6%] Building C object src/core/CMakeFiles/perfanalyzer_core.dir/sampler_mem.c.o
#10 1.744 [  9%] Building C object src/tools/CMakeFiles/container_monitor.dir/container_monitor.c.o
#10 1.758 [ 13%] Building C object src/core/CMakeFiles/perfanalyzer_core.dir/sampler_cgroup.c.o
#10 1.758 [ 11%] Building C object src/core/CMakeFiles/perfanalyzer_core.dir/exporter_json.c.o
#10 1.770 [ 15%] Building C object tests/CMakeFiles/unity.dir/unity/unity.c.o
#10 1.777 [ 18%] Building C object src/core/CMakeFiles/perfanalyzer_core.dir/sampler_io.c.o
#10 1.799 [ 20%] Building C object src/core/CMakeFiles/perfanalyzer_core.dir/profiler.c.o
#10 1.811 [ 22%] Building C object src/core/CMakeFiles/perfanalyzer_core.dir/ring_buffer.c.o
#10 2.209 [ 25%] Linking C executable container_monitor
#10 2.236 [ 27%] Linking C static library libperfanalyzer_core.a
#10 2.244 [ 29%] Linking C static library libunity.a
#10 2.384 [ 29%] Built target perfanalyzer_core
#10 2.397 [ 29%] Built target unity
#10 2.600 [ 31%] Building C object src/cli/CMakeFiles/perfctl.dir/perfctl.c.o
#10 2.609 [ 34%] Building C object src/workloads/CMakeFiles/mem_stress.dir/mem_stress.c.o
#10 2.643 [ 36%] Building C object tests/CMakeFiles/test_exporter.dir/test_exporter.c.o
#10 2.664 [ 40%] Building C object src/server/CMakeFiles/perfanalyzer_server.dir/http.c.o
#10 2.664 [ 40%] Building C object tests/CMakeFiles/test_ring_buffer.dir/test_ring_buffer.c.o
#10 2.674 [ 43%] Building C object src/server/CMakeFiles/perfanalyzer_server.dir/routes.c.o
#10 2.688 [ 45%] Building C object tests/CMakeFiles/test_sampler_mem.dir/test_sampler_mem.c.o
#10 2.703 [ 47%] Building C object src/workloads/CMakeFiles/mem_stress_nosampler.dir/mem_stress.c.o
#10 2.713 [ 52%] Building C object src/server/CMakeFiles/perfanalyzer_server.dir/main.c.o
#10 2.713 [ 52%] Building C object src/server/CMakeFiles/perfanalyzer_server.dir/dashboard.c.o
#10 2.713 [ 54%] Building C object tests/CMakeFiles/test_sampler_io.dir/test_sampler_io.c.o
#10 2.717 [ 56%] Building C object src/workloads/CMakeFiles/cpu_stress.dir/cpu_stress.c.o
#10 2.724 [ 59%] Building C object src/workloads/CMakeFiles/cpu_stress_nosampler.dir/cpu_stress.c.o
#10 2.747 [ 61%] Building C object src/workloads/CMakeFiles/io_stress_nosampler.dir/io_stress.c.o
#10 2.770 /src/src/server/dashboard.c:255:1: warning: string length '9524' is greater than the length '4095' ISO C99 compilers are required to support [-Woverlength-strings]
#10 2.770   255 | "</html>\n";
#10 2.770       | ^~~~~~~~~~~
#10 2.771 [ 63%] Building C object tests/CMakeFiles/test_profiler.dir/test_profiler.c.o
#10 2.781 [ 65%] Building C object tests/CMakeFiles/test_sampler_cpu.dir/test_sampler_cpu.c.o
#10 2.789 [ 68%] Building C object src/workloads/CMakeFiles/io_stress.dir/io_stress.c.o
#10 2.896 /src/tests/test_sampler_io.c:8:6: warning: no previous prototype for 'test_io_read_ok' [-Wmissing-prototypes]
#10 2.896     8 | void test_io_read_ok(void)
#10 2.896       |      ^~~~~~~~~~~~~~~
#10 2.993 /src/tests/test_ring_buffer.c:8:6: warning: no previous prototype for 'test_ring_push_drain' [-Wmissing-prototypes]
#10 2.993     8 | void test_ring_push_drain(void)
#10 2.993       |      ^~~~~~~~~~~~~~~~~~~~
#10 3.000 /src/tests/test_ring_buffer.c:25:6: warning: no previous prototype for 'test_ring_empty_drain' [-Wmissing-prototypes]
#10 3.000    25 | void test_ring_empty_drain(void)
#10 3.000       |      ^~~~~~~~~~~~~~~~~~~~~
#10 3.003 /src/tests/test_ring_buffer.c:35:6: warning: no previous prototype for 'test_ring_overflow_keeps_newest' [-Wmissing-prototypes]
#10 3.003    35 | void test_ring_overflow_keeps_newest(void)
#10 3.003       |      ^~~~~~~~~~~~~~~~~~~~~~~~~~~~~~~
#10 3.022 /src/tests/test_sampler_mem.c:8:6: warning: no previous prototype for 'test_mem_read_nonzero' [-Wmissing-prototypes]
#10 3.022     8 | void test_mem_read_nonzero(void)
#10 3.022       |      ^~~~~~~~~~~~~~~~~~~~~
#10 3.022 /src/tests/test_sampler_io.c:17:6: warning: no previous prototype for 'test_io_bad_path' [-Wmissing-prototypes]
#10 3.022    17 | void test_io_bad_path(void)
#10 3.022       |      ^~~~~~~~~~~~~~~~
#10 3.030 /src/tests/test_sampler_mem.c:17:6: warning: no previous prototype for 'test_mem_peak_ge_rss' [-Wmissing-prototypes]
#10 3.030    17 | void test_mem_peak_ge_rss(void)
#10 3.030       |      ^~~~~~~~~~~~~~~~~~~~
#10 3.030 /src/tests/test_sampler_mem.c:25:6: warning: no previous prototype for 'test_mem_bad_path' [-Wmissing-prototypes]
#10 3.030    25 | void test_mem_bad_path(void)
#10 3.030       |      ^~~~~~~~~~~~~~~~~
#10 3.129 /src/tests/test_sampler_cpu.c:8:6: warning: no previous prototype for 'test_cpu_read_self' [-Wmissing-prototypes]
#10 3.129     8 | void test_cpu_read_self(void)
#10 3.129       |      ^~~~~~~~~~~~~~~~~~
#10 3.129 /src/tests/test_sampler_cpu.c:17:6: warning: no previous prototype for 'test_cpu_percent_negative_on_first' [-Wmissing-prototypes]
#10 3.129    17 | void test_cpu_percent_negative_on_first(void)
#10 3.129       |      ^~~~~~~~~~~~~~~~~~~~~~~~~~~~~~~~~~
#10 3.129 /src/tests/test_sampler_cpu.c:23:6: warning: no previous prototype for 'test_cpu_percent_range' [-Wmissing-prototypes]
#10 3.129    23 | void test_cpu_percent_range(void)
#10 3.129       |      ^~~~~~~~~~~~~~~~~~~~~~
#10 3.134 /src/tests/test_exporter.c:8:6: warning: no previous prototype for 'test_sample_to_json_contains_keys' [-Wmissing-prototypes]
#10 3.134     8 | void test_sample_to_json_contains_keys(void)
#10 3.134       |      ^~~~~~~~~~~~~~~~~~~~~~~~~~~~~~~~~
#10 3.138 /src/tests/test_exporter.c:24:6: warning: no previous prototype for 'test_sample_to_json_buffer_too_small' [-Wmissing-prototypes]
#10 3.138    24 | void test_sample_to_json_buffer_too_small(void)
#10 3.138       |      ^~~~~~~~~~~~~~~~~~~~~~~~~~~~~~~~~~~~
#10 3.138 /src/tests/test_exporter.c:33:6: warning: no previous prototype for 'test_series_to_json_empty' [-Wmissing-prototypes]
#10 3.138    33 | void test_series_to_json_empty(void)
#10 3.138       |      ^~~~~~~~~~~~~~~~~~~~~~~~~
#10 3.178 [ 70%] Linking C executable test_ring_buffer
#10 3.209 /src/tests/test_sampler_cpu.c: In function 'test_cpu_percent_range':
#10 3.209 /src/tests/test_sampler_cpu.c:31:5: warning: implicit declaration of function 'nanosleep' [-Wimplicit-function-declaration]
#10 3.209    31 |     nanosleep(&ts, NULL);
#10 3.209       |     ^~~~~~~~~
#10 3.238 [ 72%] Linking C executable test_sampler_mem
#10 3.248 [ 75%] Linking C executable mem_stress
#10 3.277 [ 77%] Linking C executable perfctl
#10 3.290 [ 79%] Linking C executable io_stress_nosampler
#10 3.339 [ 81%] Linking C executable test_sampler_io
#10 3.353 [ 84%] Linking C executable mem_stress_nosampler
#10 3.360 [ 86%] Linking C executable cpu_stress_nosampler
#10 3.440 [ 88%] Linking C executable test_exporter
#10 3.469 [ 90%] Linking C executable test_sampler_cpu
#10 3.499 [ 93%] Linking C executable io_stress
#10 3.561 [ 95%] Linking C executable perfanalyzer_server
#10 3.563 /src/tests/test_profiler.c:13:6: warning: no previous prototype for 'test_probe_begin_end' [-Wmissing-prototypes]
#10 3.563    13 | void test_probe_begin_end(void)
#10 3.563       |      ^~~~~~~~~~~~~~~~~~~~
#10 3.568 /src/tests/test_profiler.c: In function 'test_probe_begin_end':
#10 3.577 /src/tests/test_profiler.c:22:13: warning: implicit declaration of function 'nanosleep' [-Wimplicit-function-declaration]
#10 3.577    22 |             nanosleep(&ts, NULL);
#10 3.577       |             ^~~~~~~~~
#10 3.581 /src/tests/test_profiler.c: At top level:
#10 3.583 /src/tests/test_profiler.c:41:6: warning: no previous prototype for 'test_probe_reset' [-Wmissing-prototypes]
#10 3.583    41 | void test_probe_reset(void)
#10 3.583       |      ^~~~~~~~~~~~~~~~
#10 3.584 /src/tests/test_profiler.c:61:6: warning: no previous prototype for 'test_probe_percentiles' [-Wmissing-prototypes]
#10 3.584    61 | void test_probe_percentiles(void)
#10 3.584       |      ^~~~~~~~~~~~~~~~~~~~~~
#10 3.587 /src/tests/test_profiler.c: In function 'test_probe_percentiles':
#10 3.587 /src/tests/test_profiler.c:76:33: warning: implicit declaration of function 'malloc' [-Wimplicit-function-declaration]
#10 3.587    76 |     perf_probe_stats_t *stats = malloc(n * sizeof(*stats));
#10 3.587       |                                 ^~~~~~
#10 3.587 /src/tests/test_profiler.c:7:1: note: include '<stdlib.h>' or provide a declaration of 'malloc'
#10 3.587     6 | #include <string.h>
#10 3.587   +++ |+#include <stdlib.h>
#10 3.587     7 | 
#10 3.587 /src/tests/test_profiler.c:76:33: warning: incompatible implicit declaration of built-in function 'malloc' [-Wbuiltin-declaration-mismatch]
#10 3.587    76 |     perf_probe_stats_t *stats = malloc(n * sizeof(*stats));
#10 3.587       |                                 ^~~~~~
#10 3.587 /src/tests/test_profiler.c:76:33: note: include '<stdlib.h>' or provide a declaration of 'malloc'
#10 3.587 /src/tests/test_profiler.c:83:5: warning: implicit declaration of function 'free' [-Wimplicit-function-declaration]
#10 3.587    83 |     free(stats);
#10 3.587       |     ^~~~
#10 3.587 /src/tests/test_profiler.c:83:5: note: include '<stdlib.h>' or provide a declaration of 'free'
#10 3.587 /src/tests/test_profiler.c:83:5: warning: incompatible implicit declaration of built-in function 'free' [-Wbuiltin-declaration-mismatch]
#10 3.588 /src/tests/test_profiler.c:83:5: note: include '<stdlib.h>' or provide a declaration of 'free'
#10 3.630 [ 97%] Linking C executable cpu_stress
#10 3.700 [ 97%] Built target container_monitor
#10 3.799 [100%] Linking C executable test_profiler
#10 4.583 [100%] Built target test_ring_buffer
#10 4.712 [100%] Built target io_stress_nosampler
#10 4.775 [100%] Built target test_exporter
#10 4.791 [100%] Built target test_sampler_mem
#10 4.825 [100%] Built target test_sampler_cpu
#10 4.830 [100%] Built target mem_stress_nosampler
#10 5.118 [100%] Built target test_sampler_io
#10 5.140 [100%] Built target cpu_stress_nosampler
#10 5.257 [100%] Built target mem_stress
#10 5.290 [100%] Built target perfctl
#10 5.332 [100%] Built target io_stress
#10 5.391 [100%] Built target test_profiler
#10 5.448 [100%] Built target cpu_stress
#10 5.480 [100%] Built target perfanalyzer_server
#10 DONE 5.9s

#11 [runtime 2/9] RUN apt-get update && apt-get install -y --no-install-recommends     wget     && rm -rf /var/lib/apt/lists/*
#11 CACHED

#12 [runtime 3/9] WORKDIR /app
#12 CACHED

#13 [runtime 4/9] COPY --from=builder /src/build/src/server/perfanalyzer_server   ./perfanalyzer_server
#13 CACHED

#14 [runtime 5/9] COPY --from=builder /src/build/src/cli/perfctl                  ./perfctl
#14 CACHED

#15 [runtime 6/9] COPY --from=builder /src/build/src/tools/container_monitor      ./container_monitor
#15 CACHED

#16 [runtime 7/9] COPY --from=builder /src/build/src/workloads/cpu_stress         ./cpu_stress
#16 CACHED

#17 [runtime 8/9] COPY --from=builder /src/build/src/workloads/mem_stress         ./mem_stress
#17 CACHED

#18 [runtime 9/9] COPY --from=builder /src/build/src/workloads/io_stress          ./io_stress
#18 CACHED

#19 exporting to image
#19 exporting layers 0.0s done
#19 exporting manifest sha256:70b9c00a929874891d1b3a0f6f337ceafd8af45fc33fe912a242a9305b80aa03 0.0s done
#19 exporting config sha256:ea99691dffd255a776197280dd5949ebe82e4b1700cbce83290b03264c9ce92a 0.0s done
#19 exporting attestation manifest sha256:0b58355c58b713592e0b55bdd9c7b11da031ce84c74110f21575a4e88a75d682
#19 exporting attestation manifest sha256:0b58355c58b713592e0b55bdd9c7b11da031ce84c74110f21575a4e88a75d682 0.1s done
#19 exporting manifest list sha256:830aa3483413669fb0f9e4bc871994822157f64a3359f102bd88fb9a15c76816
#19 exporting manifest list sha256:830aa3483413669fb0f9e4bc871994822157f64a3359f102bd88fb9a15c76816 0.1s done
#19 naming to docker.io/library/docker-mem-limit:latest 0.0s done
#19 unpacking to docker.io/library/docker-mem-limit:latest 0.1s done
#19 DONE 0.7s

#20 resolving provenance for metadata file
#20 DONE 0.1s
..............................
[0;32m[EXP][0m ─── HOST | cpu_stress | intensidad=2 ───
..............................
[0;32m[EXP][0m ─── DOCKER:baseline | cpu_stress | intensidad=2 ───
#1 [internal] load local bake definitions
#1 reading from stdin 561B done
#1 DONE 0.0s

#2 [internal] load build definition from Dockerfile.app
#2 transferring dockerfile: 1.81kB 0.0s done
#2 DONE 0.1s

#3 [internal] load metadata for docker.io/library/debian:bookworm-slim
#3 DONE 0.8s

#4 [internal] load .dockerignore
#4 transferring context: 68B 0.0s done
#4 DONE 0.1s

#5 [internal] load build context
#5 DONE 0.0s

#6 [builder 1/5] FROM docker.io/library/debian:bookworm-slim@sha256:0104b334637a5f19aa9c983a91b54c89887c0984081f2068983107a6f6c21eeb
#6 resolve docker.io/library/debian:bookworm-slim@sha256:0104b334637a5f19aa9c983a91b54c89887c0984081f2068983107a6f6c21eeb
#6 resolve docker.io/library/debian:bookworm-slim@sha256:0104b334637a5f19aa9c983a91b54c89887c0984081f2068983107a6f6c21eeb 0.2s done
#6 DONE 0.3s

#5 [internal] load build context
#5 transferring context: 99.21kB 0.0s done
#5 DONE 0.1s

#7 [builder 2/5] RUN apt-get update && apt-get install -y     build-essential     cmake     && rm -rf /var/lib/apt/lists/*
#7 CACHED

#8 [builder 3/5] WORKDIR /src
#8 CACHED

#9 [builder 4/5] COPY . .
#9 DONE 0.3s

#10 [builder 5/5] RUN cmake -B build -DCMAKE_BUILD_TYPE=Release . &&     cmake --build build --parallel
#10 1.074 -- The C compiler identification is GNU 12.2.0
#10 1.113 -- Detecting C compiler ABI info
#10 1.372 -- Detecting C compiler ABI info - done
#10 1.386 -- Check for working C compiler: /usr/bin/cc - skipped
#10 1.387 -- Detecting C compile features
#10 1.389 -- Detecting C compile features - done
#10 1.399 -- Configuring done
#10 1.480 -- Generating done
#10 1.490 -- Build files have been written to: /src/build
#10 1.711 [  4%] Building C object src/tools/CMakeFiles/container_monitor.dir/container_monitor.c.o
#10 1.718 [  2%] Building C object tests/CMakeFiles/unity.dir/unity/unity.c.o
#10 1.727 [  6%] Building C object src/core/CMakeFiles/perfanalyzer_core.dir/perf.c.o
#10 1.734 [  9%] Building C object src/core/CMakeFiles/perfanalyzer_core.dir/sampler_mem.c.o
#10 1.764 [ 11%] Building C object src/core/CMakeFiles/perfanalyzer_core.dir/profiler.c.o
#10 1.771 [ 13%] Building C object src/core/CMakeFiles/perfanalyzer_core.dir/sampler_cpu.c.o
#10 1.781 [ 15%] Building C object src/core/CMakeFiles/perfanalyzer_core.dir/ring_buffer.c.o
#10 1.800 [ 18%] Building C object src/core/CMakeFiles/perfanalyzer_core.dir/sampler_cgroup.c.o
#10 1.806 [ 20%] Building C object src/core/CMakeFiles/perfanalyzer_core.dir/sampler_io.c.o
#10 1.812 [ 22%] Building C object src/core/CMakeFiles/perfanalyzer_core.dir/exporter_json.c.o
#10 2.110 [ 25%] Linking C static library libunity.a
#10 2.141 [ 27%] Linking C executable container_monitor
#10 2.204 [ 29%] Linking C static library libperfanalyzer_core.a
#10 2.267 [ 29%] Built target unity
#10 2.391 [ 29%] Built target perfanalyzer_core
#10 2.567 [ 31%] Building C object src/cli/CMakeFiles/perfctl.dir/perfctl.c.o
#10 2.581 [ 34%] Building C object tests/CMakeFiles/test_sampler_cpu.dir/test_sampler_cpu.c.o
#10 2.609 [ 36%] Building C object src/workloads/CMakeFiles/mem_stress.dir/mem_stress.c.o
#10 2.626 [ 38%] Building C object src/workloads/CMakeFiles/io_stress.dir/io_stress.c.o
#10 2.633 [ 40%] Building C object tests/CMakeFiles/test_sampler_io.dir/test_sampler_io.c.o
#10 2.651 [ 43%] Building C object tests/CMakeFiles/test_profiler.dir/test_profiler.c.o
#10 2.676 [ 47%] Building C object src/workloads/CMakeFiles/cpu_stress.dir/cpu_stress.c.o
#10 2.680 [ 47%] Building C object src/workloads/CMakeFiles/io_stress_nosampler.dir/io_stress.c.o
#10 2.710 [ 50%] Building C object src/server/CMakeFiles/perfanalyzer_server.dir/main.c.o
#10 2.710 [ 52%] Building C object src/server/CMakeFiles/perfanalyzer_server.dir/http.c.o
#10 2.724 [ 54%] Building C object tests/CMakeFiles/test_sampler_mem.dir/test_sampler_mem.c.o
#10 2.734 [ 56%] Building C object src/workloads/CMakeFiles/mem_stress_nosampler.dir/mem_stress.c.o
#10 2.744 [ 59%] Building C object src/workloads/CMakeFiles/cpu_stress_nosampler.dir/cpu_stress.c.o
#10 2.751 [ 61%] Building C object tests/CMakeFiles/test_exporter.dir/test_exporter.c.o
#10 2.839 [ 63%] Building C object src/server/CMakeFiles/perfanalyzer_server.dir/routes.c.o
#10 2.859 [ 65%] Building C object tests/CMakeFiles/test_ring_buffer.dir/test_ring_buffer.c.o
#10 2.876 [ 68%] Building C object src/server/CMakeFiles/perfanalyzer_server.dir/dashboard.c.o
#10 2.936 /src/tests/test_sampler_cpu.c:8:6: warning: no previous prototype for 'test_cpu_read_self' [-Wmissing-prototypes]
#10 2.936     8 | void test_cpu_read_self(void)
#10 2.936       |      ^~~~~~~~~~~~~~~~~~
#10 2.936 /src/tests/test_sampler_cpu.c:17:6: warning: no previous prototype for 'test_cpu_percent_negative_on_first' [-Wmissing-prototypes]
#10 2.936    17 | void test_cpu_percent_negative_on_first(void)
#10 2.936       |      ^~~~~~~~~~~~~~~~~~~~~~~~~~~~~~~~~~
#10 2.936 /src/tests/test_sampler_cpu.c:23:6: warning: no previous prototype for 'test_cpu_percent_range' [-Wmissing-prototypes]
#10 2.936    23 | void test_cpu_percent_range(void)
#10 2.936       |      ^~~~~~~~~~~~~~~~~~~~~~
#10 2.949 /src/tests/test_sampler_io.c:8:6: warning: no previous prototype for 'test_io_read_ok' [-Wmissing-prototypes]
#10 2.949     8 | void test_io_read_ok(void)
#10 2.949       |      ^~~~~~~~~~~~~~~
#10 2.955 /src/tests/test_sampler_cpu.c: In function 'test_cpu_percent_range':
#10 2.957 /src/tests/test_sampler_cpu.c:31:5: warning: implicit declaration of function 'nanosleep' [-Wimplicit-function-declaration]
#10 2.957    31 |     nanosleep(&ts, NULL);
#10 2.957       |     ^~~~~~~~~
#10 2.979 /src/tests/test_sampler_io.c:17:6: warning: no previous prototype for 'test_io_bad_path' [-Wmissing-prototypes]
#10 2.979    17 | void test_io_bad_path(void)
#10 2.979       |      ^~~~~~~~~~~~~~~~
#10 3.007 /src/src/server/dashboard.c:255:1: warning: string length '9524' is greater than the length '4095' ISO C99 compilers are required to support [-Woverlength-strings]
#10 3.007   255 | "</html>\n";
#10 3.007       | ^~~~~~~~~~~
#10 3.042 /src/tests/test_exporter.c:8:6: warning: no previous prototype for 'test_sample_to_json_contains_keys' [-Wmissing-prototypes]
#10 3.042     8 | void test_sample_to_json_contains_keys(void)
#10 3.042       |      ^~~~~~~~~~~~~~~~~~~~~~~~~~~~~~~~~
#10 3.064 /src/tests/test_exporter.c:24:6: warning: no previous prototype for 'test_sample_to_json_buffer_too_small' [-Wmissing-prototypes]
#10 3.064    24 | void test_sample_to_json_buffer_too_small(void)
#10 3.064       |      ^~~~~~~~~~~~~~~~~~~~~~~~~~~~~~~~~~~~
#10 3.064 /src/tests/test_exporter.c:33:6: warning: no previous prototype for 'test_series_to_json_empty' [-Wmissing-prototypes]
#10 3.064    33 | void test_series_to_json_empty(void)
#10 3.064       |      ^~~~~~~~~~~~~~~~~~~~~~~~~
#10 3.106 [ 70%] Linking C executable io_stress
#10 3.117 /src/tests/test_profiler.c:13:6: warning: no previous prototype for 'test_probe_begin_end' [-Wmissing-prototypes]
#10 3.117    13 | void test_probe_begin_end(void)
#10 3.117       |      ^~~~~~~~~~~~~~~~~~~~
#10 3.129 /src/tests/test_profiler.c: In function 'test_probe_begin_end':
#10 3.130 /src/tests/test_profiler.c:22:13: warning: implicit declaration of function 'nanosleep' [-Wimplicit-function-declaration]
#10 3.130    22 |             nanosleep(&ts, NULL);
#10 3.130       |             ^~~~~~~~~
#10 3.133 /src/tests/test_profiler.c: At top level:
#10 3.139 /src/tests/test_profiler.c:41:6: warning: no previous prototype for 'test_probe_reset' [-Wmissing-prototypes]
#10 3.139    41 | void test_probe_reset(void)
#10 3.139       |      ^~~~~~~~~~~~~~~~
#10 3.145 /src/tests/test_profiler.c:61:6: warning: no previous prototype for 'test_probe_percentiles' [-Wmissing-prototypes]
#10 3.145    61 | void test_probe_percentiles(void)
#10 3.145       |      ^~~~~~~~~~~~~~~~~~~~~~
#10 3.148 /src/tests/test_profiler.c: In function 'test_probe_percentiles':
#10 3.150 /src/tests/test_profiler.c:76:33: warning: implicit declaration of function 'malloc' [-Wimplicit-function-declaration]
#10 3.150    76 |     perf_probe_stats_t *stats = malloc(n * sizeof(*stats));
#10 3.150       |                                 ^~~~~~
#10 3.151 /src/tests/test_profiler.c:7:1: note: include '<stdlib.h>' or provide a declaration of 'malloc'
#10 3.151     6 | #include <string.h>
#10 3.151   +++ |+#include <stdlib.h>
#10 3.151     7 | 
#10 3.151 /src/tests/test_profiler.c:76:33: warning: incompatible implicit declaration of built-in function 'malloc' [-Wbuiltin-declaration-mismatch]
#10 3.151    76 |     perf_probe_stats_t *stats = malloc(n * sizeof(*stats));
#10 3.151       |                                 ^~~~~~
#10 3.152 /src/tests/test_profiler.c:76:33: note: include '<stdlib.h>' or provide a declaration of 'malloc'
#10 3.159 /src/tests/test_profiler.c:83:5: warning: implicit declaration of function 'free' [-Wimplicit-function-declaration]
#10 3.159    83 |     free(stats);
#10 3.159       |     ^~~~
#10 3.164 /src/tests/test_profiler.c:83:5: note: include '<stdlib.h>' or provide a declaration of 'free'
#10 3.164 /src/tests/test_profiler.c:83:5: warning: incompatible implicit declaration of built-in function 'free' [-Wbuiltin-declaration-mismatch]
#10 3.164 /src/tests/test_profiler.c:83:5: note: include '<stdlib.h>' or provide a declaration of 'free'
#10 3.175 [ 72%] Linking C executable test_sampler_cpu
#10 3.201 [ 75%] Linking C executable perfctl
#10 3.232 /src/tests/test_sampler_mem.c:8:6: warning: no previous prototype for 'test_mem_read_nonzero' [-Wmissing-prototypes]
#10 3.232     8 | void test_mem_read_nonzero(void)
#10 3.232       |      ^~~~~~~~~~~~~~~~~~~~~
#10 3.241 [ 77%] Linking C executable test_sampler_io
#10 3.250 /src/tests/test_sampler_mem.c:17:6: warning: no previous prototype for 'test_mem_peak_ge_rss' [-Wmissing-prototypes]
#10 3.250    17 | void test_mem_peak_ge_rss(void)
#10 3.250       |      ^~~~~~~~~~~~~~~~~~~~
#10 3.250 /src/tests/test_sampler_mem.c:25:6: warning: no previous prototype for 'test_mem_bad_path' [-Wmissing-prototypes]
#10 3.250    25 | void test_mem_bad_path(void)
#10 3.250       |      ^~~~~~~~~~~~~~~~~
#10 3.268 [ 79%] Linking C executable mem_stress
#10 3.305 [ 81%] Linking C executable io_stress_nosampler
#10 3.332 [ 84%] Linking C executable test_exporter
#10 3.349 /src/tests/test_ring_buffer.c:8:6: warning: no previous prototype for 'test_ring_push_drain' [-Wmissing-prototypes]
#10 3.349     8 | void test_ring_push_drain(void)
#10 3.349       |      ^~~~~~~~~~~~~~~~~~~~
#10 3.369 /src/tests/test_ring_buffer.c:25:6: warning: no previous prototype for 'test_ring_empty_drain' [-Wmissing-prototypes]
#10 3.369    25 | void test_ring_empty_drain(void)
#10 3.369       |      ^~~~~~~~~~~~~~~~~~~~~
#10 3.370 /src/tests/test_ring_buffer.c:35:6: warning: no previous prototype for 'test_ring_overflow_keeps_newest' [-Wmissing-prototypes]
#10 3.370    35 | void test_ring_overflow_keeps_newest(void)
#10 3.370       |      ^~~~~~~~~~~~~~~~~~~~~~~~~~~~~~~
#10 3.425 [ 86%] Linking C executable mem_stress_nosampler
#10 3.454 [ 88%] Linking C executable test_profiler
#10 3.471 [ 90%] Linking C executable test_sampler_mem
#10 3.502 [ 93%] Linking C executable cpu_stress
#10 3.559 [ 95%] Linking C executable test_ring_buffer
#10 3.604 [ 97%] Linking C executable perfanalyzer_server
#10 3.626 [100%] Linking C executable cpu_stress_nosampler
#10 3.672 [100%] Built target container_monitor
#10 4.959 [100%] Built target test_exporter
#10 5.069 [100%] Built target test_sampler_io
#10 5.099 [100%] Built target test_sampler_mem
#10 5.130 [100%] Built target io_stress_nosampler
#10 5.219 [100%] Built target test_sampler_cpu
#10 5.269 [100%] Built target perfctl
#10 5.405 [100%] Built target mem_stress_nosampler
#10 5.408 [100%] Built target test_ring_buffer
#10 5.467 [100%] Built target cpu_stress_nosampler
#10 5.472 [100%] Built target mem_stress
#10 5.486 [100%] Built target test_profiler
#10 5.543 [100%] Built target io_stress
#10 5.651 [100%] Built target cpu_stress
#10 5.817 [100%] Built target perfanalyzer_server
#10 DONE 6.1s

#11 [runtime 3/9] WORKDIR /app
#11 CACHED

#12 [runtime 4/9] COPY --from=builder /src/build/src/server/perfanalyzer_server   ./perfanalyzer_server
#12 CACHED

#13 [runtime 5/9] COPY --from=builder /src/build/src/cli/perfctl                  ./perfctl
#13 CACHED

#14 [runtime 6/9] COPY --from=builder /src/build/src/tools/container_monitor      ./container_monitor
#14 CACHED

#15 [runtime 7/9] COPY --from=builder /src/build/src/workloads/cpu_stress         ./cpu_stress
#15 CACHED

#16 [runtime 8/9] COPY --from=builder /src/build/src/workloads/mem_stress         ./mem_stress
#16 CACHED

#17 [runtime 2/9] RUN apt-get update && apt-get install -y --no-install-recommends     wget     && rm -rf /var/lib/apt/lists/*
#17 CACHED

#18 [runtime 9/9] COPY --from=builder /src/build/src/workloads/io_stress          ./io_stress
#18 CACHED

#19 exporting to image
#19 exporting layers 0.0s done
#19 exporting manifest sha256:902f01a4ea3a666cffa524fe10a9497e83b7eee85acc5aab5baf4130d84d8a22 0.0s done
#19 exporting config sha256:7f00aea0b4c61ce74bfef873a63debe28fbf469f2109e758273a42769b7821f6 0.0s done
#19 exporting attestation manifest sha256:bdf4f6268e8c97d575b676bac79483d10797d4bacacf881b632021835b18dc62
#19 exporting attestation manifest sha256:bdf4f6268e8c97d575b676bac79483d10797d4bacacf881b632021835b18dc62 0.2s done
#19 exporting manifest list sha256:46f5e34e89934b28f39cc9af2ec55ecf27a5538b843bb882f2c2f2dffd6083d3
#19 exporting manifest list sha256:46f5e34e89934b28f39cc9af2ec55ecf27a5538b843bb882f2c2f2dffd6083d3 0.1s done
#19 naming to docker.io/library/docker-baseline:latest 0.0s done
#19 unpacking to docker.io/library/docker-baseline:latest 0.1s done
#19 DONE 0.7s

#20 resolving provenance for metadata file
#20 DONE 0.1s
#1 [internal] load local bake definitions
#1 reading from stdin 561B done
#1 DONE 0.0s

#2 [internal] load build definition from Dockerfile.app
#2 transferring dockerfile: 1.81kB 0.0s done
#2 DONE 0.0s

#3 [internal] load metadata for docker.io/library/debian:bookworm-slim
#3 DONE 0.3s

#4 [internal] load .dockerignore
#4 transferring context: 68B 0.0s done
#4 DONE 0.1s

#5 [internal] load build context
#5 DONE 0.0s

#6 [builder 1/5] FROM docker.io/library/debian:bookworm-slim@sha256:0104b334637a5f19aa9c983a91b54c89887c0984081f2068983107a6f6c21eeb
#6 resolve docker.io/library/debian:bookworm-slim@sha256:0104b334637a5f19aa9c983a91b54c89887c0984081f2068983107a6f6c21eeb
#6 resolve docker.io/library/debian:bookworm-slim@sha256:0104b334637a5f19aa9c983a91b54c89887c0984081f2068983107a6f6c21eeb 0.1s done
#6 DONE 0.2s

#5 [internal] load build context
#5 transferring context: 102.01kB 0.0s done
#5 DONE 0.1s

#7 [builder 2/5] RUN apt-get update && apt-get install -y     build-essential     cmake     && rm -rf /var/lib/apt/lists/*
#7 CACHED

#8 [builder 3/5] WORKDIR /src
#8 CACHED

#9 [builder 4/5] COPY . .
#9 DONE 0.3s

#10 [builder 5/5] RUN cmake -B build -DCMAKE_BUILD_TYPE=Release . &&     cmake --build build --parallel
#10 1.193 -- The C compiler identification is GNU 12.2.0
#10 1.232 -- Detecting C compiler ABI info
#10 1.484 -- Detecting C compiler ABI info - done
#10 1.504 -- Check for working C compiler: /usr/bin/cc - skipped
#10 1.506 -- Detecting C compile features
#10 1.510 -- Detecting C compile features - done
#10 1.523 -- Configuring done
#10 1.587 -- Generating done
#10 1.599 -- Build files have been written to: /src/build
#10 1.797 [  2%] Building C object src/tools/CMakeFiles/container_monitor.dir/container_monitor.c.o
#10 1.802 [  4%] Building C object src/core/CMakeFiles/perfanalyzer_core.dir/perf.c.o
#10 1.802 [  6%] Building C object src/core/CMakeFiles/perfanalyzer_core.dir/sampler_mem.c.o
#10 1.811 [ 11%] Building C object tests/CMakeFiles/unity.dir/unity/unity.c.o
#10 1.816 [ 11%] Building C object src/core/CMakeFiles/perfanalyzer_core.dir/sampler_cpu.c.o
#10 1.823 [ 13%] Building C object src/core/CMakeFiles/perfanalyzer_core.dir/sampler_cgroup.c.o
#10 1.846 [ 15%] Building C object src/core/CMakeFiles/perfanalyzer_core.dir/profiler.c.o
#10 1.852 [ 18%] Building C object src/core/CMakeFiles/perfanalyzer_core.dir/ring_buffer.c.o
#10 1.858 [ 20%] Building C object src/core/CMakeFiles/perfanalyzer_core.dir/sampler_io.c.o
#10 1.877 [ 22%] Building C object src/core/CMakeFiles/perfanalyzer_core.dir/exporter_json.c.o
#10 2.077 [ 25%] Linking C executable container_monitor
#10 2.207 [ 27%] Linking C static library libunity.a
#10 2.237 [ 29%] Linking C static library libperfanalyzer_core.a
#10 2.388 [ 29%] Built target unity
#10 2.425 [ 29%] Built target perfanalyzer_core
#10 2.626 [ 31%] Building C object src/workloads/CMakeFiles/cpu_stress_nosampler.dir/cpu_stress.c.o
#10 2.641 [ 34%] Building C object src/server/CMakeFiles/perfanalyzer_server.dir/main.c.o
#10 2.654 [ 36%] Building C object src/server/CMakeFiles/perfanalyzer_server.dir/http.c.o
#10 2.678 [ 40%] Building C object tests/CMakeFiles/test_exporter.dir/test_exporter.c.o
#10 2.678 [ 40%] Building C object src/server/CMakeFiles/perfanalyzer_server.dir/dashboard.c.o
#10 2.697 [ 43%] Building C object tests/CMakeFiles/test_sampler_mem.dir/test_sampler_mem.c.o
#10 2.720 [ 45%] Building C object src/cli/CMakeFiles/perfctl.dir/perfctl.c.o
#10 2.724 [ 47%] Building C object src/workloads/CMakeFiles/cpu_stress.dir/cpu_stress.c.o
#10 2.728 [ 50%] Building C object src/workloads/CMakeFiles/io_stress.dir/io_stress.c.o
#10 2.746 [ 54%] Building C object src/server/CMakeFiles/perfanalyzer_server.dir/routes.c.o
#10 2.753 [ 54%] Building C object src/workloads/CMakeFiles/mem_stress.dir/mem_stress.c.o
#10 2.816 /src/src/server/dashboard.c:255:1: warning: string length '9524' is greater than the length '4095' ISO C99 compilers are required to support [-Woverlength-strings]
#10 2.816   255 | "</html>\n";
#10 2.816       | ^~~~~~~~~~~
#10 2.832 [ 56%] Building C object src/workloads/CMakeFiles/io_stress_nosampler.dir/io_stress.c.o
#10 2.838 [ 59%] Building C object src/workloads/CMakeFiles/mem_stress_nosampler.dir/mem_stress.c.o
#10 2.867 [ 61%] Building C object tests/CMakeFiles/test_sampler_io.dir/test_sampler_io.c.o
#10 2.896 [ 63%] Building C object tests/CMakeFiles/test_ring_buffer.dir/test_ring_buffer.c.o
#10 2.909 [ 65%] Building C object tests/CMakeFiles/test_sampler_cpu.dir/test_sampler_cpu.c.o
#10 2.945 /src/tests/test_exporter.c:8:6: warning: no previous prototype for 'test_sample_to_json_contains_keys' [-Wmissing-prototypes]
#10 2.945     8 | void test_sample_to_json_contains_keys(void)
#10 2.945       |      ^~~~~~~~~~~~~~~~~~~~~~~~~~~~~~~~~
#10 3.031 [ 68%] Building C object tests/CMakeFiles/test_profiler.dir/test_profiler.c.o
#10 3.049 [ 70%] Linking C executable cpu_stress
#10 3.078 /src/tests/test_ring_buffer.c:8:6: warning: no previous prototype for 'test_ring_push_drain' [-Wmissing-prototypes]
#10 3.078     8 | void test_ring_push_drain(void)
#10 3.078       |      ^~~~~~~~~~~~~~~~~~~~
#10 3.089 /src/tests/test_exporter.c:24:6: warning: no previous prototype for 'test_sample_to_json_buffer_too_small' [-Wmissing-prototypes]
#10 3.089    24 | void test_sample_to_json_buffer_too_small(void)
#10 3.089       |      ^~~~~~~~~~~~~~~~~~~~~~~~~~~~~~~~~~~~
#10 3.116 /src/tests/test_sampler_mem.c:8:6: warning: no previous prototype for 'test_mem_read_nonzero' [-Wmissing-prototypes]
#10 3.116     8 | void test_mem_read_nonzero(void)
#10 3.116       |      ^~~~~~~~~~~~~~~~~~~~~
#10 3.119 /src/tests/test_sampler_mem.c:17:6: warning: no previous prototype for 'test_mem_peak_ge_rss' [-Wmissing-prototypes]
#10 3.119    17 | void test_mem_peak_ge_rss(void)
#10 3.119       |      ^~~~~~~~~~~~~~~~~~~~
#10 3.123 /src/tests/test_sampler_mem.c:25:6: warning: no previous prototype for 'test_mem_bad_path' [-Wmissing-prototypes]
#10 3.123    25 | void test_mem_bad_path(void)
#10 3.123       |      ^~~~~~~~~~~~~~~~~
#10 3.127 /src/tests/test_exporter.c:33:6: warning: no previous prototype for 'test_series_to_json_empty' [-Wmissing-prototypes]
#10 3.127    33 | void test_series_to_json_empty(void)
#10 3.127       |      ^~~~~~~~~~~~~~~~~~~~~~~~~
#10 3.141 /src/tests/test_ring_buffer.c:25:6: warning: no previous prototype for 'test_ring_empty_drain' [-Wmissing-prototypes]
#10 3.141    25 | void test_ring_empty_drain(void)
#10 3.141       |      ^~~~~~~~~~~~~~~~~~~~~
#10 3.141 /src/tests/test_ring_buffer.c:35:6: warning: no previous prototype for 'test_ring_overflow_keeps_newest' [-Wmissing-prototypes]
#10 3.141    35 | void test_ring_overflow_keeps_newest(void)
#10 3.141       |      ^~~~~~~~~~~~~~~~~~~~~~~~~~~~~~~
#10 3.287 [ 72%] Linking C executable test_sampler_mem
#10 3.298 /src/tests/test_sampler_cpu.c:8:6: warning: no previous prototype for 'test_cpu_read_self' [-Wmissing-prototypes]
#10 3.298     8 | void test_cpu_read_self(void)
#10 3.298       |      ^~~~~~~~~~~~~~~~~~
#10 3.300 /src/tests/test_sampler_io.c:8:6: warning: no previous prototype for 'test_io_read_ok' [-Wmissing-prototypes]
#10 3.300     8 | void test_io_read_ok(void)
#10 3.300       |      ^~~~~~~~~~~~~~~
#10 3.302 /src/tests/test_sampler_io.c:17:6: warning: no previous prototype for 'test_io_bad_path' [-Wmissing-prototypes]
#10 3.302    17 | void test_io_bad_path(void)
#10 3.302       |      ^~~~~~~~~~~~~~~~
#10 3.314 /src/tests/test_sampler_cpu.c:17:6: warning: no previous prototype for 'test_cpu_percent_negative_on_first' [-Wmissing-prototypes]
#10 3.314    17 | void test_cpu_percent_negative_on_first(void)
#10 3.314       |      ^~~~~~~~~~~~~~~~~~~~~~~~~~~~~~~~~~
#10 3.317 /src/tests/test_sampler_cpu.c:23:6: warning: no previous prototype for 'test_cpu_percent_range' [-Wmissing-prototypes]
#10 3.317    23 | void test_cpu_percent_range(void)
#10 3.317       |      ^~~~~~~~~~~~~~~~~~~~~~
#10 3.325 /src/tests/test_sampler_cpu.c: In function 'test_cpu_percent_range':
#10 3.331 /src/tests/test_sampler_cpu.c:31:5: warning: implicit declaration of function 'nanosleep' [-Wimplicit-function-declaration]
#10 3.331    31 |     nanosleep(&ts, NULL);
#10 3.331       |     ^~~~~~~~~
#10 3.333 [ 72%] Built target container_monitor
#10 3.340 [ 75%] Linking C executable io_stress
#10 3.345 [ 77%] Linking C executable test_ring_buffer
#10 3.352 [ 79%] Linking C executable test_exporter
#10 3.361 [ 81%] Linking C executable mem_stress
#10 3.375 [ 84%] Linking C executable mem_stress_nosampler
#10 3.415 [ 86%] Linking C executable cpu_stress_nosampler
#10 3.457 [ 88%] Linking C executable perfctl
#10 3.488 [ 90%] Linking C executable io_stress_nosampler
#10 3.499 [ 93%] Linking C executable test_sampler_cpu
#10 3.515 [ 95%] Linking C executable perfanalyzer_server
#10 3.524 [ 97%] Linking C executable test_sampler_io
#10 3.571 /src/tests/test_profiler.c:13:6: warning: no previous prototype for 'test_probe_begin_end' [-Wmissing-prototypes]
#10 3.571    13 | void test_probe_begin_end(void)
#10 3.571       |      ^~~~~~~~~~~~~~~~~~~~
#10 3.591 /src/tests/test_profiler.c: In function 'test_probe_begin_end':
#10 3.591 /src/tests/test_profiler.c:22:13: warning: implicit declaration of function 'nanosleep' [-Wimplicit-function-declaration]
#10 3.591    22 |             nanosleep(&ts, NULL);
#10 3.591       |             ^~~~~~~~~
#10 3.594 /src/tests/test_profiler.c: At top level:
#10 3.594 /src/tests/test_profiler.c:41:6: warning: no previous prototype for 'test_probe_reset' [-Wmissing-prototypes]
#10 3.594    41 | void test_probe_reset(void)
#10 3.594       |      ^~~~~~~~~~~~~~~~
#10 3.614 /src/tests/test_profiler.c:61:6: warning: no previous prototype for 'test_probe_percentiles' [-Wmissing-prototypes]
#10 3.614    61 | void test_probe_percentiles(void)
#10 3.614       |      ^~~~~~~~~~~~~~~~~~~~~~
#10 3.614 /src/tests/test_profiler.c: In function 'test_probe_percentiles':
#10 3.614 /src/tests/test_profiler.c:76:33: warning: implicit declaration of function 'malloc' [-Wimplicit-function-declaration]
#10 3.614    76 |     perf_probe_stats_t *stats = malloc(n * sizeof(*stats));
#10 3.614       |                                 ^~~~~~
#10 3.614 /src/tests/test_profiler.c:7:1: note: include '<stdlib.h>' or provide a declaration of 'malloc'
#10 3.614     6 | #include <string.h>
#10 3.614   +++ |+#include <stdlib.h>
#10 3.614     7 | 
#10 3.614 /src/tests/test_profiler.c:76:33: warning: incompatible implicit declaration of built-in function 'malloc' [-Wbuiltin-declaration-mismatch]
#10 3.614    76 |     perf_probe_stats_t *stats = malloc(n * sizeof(*stats));
#10 3.614       |                                 ^~~~~~
#10 3.614 /src/tests/test_profiler.c:76:33: note: include '<stdlib.h>' or provide a declaration of 'malloc'
#10 3.614 /src/tests/test_profiler.c:83:5: warning: implicit declaration of function 'free' [-Wimplicit-function-declaration]
#10 3.614    83 |     free(stats);
#10 3.614       |     ^~~~
#10 3.614 /src/tests/test_profiler.c:83:5: note: include '<stdlib.h>' or provide a declaration of 'free'
#10 3.614 /src/tests/test_profiler.c:83:5: warning: incompatible implicit declaration of built-in function 'free' [-Wbuiltin-declaration-mismatch]
#10 3.614 /src/tests/test_profiler.c:83:5: note: include '<stdlib.h>' or provide a declaration of 'free'
#10 3.847 [100%] Linking C executable test_profiler
#10 4.651 [100%] Built target mem_stress_nosampler
#10 4.705 [100%] Built target test_sampler_mem
#10 4.762 [100%] Built target test_ring_buffer
#10 4.850 [100%] Built target test_exporter
#10 4.875 [100%] Built target test_sampler_io
#10 4.910 [100%] Built target io_stress_nosampler
#10 4.932 [100%] Built target test_sampler_cpu
#10 4.983 [100%] Built target perfctl
#10 5.183 [100%] Built target cpu_stress
#10 5.203 [100%] Built target cpu_stress_nosampler
#10 5.229 [100%] Built target mem_stress
#10 5.255 [100%] Built target io_stress
#10 5.389 [100%] Built target test_profiler
#10 5.483 [100%] Built target perfanalyzer_server
#10 DONE 5.9s

#11 [runtime 7/9] COPY --from=builder /src/build/src/workloads/cpu_stress         ./cpu_stress
#11 CACHED

#12 [runtime 8/9] COPY --from=builder /src/build/src/workloads/mem_stress         ./mem_stress
#12 CACHED

#13 [runtime 2/9] RUN apt-get update && apt-get install -y --no-install-recommends     wget     && rm -rf /var/lib/apt/lists/*
#13 CACHED

#14 [runtime 3/9] WORKDIR /app
#14 CACHED

#15 [runtime 4/9] COPY --from=builder /src/build/src/server/perfanalyzer_server   ./perfanalyzer_server
#15 CACHED

#16 [runtime 5/9] COPY --from=builder /src/build/src/cli/perfctl                  ./perfctl
#16 CACHED

#17 [runtime 6/9] COPY --from=builder /src/build/src/tools/container_monitor      ./container_monitor
#17 CACHED

#18 [runtime 9/9] COPY --from=builder /src/build/src/workloads/io_stress          ./io_stress
#18 CACHED

#19 exporting to image
#19 exporting layers 0.0s done
#19 exporting manifest sha256:902f01a4ea3a666cffa524fe10a9497e83b7eee85acc5aab5baf4130d84d8a22 0.0s done
#19 exporting config sha256:7f00aea0b4c61ce74bfef873a63debe28fbf469f2109e758273a42769b7821f6 0.0s done
#19 exporting attestation manifest sha256:d8667933deefc4cb8d4d27db87e92cbb24e295e413f7218062c7c188ce7fe97a
#19 exporting attestation manifest sha256:d8667933deefc4cb8d4d27db87e92cbb24e295e413f7218062c7c188ce7fe97a 0.2s done
#19 exporting manifest list sha256:e536803b0a30a26783dfb3378c527ef4a3ee5a8f7c3a97daaf794e6faaa9f207
#19 exporting manifest list sha256:e536803b0a30a26783dfb3378c527ef4a3ee5a8f7c3a97daaf794e6faaa9f207 0.1s done
#19 naming to docker.io/library/docker-baseline:latest
#19 naming to docker.io/library/docker-baseline:latest 0.0s done
#19 unpacking to docker.io/library/docker-baseline:latest 0.0s done
#19 DONE 0.7s

#20 resolving provenance for metadata file
#20 DONE 0.1s
..............................
[0;32m[EXP][0m ─── DOCKER:cpu-limit | cpu_stress | intensidad=2 ───
#1 [internal] load local bake definitions
#1 reading from stdin 565B done
#1 DONE 0.0s

#2 [internal] load build definition from Dockerfile.app
#2 transferring dockerfile: 1.81kB 0.0s done
#2 DONE 0.1s

#3 [internal] load metadata for docker.io/library/debian:bookworm-slim
#3 DONE 0.9s

#4 [internal] load .dockerignore
#4 transferring context: 68B 0.0s done
#4 DONE 0.1s

#5 [internal] load build context
#5 DONE 0.0s

#6 [builder 1/5] FROM docker.io/library/debian:bookworm-slim@sha256:0104b334637a5f19aa9c983a91b54c89887c0984081f2068983107a6f6c21eeb
#6 resolve docker.io/library/debian:bookworm-slim@sha256:0104b334637a5f19aa9c983a91b54c89887c0984081f2068983107a6f6c21eeb
#6 resolve docker.io/library/debian:bookworm-slim@sha256:0104b334637a5f19aa9c983a91b54c89887c0984081f2068983107a6f6c21eeb 0.2s done
#6 DONE 0.3s

#5 [internal] load build context
#5 transferring context: 129.24kB 0.0s done
#5 DONE 0.1s

#7 [builder 2/5] RUN apt-get update && apt-get install -y     build-essential     cmake     && rm -rf /var/lib/apt/lists/*
#7 CACHED

#8 [builder 3/5] WORKDIR /src
#8 CACHED

#9 [builder 4/5] COPY . .
#9 DONE 0.4s

#10 [builder 5/5] RUN cmake -B build -DCMAKE_BUILD_TYPE=Release . &&     cmake --build build --parallel
#10 0.996 -- The C compiler identification is GNU 12.2.0
#10 1.032 -- Detecting C compiler ABI info
#10 1.285 -- Detecting C compiler ABI info - done
#10 1.306 -- Check for working C compiler: /usr/bin/cc - skipped
#10 1.307 -- Detecting C compile features
#10 1.308 -- Detecting C compile features - done
#10 1.319 -- Configuring done
#10 1.406 -- Generating done
#10 1.417 -- Build files have been written to: /src/build
#10 1.620 [  2%] Building C object src/core/CMakeFiles/perfanalyzer_core.dir/sampler_cpu.c.o
#10 1.623 [  9%] Building C object tests/CMakeFiles/unity.dir/unity/unity.c.o
#10 1.623 [  6%] Building C object src/core/CMakeFiles/perfanalyzer_core.dir/ring_buffer.c.o
#10 1.628 [ 13%] Building C object src/core/CMakeFiles/perfanalyzer_core.dir/sampler_cgroup.c.o
#10 1.632 [ 15%] Building C object src/core/CMakeFiles/perfanalyzer_core.dir/perf.c.o
#10 1.636 [ 15%] Building C object src/core/CMakeFiles/perfanalyzer_core.dir/sampler_mem.c.o
#10 1.636 [ 18%] Building C object src/tools/CMakeFiles/container_monitor.dir/container_monitor.c.o
#10 1.636 [ 11%] Building C object src/core/CMakeFiles/perfanalyzer_core.dir/sampler_io.c.o
#10 1.647 [ 20%] Building C object src/core/CMakeFiles/perfanalyzer_core.dir/profiler.c.o
#10 1.686 [ 22%] Building C object src/core/CMakeFiles/perfanalyzer_core.dir/exporter_json.c.o
#10 1.972 [ 25%] Linking C executable container_monitor
#10 2.003 [ 27%] Linking C static library libperfanalyzer_core.a
#10 2.031 [ 29%] Linking C static library libunity.a
#10 2.159 [ 29%] Built target perfanalyzer_core
#10 2.201 [ 29%] Built target unity
#10 2.340 [ 31%] Building C object src/cli/CMakeFiles/perfctl.dir/perfctl.c.o
#10 2.378 [ 34%] Building C object src/workloads/CMakeFiles/io_stress.dir/io_stress.c.o
#10 2.406 [ 36%] Building C object src/workloads/CMakeFiles/cpu_stress.dir/cpu_stress.c.o
#10 2.411 [ 38%] Building C object src/workloads/CMakeFiles/mem_stress_nosampler.dir/mem_stress.c.o
#10 2.413 [ 40%] Building C object src/server/CMakeFiles/perfanalyzer_server.dir/http.c.o
#10 2.429 [ 43%] Building C object src/workloads/CMakeFiles/cpu_stress_nosampler.dir/cpu_stress.c.o
#10 2.433 [ 47%] Building C object src/workloads/CMakeFiles/mem_stress.dir/mem_stress.c.o
#10 2.437 [ 47%] Building C object src/server/CMakeFiles/perfanalyzer_server.dir/routes.c.o
#10 2.442 [ 50%] Building C object tests/CMakeFiles/test_profiler.dir/test_profiler.c.o
#10 2.450 [ 52%] Building C object tests/CMakeFiles/test_sampler_mem.dir/test_sampler_mem.c.o
#10 2.483 [ 54%] Building C object src/server/CMakeFiles/perfanalyzer_server.dir/main.c.o
#10 2.495 [ 56%] Building C object tests/CMakeFiles/test_sampler_cpu.dir/test_sampler_cpu.c.o
#10 2.506 [ 59%] Building C object tests/CMakeFiles/test_ring_buffer.dir/test_ring_buffer.c.o
#10 2.519 [ 61%] Building C object src/workloads/CMakeFiles/io_stress_nosampler.dir/io_stress.c.o
#10 2.531 [ 63%] Building C object src/server/CMakeFiles/perfanalyzer_server.dir/dashboard.c.o
#10 2.538 [ 65%] Building C object tests/CMakeFiles/test_sampler_io.dir/test_sampler_io.c.o
#10 2.599 [ 68%] Building C object tests/CMakeFiles/test_exporter.dir/test_exporter.c.o
#10 2.638 /src/src/server/dashboard.c:255:1: warning: string length '9524' is greater than the length '4095' ISO C99 compilers are required to support [-Woverlength-strings]
#10 2.638   255 | "</html>\n";
#10 2.638       | ^~~~~~~~~~~
#10 2.783 /src/tests/test_ring_buffer.c:8:6: warning: no previous prototype for 'test_ring_push_drain' [-Wmissing-prototypes]
#10 2.783     8 | void test_ring_push_drain(void)
#10 2.783       |      ^~~~~~~~~~~~~~~~~~~~
#10 2.793 /src/tests/test_ring_buffer.c:25:6: warning: no previous prototype for 'test_ring_empty_drain' [-Wmissing-prototypes]
#10 2.793    25 | void test_ring_empty_drain(void)
#10 2.793       |      ^~~~~~~~~~~~~~~~~~~~~
#10 2.798 /src/tests/test_ring_buffer.c:35:6: warning: no previous prototype for 'test_ring_overflow_keeps_newest' [-Wmissing-prototypes]
#10 2.798    35 | void test_ring_overflow_keeps_newest(void)
#10 2.798       |      ^~~~~~~~~~~~~~~~~~~~~~~~~~~~~~~
#10 2.827 /src/tests/test_sampler_cpu.c:8:6: warning: no previous prototype for 'test_cpu_read_self' [-Wmissing-prototypes]
#10 2.827     8 | void test_cpu_read_self(void)
#10 2.827       |      ^~~~~~~~~~~~~~~~~~
#10 2.835 /src/tests/test_sampler_cpu.c:17:6: warning: no previous prototype for 'test_cpu_percent_negative_on_first' [-Wmissing-prototypes]
#10 2.835    17 | void test_cpu_percent_negative_on_first(void)
#10 2.835       |      ^~~~~~~~~~~~~~~~~~~~~~~~~~~~~~~~~~
#10 2.835 /src/tests/test_sampler_cpu.c:23:6: warning: no previous prototype for 'test_cpu_percent_range' [-Wmissing-prototypes]
#10 2.835    23 | void test_cpu_percent_range(void)
#10 2.835       |      ^~~~~~~~~~~~~~~~~~~~~~
#10 2.840 /src/tests/test_sampler_cpu.c: In function 'test_cpu_percent_range':
#10 2.840 /src/tests/test_sampler_cpu.c:31:5: warning: implicit declaration of function 'nanosleep' [-Wimplicit-function-declaration]
#10 2.840    31 |     nanosleep(&ts, NULL);
#10 2.840       |     ^~~~~~~~~
#10 2.853 /src/tests/test_exporter.c:8:6: warning: no previous prototype for 'test_sample_to_json_contains_keys' [-Wmissing-prototypes]
#10 2.853     8 | void test_sample_to_json_contains_keys(void)
#10 2.853       |      ^~~~~~~~~~~~~~~~~~~~~~~~~~~~~~~~~
#10 2.861 /src/tests/test_exporter.c:24:6: warning: no previous prototype for 'test_sample_to_json_buffer_too_small' [-Wmissing-prototypes]
#10 2.861    24 | void test_sample_to_json_buffer_too_small(void)
#10 2.861       |      ^~~~~~~~~~~~~~~~~~~~~~~~~~~~~~~~~~~~
#10 2.862 /src/tests/test_exporter.c:33:6: warning: no previous prototype for 'test_series_to_json_empty' [-Wmissing-prototypes]
#10 2.862    33 | void test_series_to_json_empty(void)
#10 2.862       |      ^~~~~~~~~~~~~~~~~~~~~~~~~
#10 2.915 [ 70%] Linking C executable io_stress
#10 2.921 /src/tests/test_sampler_io.c:8:6: warning: no previous prototype for 'test_io_read_ok' [-Wmissing-prototypes]
#10 2.921     8 | void test_io_read_ok(void)
#10 2.921       |      ^~~~~~~~~~~~~~~
#10 2.923 /src/tests/test_sampler_io.c:17:6: warning: no previous prototype for 'test_io_bad_path' [-Wmissing-prototypes]
#10 2.923    17 | void test_io_bad_path(void)
#10 2.923       |      ^~~~~~~~~~~~~~~~
#10 2.930 [ 72%] Linking C executable mem_stress
#10 2.958 [ 75%] Linking C executable test_sampler_cpu
#10 2.989 [ 77%] Linking C executable perfctl
#10 2.993 [ 79%] Linking C executable mem_stress_nosampler
#10 3.005 [ 81%] Linking C executable test_exporter
#10 3.013 [ 84%] Linking C executable io_stress_nosampler
#10 3.032 /src/tests/test_profiler.c:13:6: warning: no previous prototype for 'test_probe_begin_end' [-Wmissing-prototypes]
#10 3.032    13 | void test_probe_begin_end(void)
#10 3.032       |      ^~~~~~~~~~~~~~~~~~~~
#10 3.043 [ 86%] Linking C executable perfanalyzer_server
#10 3.050 [ 88%] Linking C executable test_sampler_io
#10 3.062 /src/tests/test_sampler_mem.c:8:6: warning: no previous prototype for 'test_mem_read_nonzero' [-Wmissing-prototypes]
#10 3.062     8 | void test_mem_read_nonzero(void)
#10 3.062       |      ^~~~~~~~~~~~~~~~~~~~~
#10 3.099 /src/tests/test_sampler_mem.c:17:6: warning: no previous prototype for 'test_mem_peak_ge_rss' [-Wmissing-prototypes]
#10 3.099    17 | void test_mem_peak_ge_rss(void)
#10 3.099       |      ^~~~~~~~~~~~~~~~~~~~
#10 3.099 /src/tests/test_sampler_mem.c:25:6: warning: no previous prototype for 'test_mem_bad_path' [-Wmissing-prototypes]
#10 3.099    25 | void test_mem_bad_path(void)
#10 3.099       |      ^~~~~~~~~~~~~~~~~
#10 3.111 /src/tests/test_profiler.c: In function 'test_probe_begin_end':
#10 3.111 /src/tests/test_profiler.c:22:13: warning: implicit declaration of function 'nanosleep' [-Wimplicit-function-declaration]
#10 3.111    22 |             nanosleep(&ts, NULL);
#10 3.111       |             ^~~~~~~~~
#10 3.111 /src/tests/test_profiler.c: At top level:
#10 3.111 /src/tests/test_profiler.c:41:6: warning: no previous prototype for 'test_probe_reset' [-Wmissing-prototypes]
#10 3.111    41 | void test_probe_reset(void)
#10 3.111       |      ^~~~~~~~~~~~~~~~
#10 3.112 /src/tests/test_profiler.c:61:6: warning: no previous prototype for 'test_probe_percentiles' [-Wmissing-prototypes]
#10 3.112    61 | void test_probe_percentiles(void)
#10 3.112       |      ^~~~~~~~~~~~~~~~~~~~~~
#10 3.123 /src/tests/test_profiler.c: In function 'test_probe_percentiles':
#10 3.123 /src/tests/test_profiler.c:76:33: warning: implicit declaration of function 'malloc' [-Wimplicit-function-declaration]
#10 3.123    76 |     perf_probe_stats_t *stats = malloc(n * sizeof(*stats));
#10 3.123       |                                 ^~~~~~
#10 3.123 /src/tests/test_profiler.c:7:1: note: include '<stdlib.h>' or provide a declaration of 'malloc'
#10 3.123     6 | #include <string.h>
#10 3.123   +++ |+#include <stdlib.h>
#10 3.123     7 | 
#10 3.123 /src/tests/test_profiler.c:76:33: warning: incompatible implicit declaration of built-in function 'malloc' [-Wbuiltin-declaration-mismatch]
#10 3.123    76 |     perf_probe_stats_t *stats = malloc(n * sizeof(*stats));
#10 3.123       |                                 ^~~~~~
#10 3.123 /src/tests/test_profiler.c:76:33: note: include '<stdlib.h>' or provide a declaration of 'malloc'
#10 3.124 /src/tests/test_profiler.c:83:5: warning: implicit declaration of function 'free' [-Wimplicit-function-declaration]
#10 3.124    83 |     free(stats);
#10 3.124       |     ^~~~
#10 3.124 /src/tests/test_profiler.c:83:5: note: include '<stdlib.h>' or provide a declaration of 'free'
#10 3.124 /src/tests/test_profiler.c:83:5: warning: incompatible implicit declaration of built-in function 'free' [-Wbuiltin-declaration-mismatch]
#10 3.124 /src/tests/test_profiler.c:83:5: note: include '<stdlib.h>' or provide a declaration of 'free'
#10 3.180 [ 90%] Linking C executable test_ring_buffer
#10 3.323 [ 93%] Linking C executable test_profiler
#10 3.323 [ 95%] Linking C executable test_sampler_mem
#10 3.365 [ 95%] Built target container_monitor
#10 3.375 [ 97%] Linking C executable cpu_stress
#10 3.438 [100%] Linking C executable cpu_stress_nosampler
#10 4.321 [100%] Built target test_exporter
#10 4.355 [100%] Built target test_sampler_cpu
#10 4.381 [100%] Built target mem_stress_nosampler
#10 4.456 [100%] Built target test_sampler_io
#10 4.503 [100%] Built target io_stress_nosampler
#10 4.580 [100%] Built target test_ring_buffer
#10 4.733 [100%] Built target io_stress
#10 4.833 [100%] Built target test_profiler
#10 4.913 [100%] Built target test_sampler_mem
#10 4.938 [100%] Built target perfctl
#10 4.959 [100%] Built target mem_stress
#10 4.974 [100%] Built target cpu_stress_nosampler
#10 5.074 [100%] Built target cpu_stress
#10 5.233 [100%] Built target perfanalyzer_server
#10 DONE 5.5s

#11 [runtime 2/9] RUN apt-get update && apt-get install -y --no-install-recommends     wget     && rm -rf /var/lib/apt/lists/*
#11 CACHED

#12 [runtime 3/9] WORKDIR /app
#12 CACHED

#13 [runtime 4/9] COPY --from=builder /src/build/src/server/perfanalyzer_server   ./perfanalyzer_server
#13 CACHED

#14 [runtime 5/9] COPY --from=builder /src/build/src/cli/perfctl                  ./perfctl
#14 CACHED

#15 [runtime 6/9] COPY --from=builder /src/build/src/tools/container_monitor      ./container_monitor
#15 CACHED

#16 [runtime 7/9] COPY --from=builder /src/build/src/workloads/cpu_stress         ./cpu_stress
#16 CACHED

#17 [runtime 8/9] COPY --from=builder /src/build/src/workloads/mem_stress         ./mem_stress
#17 CACHED

#18 [runtime 9/9] COPY --from=builder /src/build/src/workloads/io_stress          ./io_stress
#18 CACHED

#19 exporting to image
#19 exporting layers 0.0s done
#19 exporting manifest sha256:f3573c3c5a52ae41d4b61afc565f1f7998c40771df25e27385303c4b2ff3d12b 0.0s done
#19 exporting config sha256:b670cb7e8a89894e732aafbd53de9ede0f182e60d0c9d1547acad0b199695aff 0.0s done
#19 exporting attestation manifest sha256:064e2f1fb38a70e7712544880659649a47cd4cb358840d9cc217a05218f756bf
#19 exporting attestation manifest sha256:064e2f1fb38a70e7712544880659649a47cd4cb358840d9cc217a05218f756bf 0.2s done
#19 exporting manifest list sha256:87dcf4995fc340a7ca958de03b07edacde4c9ef2ce473c5b662ff0c498a3d36e
#19 exporting manifest list sha256:87dcf4995fc340a7ca958de03b07edacde4c9ef2ce473c5b662ff0c498a3d36e 0.1s done
#19 naming to docker.io/library/docker-cpu-limit:latest 0.0s done
#19 unpacking to docker.io/library/docker-cpu-limit:latest 0.1s done
#19 DONE 0.6s

#20 resolving provenance for metadata file
#20 DONE 0.1s
#1 [internal] load local bake definitions
#1 reading from stdin 565B done
#1 DONE 0.0s

#2 [internal] load build definition from Dockerfile.app
#2 transferring dockerfile: 1.81kB 0.0s done
#2 DONE 0.1s

#3 [internal] load metadata for docker.io/library/debian:bookworm-slim
#3 DONE 0.3s

#4 [internal] load .dockerignore
#4 transferring context: 68B 0.0s done
#4 DONE 0.1s

#5 [internal] load build context
#5 DONE 0.0s

#6 [builder 1/5] FROM docker.io/library/debian:bookworm-slim@sha256:0104b334637a5f19aa9c983a91b54c89887c0984081f2068983107a6f6c21eeb
#6 resolve docker.io/library/debian:bookworm-slim@sha256:0104b334637a5f19aa9c983a91b54c89887c0984081f2068983107a6f6c21eeb 0.1s done
#6 DONE 0.2s

#5 [internal] load build context
#5 transferring context: 129.68kB 0.0s done
#5 DONE 0.1s

#7 [builder 2/5] RUN apt-get update && apt-get install -y     build-essential     cmake     && rm -rf /var/lib/apt/lists/*
#7 CACHED

#8 [builder 3/5] WORKDIR /src
#8 CACHED

#9 [builder 4/5] COPY . .
#9 DONE 0.3s

#10 [builder 5/5] RUN cmake -B build -DCMAKE_BUILD_TYPE=Release . &&     cmake --build build --parallel
#10 1.122 -- The C compiler identification is GNU 12.2.0
#10 1.155 -- Detecting C compiler ABI info
#10 1.407 -- Detecting C compiler ABI info - done
#10 1.421 -- Check for working C compiler: /usr/bin/cc - skipped
#10 1.423 -- Detecting C compile features
#10 1.426 -- Detecting C compile features - done
#10 1.437 -- Configuring done
#10 1.517 -- Generating done
#10 1.527 -- Build files have been written to: /src/build
#10 1.708 [  2%] Building C object src/core/CMakeFiles/perfanalyzer_core.dir/sampler_cpu.c.o
#10 1.722 [  4%] Building C object tests/CMakeFiles/unity.dir/unity/unity.c.o
#10 1.726 [  9%] Building C object src/core/CMakeFiles/perfanalyzer_core.dir/sampler_cgroup.c.o
#10 1.729 [  6%] Building C object src/core/CMakeFiles/perfanalyzer_core.dir/profiler.c.o
#10 1.738 [ 11%] Building C object src/tools/CMakeFiles/container_monitor.dir/container_monitor.c.o
#10 1.741 [ 13%] Building C object src/core/CMakeFiles/perfanalyzer_core.dir/perf.c.o
#10 1.757 [ 15%] Building C object src/core/CMakeFiles/perfanalyzer_core.dir/ring_buffer.c.o
#10 1.767 [ 20%] Building C object src/core/CMakeFiles/perfanalyzer_core.dir/exporter_json.c.o
#10 1.777 [ 22%] Building C object src/core/CMakeFiles/perfanalyzer_core.dir/sampler_io.c.o
#10 1.781 [ 18%] Building C object src/core/CMakeFiles/perfanalyzer_core.dir/sampler_mem.c.o
#10 2.092 [ 25%] Linking C executable container_monitor
#10 2.099 [ 27%] Linking C static library libperfanalyzer_core.a
#10 2.155 [ 29%] Linking C static library libunity.a
#10 2.264 [ 29%] Built target perfanalyzer_core
#10 2.318 [ 29%] Built target unity
#10 2.455 [ 31%] Building C object src/workloads/CMakeFiles/mem_stress.dir/mem_stress.c.o
#10 2.492 [ 36%] Building C object src/cli/CMakeFiles/perfctl.dir/perfctl.c.o
#10 2.493 [ 36%] Building C object tests/CMakeFiles/test_sampler_cpu.dir/test_sampler_cpu.c.o
#10 2.506 [ 40%] Building C object src/workloads/CMakeFiles/mem_stress_nosampler.dir/mem_stress.c.o
#10 2.514 [ 45%] Building C object src/workloads/CMakeFiles/cpu_stress.dir/cpu_stress.c.o
#10 2.515 [ 43%] Building C object src/server/CMakeFiles/perfanalyzer_server.dir/main.c.o
#10 2.516 [ 45%] Building C object src/workloads/CMakeFiles/io_stress_nosampler.dir/io_stress.c.o
#10 2.532 [ 47%] Building C object tests/CMakeFiles/test_sampler_io.dir/test_sampler_io.c.o
#10 2.540 [ 50%] Building C object src/server/CMakeFiles/perfanalyzer_server.dir/http.c.o
#10 2.549 [ 52%] Building C object src/server/CMakeFiles/perfanalyzer_server.dir/dashboard.c.o
#10 2.558 [ 54%] Building C object src/server/CMakeFiles/perfanalyzer_server.dir/routes.c.o
#10 2.563 [ 56%] Building C object src/workloads/CMakeFiles/cpu_stress_nosampler.dir/cpu_stress.c.o
#10 2.620 [ 59%] Building C object tests/CMakeFiles/test_profiler.dir/test_profiler.c.o
#10 2.680 /src/src/server/dashboard.c:255:1: warning: string length '9524' is greater than the length '4095' ISO C99 compilers are required to support [-Woverlength-strings]
#10 2.680   255 | "</html>\n";
#10 2.680       | ^~~~~~~~~~~
#10 2.686 [ 61%] Building C object tests/CMakeFiles/test_sampler_mem.dir/test_sampler_mem.c.o
#10 2.694 [ 63%] Building C object src/workloads/CMakeFiles/io_stress.dir/io_stress.c.o
#10 2.709 /src/tests/test_sampler_cpu.c:8:6: warning: no previous prototype for 'test_cpu_read_self' [-Wmissing-prototypes]
#10 2.709     8 | void test_cpu_read_self(void)
#10 2.709       |      ^~~~~~~~~~~~~~~~~~
#10 2.720 [ 65%] Building C object tests/CMakeFiles/test_exporter.dir/test_exporter.c.o
#10 2.736 /src/tests/test_sampler_cpu.c:17:6: warning: no previous prototype for 'test_cpu_percent_negative_on_first' [-Wmissing-prototypes]
#10 2.736    17 | void test_cpu_percent_negative_on_first(void)
#10 2.736       |      ^~~~~~~~~~~~~~~~~~~~~~~~~~~~~~~~~~
#10 2.736 /src/tests/test_sampler_cpu.c:23:6: warning: no previous prototype for 'test_cpu_percent_range' [-Wmissing-prototypes]
#10 2.736    23 | void test_cpu_percent_range(void)
#10 2.736       |      ^~~~~~~~~~~~~~~~~~~~~~
#10 2.742 /src/tests/test_sampler_cpu.c: In function 'test_cpu_percent_range':
#10 2.742 /src/tests/test_sampler_cpu.c:31:5: warning: implicit declaration of function 'nanosleep' [-Wimplicit-function-declaration]
#10 2.742    31 |     nanosleep(&ts, NULL);
#10 2.742       |     ^~~~~~~~~
#10 2.750 [ 68%] Building C object tests/CMakeFiles/test_ring_buffer.dir/test_ring_buffer.c.o
#10 2.875 [ 70%] Linking C executable mem_stress
#10 2.890 /src/tests/test_exporter.c:8:6: warning: no previous prototype for 'test_sample_to_json_contains_keys' [-Wmissing-prototypes]
#10 2.890     8 | void test_sample_to_json_contains_keys(void)
#10 2.890       |      ^~~~~~~~~~~~~~~~~~~~~~~~~~~~~~~~~
#10 2.902 /src/tests/test_exporter.c:24:6: warning: no previous prototype for 'test_sample_to_json_buffer_too_small' [-Wmissing-prototypes]
#10 2.902    24 | void test_sample_to_json_buffer_too_small(void)
#10 2.902       |      ^~~~~~~~~~~~~~~~~~~~~~~~~~~~~~~~~~~~
#10 2.902 /src/tests/test_exporter.c:33:6: warning: no previous prototype for 'test_series_to_json_empty' [-Wmissing-prototypes]
#10 2.902    33 | void test_series_to_json_empty(void)
#10 2.902       |      ^~~~~~~~~~~~~~~~~~~~~~~~~
#10 2.937 [ 72%] Linking C executable mem_stress_nosampler
#10 2.962 [ 75%] Linking C executable test_sampler_cpu
#10 2.995 [ 77%] Linking C executable test_exporter
#10 3.014 [ 79%] Linking C executable perfctl
#10 3.029 /src/tests/test_sampler_mem.c:8:6: warning: no previous prototype for 'test_mem_read_nonzero' [-Wmissing-prototypes]
#10 3.029     8 | void test_mem_read_nonzero(void)
#10 3.029       |      ^~~~~~~~~~~~~~~~~~~~~
#10 3.029 /src/tests/test_sampler_io.c:8:6: warning: no previous prototype for 'test_io_read_ok' [-Wmissing-prototypes]
#10 3.029     8 | void test_io_read_ok(void)
#10 3.029       |      ^~~~~~~~~~~~~~~
#10 3.045 /src/tests/test_sampler_mem.c:17:6: warning: no previous prototype for 'test_mem_peak_ge_rss' [-Wmissing-prototypes]
#10 3.045    17 | void test_mem_peak_ge_rss(void)
#10 3.045       |      ^~~~~~~~~~~~~~~~~~~~
#10 3.045 /src/tests/test_sampler_mem.c:25:6: warning: no previous prototype for 'test_mem_bad_path' [-Wmissing-prototypes]
#10 3.045    25 | void test_mem_bad_path(void)
#10 3.045       |      ^~~~~~~~~~~~~~~~~
#10 3.047 /src/tests/test_ring_buffer.c:8:6: warning: no previous prototype for 'test_ring_push_drain' [-Wmissing-prototypes]
#10 3.047     8 | void test_ring_push_drain(void)
#10 3.047       |      ^~~~~~~~~~~~~~~~~~~~
#10 3.052 /src/tests/test_ring_buffer.c:25:6: warning: no previous prototype for 'test_ring_empty_drain' [-Wmissing-prototypes]
#10 3.052    25 | void test_ring_empty_drain(void)
#10 3.052       |      ^~~~~~~~~~~~~~~~~~~~~
#10 3.064 /src/tests/test_ring_buffer.c:35:6: warning: no previous prototype for 'test_ring_overflow_keeps_newest' [-Wmissing-prototypes]
#10 3.064    35 | void test_ring_overflow_keeps_newest(void)
#10 3.064       |      ^~~~~~~~~~~~~~~~~~~~~~~~~~~~~~~
#10 3.082 /src/tests/test_sampler_io.c:17:6: warning: no previous prototype for 'test_io_bad_path' [-Wmissing-prototypes]
#10 3.082    17 | void test_io_bad_path(void)
#10 3.082       |      ^~~~~~~~~~~~~~~~
#10 3.104 /src/tests/test_profiler.c:13:6: warning: no previous prototype for 'test_probe_begin_end' [-Wmissing-prototypes]
#10 3.104    13 | void test_probe_begin_end(void)
#10 3.104       |      ^~~~~~~~~~~~~~~~~~~~
#10 3.140 [ 81%] Linking C executable cpu_stress
#10 3.156 [ 84%] Linking C executable io_stress_nosampler
#10 3.172 /src/tests/test_profiler.c: In function 'test_probe_begin_end':
#10 3.172 /src/tests/test_profiler.c:22:13: warning: implicit declaration of function 'nanosleep' [-Wimplicit-function-declaration]
#10 3.172    22 |             nanosleep(&ts, NULL);
#10 3.172       |             ^~~~~~~~~
#10 3.179 /src/tests/test_profiler.c: At top level:
#10 3.179 /src/tests/test_profiler.c:41:6: warning: no previous prototype for 'test_probe_reset' [-Wmissing-prototypes]
#10 3.179    41 | void test_probe_reset(void)
#10 3.179       |      ^~~~~~~~~~~~~~~~
#10 3.191 /src/tests/test_profiler.c:61:6: warning: no previous prototype for 'test_probe_percentiles' [-Wmissing-prototypes]
#10 3.191    61 | void test_probe_percentiles(void)
#10 3.191       |      ^~~~~~~~~~~~~~~~~~~~~~
#10 3.191 /src/tests/test_profiler.c: In function 'test_probe_percentiles':
#10 3.191 /src/tests/test_profiler.c:76:33: warning: implicit declaration of function 'malloc' [-Wimplicit-function-declaration]
#10 3.191    76 |     perf_probe_stats_t *stats = malloc(n * sizeof(*stats));
#10 3.191       |                                 ^~~~~~
#10 3.191 /src/tests/test_profiler.c:7:1: note: include '<stdlib.h>' or provide a declaration of 'malloc'
#10 3.191     6 | #include <string.h>
#10 3.191   +++ |+#include <stdlib.h>
#10 3.191     7 | 
#10 3.191 /src/tests/test_profiler.c:76:33: warning: incompatible implicit declaration of built-in function 'malloc' [-Wbuiltin-declaration-mismatch]
#10 3.191    76 |     perf_probe_stats_t *stats = malloc(n * sizeof(*stats));
#10 3.191       |                                 ^~~~~~
#10 3.191 /src/tests/test_profiler.c:76:33: note: include '<stdlib.h>' or provide a declaration of 'malloc'
#10 3.191 /src/tests/test_profiler.c:83:5: warning: implicit declaration of function 'free' [-Wimplicit-function-declaration]
#10 3.191    83 |     free(stats);
#10 3.191       |     ^~~~
#10 3.191 /src/tests/test_profiler.c:83:5: note: include '<stdlib.h>' or provide a declaration of 'free'
#10 3.191 /src/tests/test_profiler.c:83:5: warning: incompatible implicit declaration of built-in function 'free' [-Wbuiltin-declaration-mismatch]
#10 3.191 /src/tests/test_profiler.c:83:5: note: include '<stdlib.h>' or provide a declaration of 'free'
#10 3.255 [ 86%] Linking C executable cpu_stress_nosampler
#10 3.282 [ 88%] Linking C executable test_sampler_io
#10 3.284 [ 90%] Linking C executable io_stress
#10 3.298 [ 93%] Linking C executable test_sampler_mem
#10 3.303 [ 93%] Built target container_monitor
#10 3.358 [ 95%] Linking C executable perfanalyzer_server
#10 3.406 [ 97%] Linking C executable test_ring_buffer
#10 3.538 [100%] Linking C executable test_profiler
#10 4.315 [100%] Built target test_sampler_io
#10 4.346 [100%] Built target test_sampler_cpu
#10 4.414 [100%] Built target test_exporter
#10 4.455 [100%] Built target mem_stress_nosampler
#10 4.537 [100%] Built target test_sampler_mem
#10 4.722 [100%] Built target test_ring_buffer
#10 4.775 [100%] Built target perfctl
#10 4.825 [100%] Built target io_stress_nosampler
#10 4.839 [100%] Built target cpu_stress_nosampler
#10 4.875 [100%] Built target mem_stress
#10 4.895 [100%] Built target cpu_stress
#10 4.934 [100%] Built target io_stress
#10 4.996 [100%] Built target perfanalyzer_server
#10 5.081 [100%] Built target test_profiler
#10 DONE 5.4s

#11 [runtime 8/9] COPY --from=builder /src/build/src/workloads/mem_stress         ./mem_stress
#11 CACHED

#12 [runtime 2/9] RUN apt-get update && apt-get install -y --no-install-recommends     wget     && rm -rf /var/lib/apt/lists/*
#12 CACHED

#13 [runtime 3/9] WORKDIR /app
#13 CACHED

#14 [runtime 4/9] COPY --from=builder /src/build/src/server/perfanalyzer_server   ./perfanalyzer_server
#14 CACHED

#15 [runtime 5/9] COPY --from=builder /src/build/src/cli/perfctl                  ./perfctl
#15 CACHED

#16 [runtime 6/9] COPY --from=builder /src/build/src/tools/container_monitor      ./container_monitor
#16 CACHED

#17 [runtime 7/9] COPY --from=builder /src/build/src/workloads/cpu_stress         ./cpu_stress
#17 CACHED

#18 [runtime 9/9] COPY --from=builder /src/build/src/workloads/io_stress          ./io_stress
#18 CACHED

#19 exporting to image
#19 exporting layers 0.0s done
#19 exporting manifest sha256:f3573c3c5a52ae41d4b61afc565f1f7998c40771df25e27385303c4b2ff3d12b done
#19 exporting config sha256:b670cb7e8a89894e732aafbd53de9ede0f182e60d0c9d1547acad0b199695aff 0.0s done
#19 exporting attestation manifest sha256:4a122b931393431129e8b7f303134e98a4b08bc6f29a0ea8e4ffe4a40ccc598b
#19 exporting attestation manifest sha256:4a122b931393431129e8b7f303134e98a4b08bc6f29a0ea8e4ffe4a40ccc598b 0.2s done
#19 exporting manifest list sha256:d3cc7139ea34a5476b9623a70e94eb36b4db76b86c20a52162e109d19ba58f06
#19 exporting manifest list sha256:d3cc7139ea34a5476b9623a70e94eb36b4db76b86c20a52162e109d19ba58f06 0.1s done
#19 naming to docker.io/library/docker-cpu-limit:latest
#19 naming to docker.io/library/docker-cpu-limit:latest 0.0s done
#19 unpacking to docker.io/library/docker-cpu-limit:latest 0.1s done
#19 DONE 0.8s

#20 resolving provenance for metadata file
#20 DONE 0.1s
..............................
[0;32m[EXP][0m ─── DOCKER:mem-limit | cpu_stress | intensidad=2 ───
#1 [internal] load local bake definitions
#1 reading from stdin 565B done
#1 DONE 0.0s

#2 [internal] load build definition from Dockerfile.app
#2 transferring dockerfile: 1.81kB 0.0s done
#2 DONE 0.1s

#3 [internal] load metadata for docker.io/library/debian:bookworm-slim
#3 DONE 0.9s

#4 [internal] load .dockerignore
#4 transferring context: 68B 0.0s done
#4 DONE 0.1s

#5 [internal] load build context
#5 DONE 0.0s

#6 [builder 1/5] FROM docker.io/library/debian:bookworm-slim@sha256:0104b334637a5f19aa9c983a91b54c89887c0984081f2068983107a6f6c21eeb
#6 resolve docker.io/library/debian:bookworm-slim@sha256:0104b334637a5f19aa9c983a91b54c89887c0984081f2068983107a6f6c21eeb
#6 resolve docker.io/library/debian:bookworm-slim@sha256:0104b334637a5f19aa9c983a91b54c89887c0984081f2068983107a6f6c21eeb 0.2s done
#6 DONE 0.2s

#5 [internal] load build context
#5 transferring context: 159.20kB 0.0s done
#5 DONE 0.1s

#7 [builder 2/5] RUN apt-get update && apt-get install -y     build-essential     cmake     && rm -rf /var/lib/apt/lists/*
#7 CACHED

#8 [builder 3/5] WORKDIR /src
#8 CACHED

#9 [builder 4/5] COPY . .
#9 DONE 0.4s

#10 [builder 5/5] RUN cmake -B build -DCMAKE_BUILD_TYPE=Release . &&     cmake --build build --parallel
#10 0.998 -- The C compiler identification is GNU 12.2.0
#10 1.036 -- Detecting C compiler ABI info
#10 1.277 -- Detecting C compiler ABI info - done
#10 1.290 -- Check for working C compiler: /usr/bin/cc - skipped
#10 1.291 -- Detecting C compile features
#10 1.292 -- Detecting C compile features - done
#10 1.303 -- Configuring done
#10 1.377 -- Generating done
#10 1.396 -- Build files have been written to: /src/build
#10 1.586 [  2%] Building C object tests/CMakeFiles/unity.dir/unity/unity.c.o
#10 1.592 [  4%] Building C object src/core/CMakeFiles/perfanalyzer_core.dir/perf.c.o
#10 1.601 [  6%] Building C object src/core/CMakeFiles/perfanalyzer_core.dir/sampler_io.c.o
#10 1.612 [ 11%] Building C object src/core/CMakeFiles/perfanalyzer_core.dir/sampler_cgroup.c.o
#10 1.618 [ 11%] Building C object src/tools/CMakeFiles/container_monitor.dir/container_monitor.c.o
#10 1.621 [ 13%] Building C object src/core/CMakeFiles/perfanalyzer_core.dir/sampler_mem.c.o
#10 1.626 [ 15%] Building C object src/core/CMakeFiles/perfanalyzer_core.dir/sampler_cpu.c.o
#10 1.628 [ 18%] Building C object src/core/CMakeFiles/perfanalyzer_core.dir/ring_buffer.c.o
#10 1.653 [ 20%] Building C object src/core/CMakeFiles/perfanalyzer_core.dir/profiler.c.o
#10 1.668 [ 22%] Building C object src/core/CMakeFiles/perfanalyzer_core.dir/exporter_json.c.o
#10 1.946 [ 25%] Linking C executable container_monitor
#10 1.954 [ 27%] Linking C static library libperfanalyzer_core.a
#10 1.993 [ 29%] Linking C static library libunity.a
#10 2.119 [ 29%] Built target perfanalyzer_core
#10 2.201 [ 29%] Built target unity
#10 2.272 [ 31%] Building C object src/workloads/CMakeFiles/cpu_stress.dir/cpu_stress.c.o
#10 2.309 [ 34%] Building C object src/server/CMakeFiles/perfanalyzer_server.dir/main.c.o
#10 2.317 [ 36%] Building C object src/workloads/CMakeFiles/mem_stress_nosampler.dir/mem_stress.c.o
#10 2.325 [ 38%] Building C object src/server/CMakeFiles/perfanalyzer_server.dir/http.c.o
#10 2.337 [ 40%] Building C object src/workloads/CMakeFiles/cpu_stress_nosampler.dir/cpu_stress.c.o
#10 2.345 [ 43%] Building C object src/server/CMakeFiles/perfanalyzer_server.dir/dashboard.c.o
#10 2.351 [ 45%] Building C object src/server/CMakeFiles/perfanalyzer_server.dir/routes.c.o
#10 2.362 [ 47%] Building C object src/workloads/CMakeFiles/mem_stress.dir/mem_stress.c.o
#10 2.409 [ 50%] Building C object src/workloads/CMakeFiles/io_stress.dir/io_stress.c.o
#10 2.421 [ 52%] Building C object src/cli/CMakeFiles/perfctl.dir/perfctl.c.o
#10 2.459 [ 54%] Building C object src/workloads/CMakeFiles/io_stress_nosampler.dir/io_stress.c.o
#10 2.470 /src/src/server/dashboard.c:255:1: warning: string length '9524' is greater than the length '4095' ISO C99 compilers are required to support [-Woverlength-strings]
#10 2.470   255 | "</html>\n";
#10 2.470       | ^~~~~~~~~~~
#10 2.487 [ 56%] Building C object tests/CMakeFiles/test_sampler_io.dir/test_sampler_io.c.o
#10 2.527 [ 59%] Building C object tests/CMakeFiles/test_sampler_mem.dir/test_sampler_mem.c.o
#10 2.546 [ 61%] Building C object tests/CMakeFiles/test_profiler.dir/test_profiler.c.o
#10 2.566 [ 63%] Building C object tests/CMakeFiles/test_sampler_cpu.dir/test_sampler_cpu.c.o
#10 2.613 [ 65%] Building C object tests/CMakeFiles/test_exporter.dir/test_exporter.c.o
#10 2.677 [ 68%] Building C object tests/CMakeFiles/test_ring_buffer.dir/test_ring_buffer.c.o
#10 2.744 /src/tests/test_sampler_mem.c:8:6: warning: no previous prototype for 'test_mem_read_nonzero' [-Wmissing-prototypes]
#10 2.744     8 | void test_mem_read_nonzero(void)
#10 2.744       |      ^~~~~~~~~~~~~~~~~~~~~
#10 2.756 /src/tests/test_sampler_mem.c:17:6: warning: no previous prototype for 'test_mem_peak_ge_rss' [-Wmissing-prototypes]
#10 2.756    17 | void test_mem_peak_ge_rss(void)
#10 2.756       |      ^~~~~~~~~~~~~~~~~~~~
#10 2.763 /src/tests/test_sampler_mem.c:25:6: warning: no previous prototype for 'test_mem_bad_path' [-Wmissing-prototypes]
#10 2.763    25 | void test_mem_bad_path(void)
#10 2.763       |      ^~~~~~~~~~~~~~~~~
#10 2.843 [ 70%] Linking C executable perfctl
#10 2.920 [ 72%] Linking C executable mem_stress_nosampler
#10 2.942 /src/tests/test_ring_buffer.c:8:6: warning: no previous prototype for 'test_ring_push_drain' [-Wmissing-prototypes]
#10 2.942     8 | void test_ring_push_drain(void)
#10 2.942       |      ^~~~~~~~~~~~~~~~~~~~
#10 2.942 /src/tests/test_ring_buffer.c:25:6: warning: no previous prototype for 'test_ring_empty_drain' [-Wmissing-prototypes]
#10 2.942    25 | void test_ring_empty_drain(void)
#10 2.942       |      ^~~~~~~~~~~~~~~~~~~~~
#10 2.942 /src/tests/test_ring_buffer.c:35:6: warning: no previous prototype for 'test_ring_overflow_keeps_newest' [-Wmissing-prototypes]
#10 2.942    35 | void test_ring_overflow_keeps_newest(void)
#10 2.942       |      ^~~~~~~~~~~~~~~~~~~~~~~~~~~~~~~
#10 3.014 /src/tests/test_exporter.c:8:6: warning: no previous prototype for 'test_sample_to_json_contains_keys' [-Wmissing-prototypes]
#10 3.014     8 | void test_sample_to_json_contains_keys(void)
#10 3.014       |      ^~~~~~~~~~~~~~~~~~~~~~~~~~~~~~~~~
#10 3.015 /src/tests/test_exporter.c:24:6: warning: no previous prototype for 'test_sample_to_json_buffer_too_small' [-Wmissing-prototypes]
#10 3.015    24 | void test_sample_to_json_buffer_too_small(void)
#10 3.015       |      ^~~~~~~~~~~~~~~~~~~~~~~~~~~~~~~~~~~~
#10 3.023 /src/tests/test_exporter.c:33:6: warning: no previous prototype for 'test_series_to_json_empty' [-Wmissing-prototypes]
#10 3.023    33 | void test_series_to_json_empty(void)
#10 3.023       |      ^~~~~~~~~~~~~~~~~~~~~~~~~
#10 3.034 [ 75%] Linking C executable cpu_stress_nosampler
#10 3.039 /src/tests/test_sampler_cpu.c:8:6: warning: no previous prototype for 'test_cpu_read_self' [-Wmissing-prototypes]
#10 3.039     8 | void test_cpu_read_self(void)
#10 3.039       |      ^~~~~~~~~~~~~~~~~~
#10 3.045 /src/tests/test_sampler_cpu.c:17:6: warning: no previous prototype for 'test_cpu_percent_negative_on_first' [-Wmissing-prototypes]
#10 3.045    17 | void test_cpu_percent_negative_on_first(void)
#10 3.045       |      ^~~~~~~~~~~~~~~~~~~~~~~~~~~~~~~~~~
#10 3.045 /src/tests/test_sampler_cpu.c:23:6: warning: no previous prototype for 'test_cpu_percent_range' [-Wmissing-prototypes]
#10 3.045    23 | void test_cpu_percent_range(void)
#10 3.045       |      ^~~~~~~~~~~~~~~~~~~~~~
#10 3.053 /src/tests/test_sampler_cpu.c: In function 'test_cpu_percent_range':
#10 3.053 /src/tests/test_sampler_cpu.c:31:5: warning: implicit declaration of function 'nanosleep' [-Wimplicit-function-declaration]
#10 3.053    31 |     nanosleep(&ts, NULL);
#10 3.053       |     ^~~~~~~~~
#10 3.077 [ 77%] Linking C executable test_sampler_mem
#10 3.110 [ 79%] Linking C executable mem_stress
#10 3.112 /src/tests/test_sampler_io.c:8:6: warning: no previous prototype for 'test_io_read_ok' [-Wmissing-prototypes]
#10 3.112     8 | void test_io_read_ok(void)
#10 3.112       |      ^~~~~~~~~~~~~~~
#10 3.146 /src/tests/test_sampler_io.c:17:6: warning: no previous prototype for 'test_io_bad_path' [-Wmissing-prototypes]
#10 3.146    17 | void test_io_bad_path(void)
#10 3.146       |      ^~~~~~~~~~~~~~~~
#10 3.151 [ 79%] Built target container_monitor
#10 3.191 [ 81%] Linking C executable test_exporter
#10 3.199 [ 84%] Linking C executable test_ring_buffer
#10 3.207 [ 86%] Linking C executable test_sampler_cpu
#10 3.243 /src/tests/test_profiler.c:13:6: warning: no previous prototype for 'test_probe_begin_end' [-Wmissing-prototypes]
#10 3.243    13 | void test_probe_begin_end(void)
#10 3.243       |      ^~~~~~~~~~~~~~~~~~~~
#10 3.269 /src/tests/test_profiler.c: In function 'test_probe_begin_end':
#10 3.269 /src/tests/test_profiler.c:22:13: warning: implicit declaration of function 'nanosleep' [-Wimplicit-function-declaration]
#10 3.269    22 |             nanosleep(&ts, NULL);
#10 3.269       |             ^~~~~~~~~
#10 3.269 /src/tests/test_profiler.c: At top level:
#10 3.269 /src/tests/test_profiler.c:41:6: warning: no previous prototype for 'test_probe_reset' [-Wmissing-prototypes]
#10 3.269    41 | void test_probe_reset(void)
#10 3.269       |      ^~~~~~~~~~~~~~~~
#10 3.270 /src/tests/test_profiler.c:61:6: warning: no previous prototype for 'test_probe_percentiles' [-Wmissing-prototypes]
#10 3.270    61 | void test_probe_percentiles(void)
#10 3.270       |      ^~~~~~~~~~~~~~~~~~~~~~
#10 3.282 /src/tests/test_profiler.c: In function 'test_probe_percentiles':
#10 3.282 /src/tests/test_profiler.c:76:33: warning: implicit declaration of function 'malloc' [-Wimplicit-function-declaration]
#10 3.282    76 |     perf_probe_stats_t *stats = malloc(n * sizeof(*stats));
#10 3.282       |                                 ^~~~~~
#10 3.282 /src/tests/test_profiler.c:7:1: note: include '<stdlib.h>' or provide a declaration of 'malloc'
#10 3.282     6 | #include <string.h>
#10 3.282   +++ |+#include <stdlib.h>
#10 3.282     7 | 
#10 3.284 /src/tests/test_profiler.c:76:33: warning: incompatible implicit declaration of built-in function 'malloc' [-Wbuiltin-declaration-mismatch]
#10 3.284    76 |     perf_probe_stats_t *stats = malloc(n * sizeof(*stats));
#10 3.284       |                                 ^~~~~~
#10 3.284 /src/tests/test_profiler.c:76:33: note: include '<stdlib.h>' or provide a declaration of 'malloc'
#10 3.284 /src/tests/test_profiler.c:83:5: warning: implicit declaration of function 'free' [-Wimplicit-function-declaration]
#10 3.284    83 |     free(stats);
#10 3.284       |     ^~~~
#10 3.284 /src/tests/test_profiler.c:83:5: note: include '<stdlib.h>' or provide a declaration of 'free'
#10 3.284 /src/tests/test_profiler.c:83:5: warning: incompatible implicit declaration of built-in function 'free' [-Wbuiltin-declaration-mismatch]
#10 3.284 /src/tests/test_profiler.c:83:5: note: include '<stdlib.h>' or provide a declaration of 'free'
#10 3.289 [ 88%] Linking C executable cpu_stress
#10 3.306 [ 90%] Linking C executable perfanalyzer_server
#10 3.350 [ 93%] Linking C executable io_stress
#10 3.441 [ 95%] Linking C executable test_sampler_io
#10 3.470 [ 97%] Linking C executable io_stress_nosampler
#10 3.569 [100%] Linking C executable test_profiler
#10 4.734 [100%] Built target test_sampler_mem
#10 5.084 [100%] Built target perfctl
#10 5.108 [100%] Built target cpu_stress_nosampler
#10 5.175 [100%] Built target test_ring_buffer
#10 5.202 [100%] Built target mem_stress_nosampler
#10 5.288 [100%] Built target test_exporter
#10 5.444 [100%] Built target test_sampler_cpu
#10 5.487 [100%] Built target io_stress_nosampler
#10 5.502 [100%] Built target io_stress
#10 5.527 [100%] Built target test_sampler_io
#10 5.535 [100%] Built target mem_stress
#10 5.660 [100%] Built target test_profiler
#10 5.689 [100%] Built target perfanalyzer_server
#10 5.839 [100%] Built target cpu_stress
#10 DONE 6.1s

#11 [runtime 2/9] RUN apt-get update && apt-get install -y --no-install-recommends     wget     && rm -rf /var/lib/apt/lists/*
#11 CACHED

#12 [runtime 3/9] WORKDIR /app
#12 CACHED

#13 [runtime 4/9] COPY --from=builder /src/build/src/server/perfanalyzer_server   ./perfanalyzer_server
#13 CACHED

#14 [runtime 5/9] COPY --from=builder /src/build/src/cli/perfctl                  ./perfctl
#14 CACHED

#15 [runtime 6/9] COPY --from=builder /src/build/src/tools/container_monitor      ./container_monitor
#15 CACHED

#16 [runtime 7/9] COPY --from=builder /src/build/src/workloads/cpu_stress         ./cpu_stress
#16 CACHED

#17 [runtime 8/9] COPY --from=builder /src/build/src/workloads/mem_stress         ./mem_stress
#17 CACHED

#18 [runtime 9/9] COPY --from=builder /src/build/src/workloads/io_stress          ./io_stress
#18 CACHED

#19 exporting to image
#19 exporting layers 0.0s done
#19 exporting manifest sha256:70b9c00a929874891d1b3a0f6f337ceafd8af45fc33fe912a242a9305b80aa03 0.0s done
#19 exporting config sha256:ea99691dffd255a776197280dd5949ebe82e4b1700cbce83290b03264c9ce92a 0.0s done
#19 exporting attestation manifest sha256:b30d416aabbf39a2101a6ba2652003f4d01eb4364c5d2cf8d49b784159b8c255
#19 exporting attestation manifest sha256:b30d416aabbf39a2101a6ba2652003f4d01eb4364c5d2cf8d49b784159b8c255 0.2s done
#19 exporting manifest list sha256:cab98f8e5056cf384a456e99600eb0fb82581332d9a5c3647eddcf198e9d8bf0
#19 exporting manifest list sha256:cab98f8e5056cf384a456e99600eb0fb82581332d9a5c3647eddcf198e9d8bf0 0.1s done
#19 naming to docker.io/library/docker-mem-limit:latest 0.0s done
#19 unpacking to docker.io/library/docker-mem-limit:latest 0.1s done
#19 DONE 0.6s

#20 resolving provenance for metadata file
#20 DONE 0.1s
#1 [internal] load local bake definitions
#1 reading from stdin 565B done
#1 DONE 0.0s

#2 [internal] load build definition from Dockerfile.app
#2 transferring dockerfile: 1.81kB 0.0s done
#2 DONE 0.1s

#3 [internal] load metadata for docker.io/library/debian:bookworm-slim
#3 DONE 0.3s

#4 [internal] load .dockerignore
#4 transferring context: 68B done
#4 DONE 0.1s

#5 [internal] load build context
#5 DONE 0.0s

#6 [builder 1/5] FROM docker.io/library/debian:bookworm-slim@sha256:0104b334637a5f19aa9c983a91b54c89887c0984081f2068983107a6f6c21eeb
#6 resolve docker.io/library/debian:bookworm-slim@sha256:0104b334637a5f19aa9c983a91b54c89887c0984081f2068983107a6f6c21eeb 0.1s done
#6 DONE 0.2s

#5 [internal] load build context
#5 transferring context: 157.33kB 0.0s done
#5 DONE 0.1s

#7 [builder 2/5] RUN apt-get update && apt-get install -y     build-essential     cmake     && rm -rf /var/lib/apt/lists/*
#7 CACHED

#8 [builder 3/5] WORKDIR /src
#8 CACHED

#9 [builder 4/5] COPY . .
#9 DONE 0.4s

#10 [builder 5/5] RUN cmake -B build -DCMAKE_BUILD_TYPE=Release . &&     cmake --build build --parallel
#10 1.123 -- The C compiler identification is GNU 12.2.0
#10 1.153 -- Detecting C compiler ABI info
#10 1.401 -- Detecting C compiler ABI info - done
#10 1.426 -- Check for working C compiler: /usr/bin/cc - skipped
#10 1.427 -- Detecting C compile features
#10 1.430 -- Detecting C compile features - done
#10 1.447 -- Configuring done
#10 1.544 -- Generating done
#10 1.557 -- Build files have been written to: /src/build
#10 1.761 [  2%] Building C object src/core/CMakeFiles/perfanalyzer_core.dir/sampler_cgroup.c.o
#10 1.772 [  4%] Building C object src/core/CMakeFiles/perfanalyzer_core.dir/sampler_mem.c.o
#10 1.777 [  6%] Building C object src/core/CMakeFiles/perfanalyzer_core.dir/profiler.c.o
#10 1.789 [  9%] Building C object src/core/CMakeFiles/perfanalyzer_core.dir/perf.c.o
#10 1.795 [ 11%] Building C object src/core/CMakeFiles/perfanalyzer_core.dir/exporter_json.c.o
#10 1.798 [ 13%] Building C object src/tools/CMakeFiles/container_monitor.dir/container_monitor.c.o
#10 1.801 [ 15%] Building C object src/core/CMakeFiles/perfanalyzer_core.dir/sampler_cpu.c.o
#10 1.816 [ 18%] Building C object src/core/CMakeFiles/perfanalyzer_core.dir/ring_buffer.c.o
#10 1.833 [ 20%] Building C object src/core/CMakeFiles/perfanalyzer_core.dir/sampler_io.c.o
#10 1.843 [ 22%] Building C object tests/CMakeFiles/unity.dir/unity/unity.c.o
#10 2.153 [ 25%] Linking C static library libperfanalyzer_core.a
#10 2.159 [ 27%] Linking C executable container_monitor
#10 2.239 [ 29%] Linking C static library libunity.a
#10 2.303 [ 29%] Built target perfanalyzer_core
#10 2.463 [ 31%] Building C object src/workloads/CMakeFiles/cpu_stress.dir/cpu_stress.c.o
#10 2.463 [ 34%] Building C object src/server/CMakeFiles/perfanalyzer_server.dir/main.c.o
#10 2.474 [ 36%] Building C object src/server/CMakeFiles/perfanalyzer_server.dir/routes.c.o
#10 2.477 [ 36%] Built target unity
#10 2.487 [ 38%] Building C object src/workloads/CMakeFiles/mem_stress.dir/mem_stress.c.o
#10 2.496 [ 40%] Building C object src/server/CMakeFiles/perfanalyzer_server.dir/dashboard.c.o
#10 2.552 [ 43%] Building C object src/server/CMakeFiles/perfanalyzer_server.dir/http.c.o
#10 2.566 [ 45%] Building C object src/workloads/CMakeFiles/cpu_stress_nosampler.dir/cpu_stress.c.o
#10 2.571 [ 47%] Building C object src/workloads/CMakeFiles/mem_stress_nosampler.dir/mem_stress.c.o
#10 2.582 /src/src/server/dashboard.c:255:1: warning: string length '9524' is greater than the length '4095' ISO C99 compilers are required to support [-Woverlength-strings]
#10 2.582   255 | "</html>\n";
#10 2.582       | ^~~~~~~~~~~
#10 2.597 [ 50%] Building C object src/workloads/CMakeFiles/io_stress.dir/io_stress.c.o
#10 2.637 [ 52%] Building C object src/workloads/CMakeFiles/io_stress_nosampler.dir/io_stress.c.o
#10 2.658 [ 54%] Building C object src/cli/CMakeFiles/perfctl.dir/perfctl.c.o
#10 2.740 [ 56%] Building C object tests/CMakeFiles/test_sampler_mem.dir/test_sampler_mem.c.o
#10 2.855 [ 59%] Building C object tests/CMakeFiles/test_profiler.dir/test_profiler.c.o
#10 2.880 [ 61%] Building C object tests/CMakeFiles/test_exporter.dir/test_exporter.c.o
#10 2.894 [ 63%] Building C object tests/CMakeFiles/test_ring_buffer.dir/test_ring_buffer.c.o
#10 2.911 [ 65%] Building C object tests/CMakeFiles/test_sampler_cpu.dir/test_sampler_cpu.c.o
#10 2.936 [ 68%] Building C object tests/CMakeFiles/test_sampler_io.dir/test_sampler_io.c.o
#10 3.070 [ 70%] Linking C executable mem_stress
#10 3.095 /src/tests/test_profiler.c:13:6: warning: no previous prototype for 'test_probe_begin_end' [-Wmissing-prototypes]
#10 3.095    13 | void test_probe_begin_end(void)
#10 3.095       |      ^~~~~~~~~~~~~~~~~~~~
#10 3.111 /src/tests/test_profiler.c: In function 'test_probe_begin_end':
#10 3.119 /src/tests/test_profiler.c:22:13: warning: implicit declaration of function 'nanosleep' [-Wimplicit-function-declaration]
#10 3.119    22 |             nanosleep(&ts, NULL);
#10 3.119       |             ^~~~~~~~~
#10 3.129 /src/tests/test_profiler.c: At top level:
#10 3.133 /src/tests/test_profiler.c:41:6: warning: no previous prototype for 'test_probe_reset' [-Wmissing-prototypes]
#10 3.133    41 | void test_probe_reset(void)
#10 3.133       |      ^~~~~~~~~~~~~~~~
#10 3.142 /src/tests/test_profiler.c:61:6: warning: no previous prototype for 'test_probe_percentiles' [-Wmissing-prototypes]
#10 3.142    61 | void test_probe_percentiles(void)
#10 3.142       |      ^~~~~~~~~~~~~~~~~~~~~~
#10 3.149 /src/tests/test_profiler.c: In function 'test_probe_percentiles':
#10 3.149 /src/tests/test_profiler.c:76:33: warning: implicit declaration of function 'malloc' [-Wimplicit-function-declaration]
#10 3.149    76 |     perf_probe_stats_t *stats = malloc(n * sizeof(*stats));
#10 3.149       |                                 ^~~~~~
#10 3.149 /src/tests/test_profiler.c:7:1: note: include '<stdlib.h>' or provide a declaration of 'malloc'
#10 3.149     6 | #include <string.h>
#10 3.149   +++ |+#include <stdlib.h>
#10 3.149     7 | 
#10 3.149 /src/tests/test_profiler.c:76:33: warning: incompatible implicit declaration of built-in function 'malloc' [-Wbuiltin-declaration-mismatch]
#10 3.149    76 |     perf_probe_stats_t *stats = malloc(n * sizeof(*stats));
#10 3.149       |                                 ^~~~~~
#10 3.149 /src/tests/test_profiler.c:76:33: note: include '<stdlib.h>' or provide a declaration of 'malloc'
#10 3.151 /src/tests/test_profiler.c:83:5: warning: implicit declaration of function 'free' [-Wimplicit-function-declaration]
#10 3.151    83 |     free(stats);
#10 3.151       |     ^~~~
#10 3.151 /src/tests/test_profiler.c:83:5: note: include '<stdlib.h>' or provide a declaration of 'free'
#10 3.151 /src/tests/test_profiler.c:83:5: warning: incompatible implicit declaration of built-in function 'free' [-Wbuiltin-declaration-mismatch]
#10 3.151 /src/tests/test_profiler.c:83:5: note: include '<stdlib.h>' or provide a declaration of 'free'
#10 3.213 /src/tests/test_sampler_cpu.c:8:6: warning: no previous prototype for 'test_cpu_read_self' [-Wmissing-prototypes]
#10 3.213     8 | void test_cpu_read_self(void)
#10 3.213       |      ^~~~~~~~~~~~~~~~~~
#10 3.219 /src/tests/test_sampler_cpu.c:17:6: warning: no previous prototype for 'test_cpu_percent_negative_on_first' [-Wmissing-prototypes]
#10 3.219    17 | void test_cpu_percent_negative_on_first(void)
#10 3.219       |      ^~~~~~~~~~~~~~~~~~~~~~~~~~~~~~~~~~
#10 3.219 /src/tests/test_sampler_cpu.c:23:6: warning: no previous prototype for 'test_cpu_percent_range' [-Wmissing-prototypes]
#10 3.219    23 | void test_cpu_percent_range(void)
#10 3.219       |      ^~~~~~~~~~~~~~~~~~~~~~
#10 3.228 /src/tests/test_sampler_cpu.c: In function 'test_cpu_percent_range':
#10 3.228 /src/tests/test_ring_buffer.c:8:6: warning: no previous prototype for 'test_ring_push_drain' [-Wmissing-prototypes]
#10 3.228     8 | void test_ring_push_drain(void)
#10 3.228       |      ^~~~~~~~~~~~~~~~~~~~
#10 3.230 /src/tests/test_sampler_cpu.c:31:5: warning: implicit declaration of function 'nanosleep' [-Wimplicit-function-declaration]
#10 3.230    31 |     nanosleep(&ts, NULL);
#10 3.230       |     ^~~~~~~~~
#10 3.241 /src/tests/test_sampler_mem.c:8:6: warning: no previous prototype for 'test_mem_read_nonzero' [-Wmissing-prototypes]
#10 3.241     8 | void test_mem_read_nonzero(void)
#10 3.241       |      ^~~~~~~~~~~~~~~~~~~~~
#10 3.244 /src/tests/test_sampler_mem.c:17:6: warning: no previous prototype for 'test_mem_peak_ge_rss' [-Wmissing-prototypes]
#10 3.244    17 | void test_mem_peak_ge_rss(void)
#10 3.244       |      ^~~~~~~~~~~~~~~~~~~~
#10 3.252 /src/tests/test_ring_buffer.c:25:6: warning: no previous prototype for 'test_ring_empty_drain' [-Wmissing-prototypes]
#10 3.252    25 | void test_ring_empty_drain(void)
#10 3.252       |      ^~~~~~~~~~~~~~~~~~~~~
#10 3.252 /src/tests/test_ring_buffer.c:35:6: warning: no previous prototype for 'test_ring_overflow_keeps_newest' [-Wmissing-prototypes]
#10 3.252    35 | void test_ring_overflow_keeps_newest(void)
#10 3.252       |      ^~~~~~~~~~~~~~~~~~~~~~~~~~~~~~~
#10 3.254 /src/tests/test_sampler_mem.c:25:6: warning: no previous prototype for 'test_mem_bad_path' [-Wmissing-prototypes]
#10 3.254    25 | void test_mem_bad_path(void)
#10 3.254       |      ^~~~~~~~~~~~~~~~~
#10 3.287 [ 72%] Linking C executable io_stress
#10 3.303 [ 75%] Linking C executable mem_stress_nosampler
#10 3.381 /src/tests/test_sampler_io.c:8:6: warning: no previous prototype for 'test_io_read_ok' [-Wmissing-prototypes]
#10 3.381     8 | void test_io_read_ok(void)
#10 3.381       |      ^~~~~~~~~~~~~~~
#10 3.381 /src/tests/test_sampler_io.c:17:6: warning: no previous prototype for 'test_io_bad_path' [-Wmissing-prototypes]
#10 3.381    17 | void test_io_bad_path(void)
#10 3.381       |      ^~~~~~~~~~~~~~~~
#10 3.381 [ 77%] Linking C executable cpu_stress
#10 3.391 [ 79%] Linking C executable test_profiler
#10 3.423 [ 81%] Linking C executable io_stress_nosampler
#10 3.430 [ 84%] Linking C executable perfanalyzer_server
#10 3.434 [ 86%] Linking C executable perfctl
#10 3.438 /src/tests/test_exporter.c:8:6: warning: no previous prototype for 'test_sample_to_json_contains_keys' [-Wmissing-prototypes]
#10 3.438     8 | void test_sample_to_json_contains_keys(void)
#10 3.438       |      ^~~~~~~~~~~~~~~~~~~~~~~~~~~~~~~~~
#10 3.454 /src/tests/test_exporter.c:24:6: warning: no previous prototype for 'test_sample_to_json_buffer_too_small' [-Wmissing-prototypes]
#10 3.454    24 | void test_sample_to_json_buffer_too_small(void)
#10 3.454       |      ^~~~~~~~~~~~~~~~~~~~~~~~~~~~~~~~~~~~
#10 3.458 /src/tests/test_exporter.c:33:6: warning: no previous prototype for 'test_series_to_json_empty' [-Wmissing-prototypes]
#10 3.458    33 | void test_series_to_json_empty(void)
#10 3.458       |      ^~~~~~~~~~~~~~~~~~~~~~~~~
#10 3.562 [ 88%] Linking C executable test_sampler_cpu
#10 3.568 [ 90%] Linking C executable test_sampler_io
#10 3.577 [ 90%] Built target container_monitor
#10 3.587 [ 93%] Linking C executable test_sampler_mem
#10 3.599 [ 95%] Linking C executable test_ring_buffer
#10 3.614 [ 97%] Linking C executable cpu_stress_nosampler
#10 3.668 [100%] Linking C executable test_exporter
#10 4.899 [100%] Built target io_stress_nosampler
#10 5.028 [100%] Built target mem_stress
#10 5.033 [100%] Built target test_sampler_mem
#10 5.033 [100%] Built target mem_stress_nosampler
#10 5.070 [100%] Built target test_sampler_cpu
#10 5.145 [100%] Built target test_ring_buffer
#10 5.159 [100%] Built target test_exporter
#10 5.174 [100%] Built target test_sampler_io
#10 5.203 [100%] Built target cpu_stress_nosampler
#10 5.217 [100%] Built target perfctl
#10 5.238 [100%] Built target io_stress
#10 5.358 [100%] Built target perfanalyzer_server
#10 5.389 [100%] Built target test_profiler
#10 5.436 [100%] Built target cpu_stress
#10 DONE 5.8s

#11 [runtime 2/9] RUN apt-get update && apt-get install -y --no-install-recommends     wget     && rm -rf /var/lib/apt/lists/*
#11 CACHED

#12 [runtime 3/9] WORKDIR /app
#12 CACHED

#13 [runtime 4/9] COPY --from=builder /src/build/src/server/perfanalyzer_server   ./perfanalyzer_server
#13 CACHED

#14 [runtime 5/9] COPY --from=builder /src/build/src/cli/perfctl                  ./perfctl
#14 CACHED

#15 [runtime 6/9] COPY --from=builder /src/build/src/tools/container_monitor      ./container_monitor
#15 CACHED

#16 [runtime 7/9] COPY --from=builder /src/build/src/workloads/cpu_stress         ./cpu_stress
#16 CACHED

#17 [runtime 8/9] COPY --from=builder /src/build/src/workloads/mem_stress         ./mem_stress
#17 CACHED

#18 [runtime 9/9] COPY --from=builder /src/build/src/workloads/io_stress          ./io_stress
#18 CACHED

#19 exporting to image
#19 exporting layers 0.0s done
#19 exporting manifest sha256:70b9c00a929874891d1b3a0f6f337ceafd8af45fc33fe912a242a9305b80aa03 0.0s done
#19 exporting config sha256:ea99691dffd255a776197280dd5949ebe82e4b1700cbce83290b03264c9ce92a 0.0s done
#19 exporting attestation manifest sha256:4ab03b45b85cae423385905ef557fa5c7e6d278c6ade2777511f1765a8bcc97f
#19 exporting attestation manifest sha256:4ab03b45b85cae423385905ef557fa5c7e6d278c6ade2777511f1765a8bcc97f 0.2s done
#19 exporting manifest list sha256:be3be2168b921f08fc87b74282efe3503c4bcc84f2437e81f92fbfaf8785b131
#19 exporting manifest list sha256:be3be2168b921f08fc87b74282efe3503c4bcc84f2437e81f92fbfaf8785b131 0.1s done
#19 naming to docker.io/library/docker-mem-limit:latest 0.0s done
#19 unpacking to docker.io/library/docker-mem-limit:latest 0.1s done
#19 DONE 0.6s

#20 resolving provenance for metadata file
#20 DONE 0.1s
..............................
[0;32m[EXP][0m ─── HOST | mem_stress | intensidad=1 ───
..............................
[0;32m[EXP][0m ─── DOCKER:baseline | mem_stress | intensidad=1 ───
#1 [internal] load local bake definitions
#1 reading from stdin 561B done
#1 DONE 0.0s

#2 [internal] load build definition from Dockerfile.app
#2 transferring dockerfile: 1.81kB 0.0s done
#2 DONE 0.1s

#3 [internal] load metadata for docker.io/library/debian:bookworm-slim
#3 DONE 0.8s

#4 [internal] load .dockerignore
#4 transferring context: 68B 0.0s done
#4 DONE 0.1s

#5 [internal] load build context
#5 DONE 0.0s

#6 [builder 1/5] FROM docker.io/library/debian:bookworm-slim@sha256:0104b334637a5f19aa9c983a91b54c89887c0984081f2068983107a6f6c21eeb
#6 resolve docker.io/library/debian:bookworm-slim@sha256:0104b334637a5f19aa9c983a91b54c89887c0984081f2068983107a6f6c21eeb
#6 resolve docker.io/library/debian:bookworm-slim@sha256:0104b334637a5f19aa9c983a91b54c89887c0984081f2068983107a6f6c21eeb 0.2s done
#6 DONE 0.2s

#5 [internal] load build context
#5 transferring context: 191.24kB 0.0s done
#5 DONE 0.1s

#7 [builder 2/5] RUN apt-get update && apt-get install -y     build-essential     cmake     && rm -rf /var/lib/apt/lists/*
#7 CACHED

#8 [builder 3/5] WORKDIR /src
#8 CACHED

#9 [builder 4/5] COPY . .
#9 DONE 0.4s

#10 [builder 5/5] RUN cmake -B build -DCMAKE_BUILD_TYPE=Release . &&     cmake --build build --parallel
#10 1.066 -- The C compiler identification is GNU 12.2.0
#10 1.155 -- Detecting C compiler ABI info
#10 1.411 -- Detecting C compiler ABI info - done
#10 1.425 -- Check for working C compiler: /usr/bin/cc - skipped
#10 1.428 -- Detecting C compile features
#10 1.432 -- Detecting C compile features - done
#10 1.446 -- Configuring done
#10 1.535 -- Generating done
#10 1.549 -- Build files have been written to: /src/build
#10 1.768 [  2%] Building C object tests/CMakeFiles/unity.dir/unity/unity.c.o
#10 1.768 [  4%] Building C object src/tools/CMakeFiles/container_monitor.dir/container_monitor.c.o
#10 1.768 [  6%] Building C object src/core/CMakeFiles/perfanalyzer_core.dir/sampler_mem.c.o
#10 1.784 [  9%] Building C object src/core/CMakeFiles/perfanalyzer_core.dir/ring_buffer.c.o
#10 1.792 [ 11%] Building C object src/core/CMakeFiles/perfanalyzer_core.dir/sampler_cpu.c.o
#10 1.792 [ 15%] Building C object src/core/CMakeFiles/perfanalyzer_core.dir/sampler_cgroup.c.o
#10 1.794 [ 15%] Building C object src/core/CMakeFiles/perfanalyzer_core.dir/sampler_io.c.o
#10 1.805 [ 18%] Building C object src/core/CMakeFiles/perfanalyzer_core.dir/perf.c.o
#10 1.832 [ 20%] Building C object src/core/CMakeFiles/perfanalyzer_core.dir/exporter_json.c.o
#10 1.844 [ 22%] Building C object src/core/CMakeFiles/perfanalyzer_core.dir/profiler.c.o
#10 2.245 [ 25%] Linking C static library libperfanalyzer_core.a
#10 2.415 [ 27%] Linking C static library libunity.a
#10 2.485 [ 29%] Linking C executable container_monitor
#10 2.543 [ 29%] Built target perfanalyzer_core
#10 2.777 [ 31%] Building C object src/server/CMakeFiles/perfanalyzer_server.dir/http.c.o
#10 2.794 [ 36%] Building C object src/workloads/CMakeFiles/cpu_stress_nosampler.dir/cpu_stress.c.o
#10 2.794 [ 36%] Building C object src/server/CMakeFiles/perfanalyzer_server.dir/routes.c.o
#10 2.820 [ 38%] Building C object src/workloads/CMakeFiles/mem_stress.dir/mem_stress.c.o
#10 2.836 [ 40%] Building C object src/cli/CMakeFiles/perfctl.dir/perfctl.c.o
#10 2.854 [ 43%] Building C object src/server/CMakeFiles/perfanalyzer_server.dir/dashboard.c.o
#10 2.889 [ 45%] Building C object src/server/CMakeFiles/perfanalyzer_server.dir/main.c.o
#10 2.905 [ 43%] Built target unity
#10 2.955 [ 47%] Building C object src/workloads/CMakeFiles/cpu_stress.dir/cpu_stress.c.o
#10 2.987 /src/src/server/dashboard.c:255:1: warning: string length '9524' is greater than the length '4095' ISO C99 compilers are required to support [-Woverlength-strings]
#10 2.987   255 | "</html>\n";
#10 2.987       | ^~~~~~~~~~~
#10 3.037 [ 50%] Building C object src/workloads/CMakeFiles/io_stress.dir/io_stress.c.o
#10 3.048 [ 52%] Building C object src/workloads/CMakeFiles/mem_stress_nosampler.dir/mem_stress.c.o
#10 3.136 [ 54%] Building C object src/workloads/CMakeFiles/io_stress_nosampler.dir/io_stress.c.o
#10 3.300 [ 56%] Linking C executable cpu_stress_nosampler
#10 3.372 [ 59%] Building C object tests/CMakeFiles/test_sampler_mem.dir/test_sampler_mem.c.o
#10 3.398 [ 61%] Building C object tests/CMakeFiles/test_ring_buffer.dir/test_ring_buffer.c.o
#10 3.402 [ 63%] Building C object tests/CMakeFiles/test_exporter.dir/test_exporter.c.o
#10 3.421 [ 65%] Building C object tests/CMakeFiles/test_profiler.dir/test_profiler.c.o
#10 3.431 [ 68%] Building C object tests/CMakeFiles/test_sampler_io.dir/test_sampler_io.c.o
#10 3.470 [ 70%] Linking C executable perfanalyzer_server
#10 3.484 [ 72%] Building C object tests/CMakeFiles/test_sampler_cpu.dir/test_sampler_cpu.c.o
#10 3.492 [ 75%] Linking C executable mem_stress
#10 3.529 [ 77%] Linking C executable perfctl
#10 3.614 [ 79%] Linking C executable io_stress
#10 3.632 /src/tests/test_sampler_mem.c:8:6: warning: no previous prototype for 'test_mem_read_nonzero' [-Wmissing-prototypes]
#10 3.632     8 | void test_mem_read_nonzero(void)
#10 3.632       |      ^~~~~~~~~~~~~~~~~~~~~
#10 3.635 /src/tests/test_sampler_mem.c:17:6: warning: no previous prototype for 'test_mem_peak_ge_rss' [-Wmissing-prototypes]
#10 3.635    17 | void test_mem_peak_ge_rss(void)
#10 3.635       |      ^~~~~~~~~~~~~~~~~~~~
#10 3.636 /src/tests/test_sampler_mem.c:25:6: warning: no previous prototype for 'test_mem_bad_path' [-Wmissing-prototypes]
#10 3.636    25 | void test_mem_bad_path(void)
#10 3.636       |      ^~~~~~~~~~~~~~~~~
#10 3.693 /src/tests/test_exporter.c:8:6: warning: no previous prototype for 'test_sample_to_json_contains_keys' [-Wmissing-prototypes]
#10 3.693     8 | void test_sample_to_json_contains_keys(void)
#10 3.693       |      ^~~~~~~~~~~~~~~~~~~~~~~~~~~~~~~~~
#10 3.733 /src/tests/test_exporter.c:24:6: warning: no previous prototype for 'test_sample_to_json_buffer_too_small' [-Wmissing-prototypes]
#10 3.733    24 | void test_sample_to_json_buffer_too_small(void)
#10 3.733       |      ^~~~~~~~~~~~~~~~~~~~~~~~~~~~~~~~~~~~
#10 3.733 /src/tests/test_exporter.c:33:6: warning: no previous prototype for 'test_series_to_json_empty' [-Wmissing-prototypes]
#10 3.733    33 | void test_series_to_json_empty(void)
#10 3.733       |      ^~~~~~~~~~~~~~~~~~~~~~~~~
#10 3.736 /src/tests/test_profiler.c:13:6: warning: no previous prototype for 'test_probe_begin_end' [-Wmissing-prototypes]
#10 3.736    13 | void test_probe_begin_end(void)
#10 3.736       |      ^~~~~~~~~~~~~~~~~~~~
#10 3.747 [ 81%] Linking C executable io_stress_nosampler
#10 3.753 [ 84%] Linking C executable mem_stress_nosampler
#10 3.767 /src/tests/test_profiler.c: In function 'test_probe_begin_end':
#10 3.767 /src/tests/test_profiler.c:22:13: warning: implicit declaration of function 'nanosleep' [-Wimplicit-function-declaration]
#10 3.767    22 |             nanosleep(&ts, NULL);
#10 3.767       |             ^~~~~~~~~
#10 3.768 /src/tests/test_profiler.c: At top level:
#10 3.768 /src/tests/test_profiler.c:41:6: warning: no previous prototype for 'test_probe_reset' [-Wmissing-prototypes]
#10 3.768    41 | void test_probe_reset(void)
#10 3.768       |      ^~~~~~~~~~~~~~~~
#10 3.769 /src/tests/test_profiler.c:61:6: warning: no previous prototype for 'test_probe_percentiles' [-Wmissing-prototypes]
#10 3.769    61 | void test_probe_percentiles(void)
#10 3.769       |      ^~~~~~~~~~~~~~~~~~~~~~
#10 3.769 /src/tests/test_ring_buffer.c:8:6: warning: no previous prototype for 'test_ring_push_drain' [-Wmissing-prototypes]
#10 3.769     8 | void test_ring_push_drain(void)
#10 3.769       |      ^~~~~~~~~~~~~~~~~~~~
#10 3.771 /src/tests/test_ring_buffer.c:25:6: warning: no previous prototype for 'test_ring_empty_drain' [-Wmissing-prototypes]
#10 3.771    25 | void test_ring_empty_drain(void)
#10 3.771       |      ^~~~~~~~~~~~~~~~~~~~~
#10 3.773 /src/tests/test_profiler.c: In function 'test_probe_percentiles':
#10 3.773 /src/tests/test_profiler.c:76:33: warning: implicit declaration of function 'malloc' [-Wimplicit-function-declaration]
#10 3.773    76 |     perf_probe_stats_t *stats = malloc(n * sizeof(*stats));
#10 3.773       |                                 ^~~~~~
#10 3.773 /src/tests/test_profiler.c:7:1: note: include '<stdlib.h>' or provide a declaration of 'malloc'
#10 3.773     6 | #include <string.h>
#10 3.773   +++ |+#include <stdlib.h>
#10 3.773     7 | 
#10 3.773 /src/tests/test_profiler.c:76:33: warning: incompatible implicit declaration of built-in function 'malloc' [-Wbuiltin-declaration-mismatch]
#10 3.773    76 |     perf_probe_stats_t *stats = malloc(n * sizeof(*stats));
#10 3.773       |                                 ^~~~~~
#10 3.774 /src/tests/test_ring_buffer.c:35:6: warning: no previous prototype for 'test_ring_overflow_keeps_newest' [-Wmissing-prototypes]
#10 3.774    35 | void test_ring_overflow_keeps_newest(void)
#10 3.774       |      ^~~~~~~~~~~~~~~~~~~~~~~~~~~~~~~
#10 3.775 /src/tests/test_profiler.c:76:33: note: include '<stdlib.h>' or provide a declaration of 'malloc'
#10 3.780 /src/tests/test_profiler.c:83:5: warning: implicit declaration of function 'free' [-Wimplicit-function-declaration]
#10 3.780    83 |     free(stats);
#10 3.780       |     ^~~~
#10 3.780 /src/tests/test_profiler.c:83:5: note: include '<stdlib.h>' or provide a declaration of 'free'
#10 3.780 /src/tests/test_profiler.c:83:5: warning: incompatible implicit declaration of built-in function 'free' [-Wbuiltin-declaration-mismatch]
#10 3.780 /src/tests/test_profiler.c:83:5: note: include '<stdlib.h>' or provide a declaration of 'free'
#10 3.803 /src/tests/test_sampler_io.c:8:6: warning: no previous prototype for 'test_io_read_ok' [-Wmissing-prototypes]
#10 3.803     8 | void test_io_read_ok(void)
#10 3.803       |      ^~~~~~~~~~~~~~~
#10 3.803 /src/tests/test_sampler_io.c:17:6: warning: no previous prototype for 'test_io_bad_path' [-Wmissing-prototypes]
#10 3.803    17 | void test_io_bad_path(void)
#10 3.803       |      ^~~~~~~~~~~~~~~~
#10 3.815 /src/tests/test_sampler_cpu.c:8:6: warning: no previous prototype for 'test_cpu_read_self' [-Wmissing-prototypes]
#10 3.815     8 | void test_cpu_read_self(void)
#10 3.815       |      ^~~~~~~~~~~~~~~~~~
#10 3.815 /src/tests/test_sampler_cpu.c:17:6: warning: no previous prototype for 'test_cpu_percent_negative_on_first' [-Wmissing-prototypes]
#10 3.815    17 | void test_cpu_percent_negative_on_first(void)
#10 3.815       |      ^~~~~~~~~~~~~~~~~~~~~~~~~~~~~~~~~~
#10 3.817 /src/tests/test_sampler_cpu.c:23:6: warning: no previous prototype for 'test_cpu_percent_range' [-Wmissing-prototypes]
#10 3.817    23 | void test_cpu_percent_range(void)
#10 3.817       |      ^~~~~~~~~~~~~~~~~~~~~~
#10 3.819 /src/tests/test_sampler_cpu.c: In function 'test_cpu_percent_range':
#10 3.829 /src/tests/test_sampler_cpu.c:31:5: warning: implicit declaration of function 'nanosleep' [-Wimplicit-function-declaration]
#10 3.829    31 |     nanosleep(&ts, NULL);
#10 3.829       |     ^~~~~~~~~
#10 3.841 [ 86%] Linking C executable test_sampler_mem
#10 3.918 [ 88%] Linking C executable cpu_stress
#10 3.926 [ 90%] Linking C executable test_sampler_io
#10 4.002 [ 93%] Linking C executable test_exporter
#10 4.015 [ 95%] Linking C executable test_ring_buffer
#10 4.024 [ 97%] Linking C executable test_sampler_cpu
#10 4.079 [100%] Linking C executable test_profiler
#10 4.705 [100%] Built target container_monitor
#10 5.633 [100%] Built target cpu_stress_nosampler
#10 5.639 [100%] Built target test_sampler_io
#10 5.650 [100%] Built target perfctl
#10 5.985 [100%] Built target test_exporter
#10 6.037 [100%] Built target mem_stress
#10 6.070 [100%] Built target io_stress_nosampler
#10 6.128 [100%] Built target test_sampler_mem
#10 6.166 [100%] Built target mem_stress_nosampler
#10 6.171 [100%] Built target test_sampler_cpu
#10 6.227 [100%] Built target test_ring_buffer
#10 6.398 [100%] Built target test_profiler
#10 6.429 [100%] Built target io_stress
#10 6.488 [100%] Built target cpu_stress
#10 6.534 [100%] Built target perfanalyzer_server
#10 DONE 6.8s

#11 [runtime 2/9] RUN apt-get update && apt-get install -y --no-install-recommends     wget     && rm -rf /var/lib/apt/lists/*
#11 CACHED

#12 [runtime 3/9] WORKDIR /app
#12 CACHED

#13 [runtime 4/9] COPY --from=builder /src/build/src/server/perfanalyzer_server   ./perfanalyzer_server
#13 CACHED

#14 [runtime 5/9] COPY --from=builder /src/build/src/cli/perfctl                  ./perfctl
#14 CACHED

#15 [runtime 6/9] COPY --from=builder /src/build/src/tools/container_monitor      ./container_monitor
#15 CACHED

#16 [runtime 7/9] COPY --from=builder /src/build/src/workloads/cpu_stress         ./cpu_stress
#16 CACHED

#17 [runtime 8/9] COPY --from=builder /src/build/src/workloads/mem_stress         ./mem_stress
#17 CACHED

#18 [runtime 9/9] COPY --from=builder /src/build/src/workloads/io_stress          ./io_stress
#18 CACHED

#19 exporting to image
#19 exporting layers 0.0s done
#19 exporting manifest sha256:902f01a4ea3a666cffa524fe10a9497e83b7eee85acc5aab5baf4130d84d8a22 0.0s done
#19 exporting config sha256:7f00aea0b4c61ce74bfef873a63debe28fbf469f2109e758273a42769b7821f6 0.0s done
#19 exporting attestation manifest sha256:7797ea6e7f619328a34b893397fc7e8d54ca5c3cdbd5ae29f4877a6f120b52ed
#19 exporting attestation manifest sha256:7797ea6e7f619328a34b893397fc7e8d54ca5c3cdbd5ae29f4877a6f120b52ed 0.2s done
#19 exporting manifest list sha256:152329d817372b3dddbb751ee2fd7aa84129610e5d3a89e64d2707b20c2f4498
#19 exporting manifest list sha256:152329d817372b3dddbb751ee2fd7aa84129610e5d3a89e64d2707b20c2f4498 0.1s done
#19 naming to docker.io/library/docker-baseline:latest 0.0s done
#19 unpacking to docker.io/library/docker-baseline:latest 0.1s done
#19 DONE 0.6s

#20 resolving provenance for metadata file
#20 DONE 0.1s
#1 [internal] load local bake definitions
#1 reading from stdin 561B done
#1 DONE 0.0s

#2 [internal] load build definition from Dockerfile.app
#2 transferring dockerfile: 1.81kB done
#2 DONE 0.0s

#3 [internal] load metadata for docker.io/library/debian:bookworm-slim
#3 DONE 0.3s

#4 [internal] load .dockerignore
#4 transferring context: 68B 0.0s done
#4 DONE 0.1s

#5 [internal] load build context
#5 DONE 0.0s

#6 [builder 1/5] FROM docker.io/library/debian:bookworm-slim@sha256:0104b334637a5f19aa9c983a91b54c89887c0984081f2068983107a6f6c21eeb
#6 resolve docker.io/library/debian:bookworm-slim@sha256:0104b334637a5f19aa9c983a91b54c89887c0984081f2068983107a6f6c21eeb
#6 resolve docker.io/library/debian:bookworm-slim@sha256:0104b334637a5f19aa9c983a91b54c89887c0984081f2068983107a6f6c21eeb 0.1s done
#6 DONE 0.1s

#5 [internal] load build context
#5 transferring context: 185.15kB 0.0s done
#5 DONE 0.1s

#7 [builder 2/5] RUN apt-get update && apt-get install -y     build-essential     cmake     && rm -rf /var/lib/apt/lists/*
#7 CACHED

#8 [builder 3/5] WORKDIR /src
#8 CACHED

#9 [builder 4/5] COPY . .
#9 DONE 0.4s

#10 [builder 5/5] RUN cmake -B build -DCMAKE_BUILD_TYPE=Release . &&     cmake --build build --parallel
#10 1.674 -- The C compiler identification is GNU 12.2.0
#10 1.760 -- Detecting C compiler ABI info
#10 2.111 -- Detecting C compiler ABI info - done
#10 2.133 -- Check for working C compiler: /usr/bin/cc - skipped
#10 2.135 -- Detecting C compile features
#10 2.141 -- Detecting C compile features - done
#10 2.157 -- Configuring done
#10 2.233 -- Generating done
#10 2.251 -- Build files have been written to: /src/build
#10 2.465 [  4%] Building C object src/core/CMakeFiles/perfanalyzer_core.dir/profiler.c.o
#10 2.465 [  4%] Building C object src/core/CMakeFiles/perfanalyzer_core.dir/perf.c.o
#10 2.474 [  6%] Building C object tests/CMakeFiles/unity.dir/unity/unity.c.o
#10 2.481 [  9%] Building C object src/tools/CMakeFiles/container_monitor.dir/container_monitor.c.o
#10 2.495 [ 11%] Building C object src/core/CMakeFiles/perfanalyzer_core.dir/sampler_cpu.c.o
#10 2.514 [ 15%] Building C object src/core/CMakeFiles/perfanalyzer_core.dir/sampler_io.c.o
#10 2.522 [ 18%] Building C object src/core/CMakeFiles/perfanalyzer_core.dir/exporter_json.c.o
#10 2.525 [ 20%] Building C object src/core/CMakeFiles/perfanalyzer_core.dir/sampler_cgroup.c.o
#10 2.526 [ 20%] Building C object src/core/CMakeFiles/perfanalyzer_core.dir/sampler_mem.c.o
#10 2.537 [ 22%] Building C object src/core/CMakeFiles/perfanalyzer_core.dir/ring_buffer.c.o
#10 2.904 [ 25%] Linking C static library libperfanalyzer_core.a
#10 2.983 [ 27%] Linking C static library libunity.a
#10 3.092 [ 29%] Linking C executable container_monitor
#10 3.116 [ 29%] Built target perfanalyzer_core
#10 3.294 [ 31%] Building C object src/cli/CMakeFiles/perfctl.dir/perfctl.c.o
#10 3.294 [ 29%] Built target unity
#10 3.309 [ 34%] Building C object src/workloads/CMakeFiles/cpu_stress.dir/cpu_stress.c.o
#10 3.378 [ 36%] Building C object src/server/CMakeFiles/perfanalyzer_server.dir/http.c.o
#10 3.409 [ 38%] Building C object src/server/CMakeFiles/perfanalyzer_server.dir/dashboard.c.o
#10 3.432 [ 40%] Building C object src/server/CMakeFiles/perfanalyzer_server.dir/main.c.o
#10 3.448 [ 43%] Building C object src/server/CMakeFiles/perfanalyzer_server.dir/routes.c.o
#10 3.515 [ 45%] Building C object src/workloads/CMakeFiles/mem_stress_nosampler.dir/mem_stress.c.o
#10 3.591 [ 47%] Building C object src/workloads/CMakeFiles/mem_stress.dir/mem_stress.c.o
#10 3.605 [ 50%] Building C object src/workloads/CMakeFiles/cpu_stress_nosampler.dir/cpu_stress.c.o
#10 3.622 /src/src/server/dashboard.c:255:1: warning: string length '9524' is greater than the length '4095' ISO C99 compilers are required to support [-Woverlength-strings]
#10 3.622   255 | "</html>\n";
#10 3.622       | ^~~~~~~~~~~
#10 3.677 [ 52%] Building C object tests/CMakeFiles/test_sampler_io.dir/test_sampler_io.c.o
#10 3.747 [ 54%] Building C object tests/CMakeFiles/test_exporter.dir/test_exporter.c.o
#10 3.762 [ 56%] Building C object tests/CMakeFiles/test_ring_buffer.dir/test_ring_buffer.c.o
#10 3.762 [ 59%] Building C object src/workloads/CMakeFiles/io_stress.dir/io_stress.c.o
#10 3.802 [ 61%] Building C object tests/CMakeFiles/test_sampler_cpu.dir/test_sampler_cpu.c.o
#10 3.808 [ 63%] Building C object src/workloads/CMakeFiles/io_stress_nosampler.dir/io_stress.c.o
#10 3.832 [ 68%] Building C object tests/CMakeFiles/test_profiler.dir/test_profiler.c.o
#10 3.860 [ 65%] Building C object tests/CMakeFiles/test_sampler_mem.dir/test_sampler_mem.c.o
#10 3.882 /src/tests/test_exporter.c:8:6: warning: no previous prototype for 'test_sample_to_json_contains_keys' [-Wmissing-prototypes]
#10 3.882     8 | void test_sample_to_json_contains_keys(void)
#10 3.882       |      ^~~~~~~~~~~~~~~~~~~~~~~~~~~~~~~~~
#10 3.893 /src/tests/test_exporter.c:24:6: warning: no previous prototype for 'test_sample_to_json_buffer_too_small' [-Wmissing-prototypes]
#10 3.893    24 | void test_sample_to_json_buffer_too_small(void)
#10 3.893       |      ^~~~~~~~~~~~~~~~~~~~~~~~~~~~~~~~~~~~
#10 3.893 /src/tests/test_exporter.c:33:6: warning: no previous prototype for 'test_series_to_json_empty' [-Wmissing-prototypes]
#10 3.893    33 | void test_series_to_json_empty(void)
#10 3.893       |      ^~~~~~~~~~~~~~~~~~~~~~~~~
#10 4.097 /src/tests/test_ring_buffer.c:8:6: warning: no previous prototype for 'test_ring_push_drain' [-Wmissing-prototypes]
#10 4.097     8 | void test_ring_push_drain(void)
#10 4.097       |      ^~~~~~~~~~~~~~~~~~~~
#10 4.131 /src/tests/test_ring_buffer.c:25:6: warning: no previous prototype for 'test_ring_empty_drain' [-Wmissing-prototypes]
#10 4.131    25 | void test_ring_empty_drain(void)
#10 4.131       |      ^~~~~~~~~~~~~~~~~~~~~
#10 4.135 /src/tests/test_ring_buffer.c:35:6: warning: no previous prototype for 'test_ring_overflow_keeps_newest' [-Wmissing-prototypes]
#10 4.135    35 | void test_ring_overflow_keeps_newest(void)
#10 4.135       |      ^~~~~~~~~~~~~~~~~~~~~~~~~~~~~~~
#10 4.155 [ 70%] Linking C executable test_exporter
#10 4.168 [ 72%] Linking C executable mem_stress
#10 4.193 /src/tests/test_sampler_io.c:8:6: warning: no previous prototype for 'test_io_read_ok' [-Wmissing-prototypes]
#10 4.193     8 | void test_io_read_ok(void)
#10 4.193       |      ^~~~~~~~~~~~~~~
#10 4.193 /src/tests/test_sampler_io.c:17:6: warning: no previous prototype for 'test_io_bad_path' [-Wmissing-prototypes]
#10 4.193    17 | void test_io_bad_path(void)
#10 4.193       |      ^~~~~~~~~~~~~~~~
#10 4.193 [ 75%] Linking C executable perfctl
#10 4.204 [ 77%] Linking C executable cpu_stress
#10 4.209 [ 79%] Linking C executable mem_stress_nosampler
#10 4.215 /src/tests/test_sampler_mem.c:8:6: warning: no previous prototype for 'test_mem_read_nonzero' [-Wmissing-prototypes]
#10 4.215     8 | void test_mem_read_nonzero(void)
#10 4.215       |      ^~~~~~~~~~~~~~~~~~~~~
#10 4.233 /src/tests/test_sampler_cpu.c:8:6: warning: no previous prototype for 'test_cpu_read_self' [-Wmissing-prototypes]
#10 4.233     8 | void test_cpu_read_self(void)
#10 4.233       |      ^~~~~~~~~~~~~~~~~~
#10 4.233 /src/tests/test_sampler_cpu.c:17:6: warning: no previous prototype for 'test_cpu_percent_negative_on_first' [-Wmissing-prototypes]
#10 4.233    17 | void test_cpu_percent_negative_on_first(void)
#10 4.233       |      ^~~~~~~~~~~~~~~~~~~~~~~~~~~~~~~~~~
#10 4.249 /src/tests/test_sampler_cpu.c:23:6: warning: no previous prototype for 'test_cpu_percent_range' [-Wmissing-prototypes]
#10 4.249    23 | void test_cpu_percent_range(void)
#10 4.249       |      ^~~~~~~~~~~~~~~~~~~~~~
#10 4.258 /src/tests/test_sampler_mem.c:17:6: warning: no previous prototype for 'test_mem_peak_ge_rss' [-Wmissing-prototypes]
#10 4.258    17 | void test_mem_peak_ge_rss(void)
#10 4.258       |      ^~~~~~~~~~~~~~~~~~~~
#10 4.258 /src/tests/test_sampler_mem.c:25:6: warning: no previous prototype for 'test_mem_bad_path' [-Wmissing-prototypes]
#10 4.258    25 | void test_mem_bad_path(void)
#10 4.258       |      ^~~~~~~~~~~~~~~~~
#10 4.264 /src/tests/test_sampler_cpu.c: In function 'test_cpu_percent_range':
#10 4.265 [ 81%] Linking C executable cpu_stress_nosampler
#10 4.266 /src/tests/test_sampler_cpu.c:31:5: warning: implicit declaration of function 'nanosleep' [-Wimplicit-function-declaration]
#10 4.266    31 |     nanosleep(&ts, NULL);
#10 4.266       |     ^~~~~~~~~
#10 4.279 [ 84%] Linking C executable io_stress
#10 4.309 /src/tests/test_profiler.c:13:6: warning: no previous prototype for 'test_probe_begin_end' [-Wmissing-prototypes]
#10 4.309    13 | void test_probe_begin_end(void)
#10 4.309       |      ^~~~~~~~~~~~~~~~~~~~
#10 4.328 /src/tests/test_profiler.c: In function 'test_probe_begin_end':
#10 4.331 /src/tests/test_profiler.c:22:13: warning: implicit declaration of function 'nanosleep' [-Wimplicit-function-declaration]
#10 4.331    22 |             nanosleep(&ts, NULL);
#10 4.331       |             ^~~~~~~~~
#10 4.331 /src/tests/test_profiler.c: At top level:
#10 4.331 /src/tests/test_profiler.c:41:6: warning: no previous prototype for 'test_probe_reset' [-Wmissing-prototypes]
#10 4.331    41 | void test_probe_reset(void)
#10 4.331       |      ^~~~~~~~~~~~~~~~
#10 4.331 /src/tests/test_profiler.c:61:6: warning: no previous prototype for 'test_probe_percentiles' [-Wmissing-prototypes]
#10 4.331    61 | void test_probe_percentiles(void)
#10 4.331       |      ^~~~~~~~~~~~~~~~~~~~~~
#10 4.331 /src/tests/test_profiler.c: In function 'test_probe_percentiles':
#10 4.331 /src/tests/test_profiler.c:76:33: warning: implicit declaration of function 'malloc' [-Wimplicit-function-declaration]
#10 4.331    76 |     perf_probe_stats_t *stats = malloc(n * sizeof(*stats));
#10 4.331       |                                 ^~~~~~
#10 4.331 /src/tests/test_profiler.c:7:1: note: include '<stdlib.h>' or provide a declaration of 'malloc'
#10 4.331     6 | #include <string.h>
#10 4.331   +++ |+#include <stdlib.h>
#10 4.331     7 | 
#10 4.331 /src/tests/test_profiler.c:76:33: warning: incompatible implicit declaration of built-in function 'malloc' [-Wbuiltin-declaration-mismatch]
#10 4.331    76 |     perf_probe_stats_t *stats = malloc(n * sizeof(*stats));
#10 4.331       |                                 ^~~~~~
#10 4.331 /src/tests/test_profiler.c:76:33: note: include '<stdlib.h>' or provide a declaration of 'malloc'
#10 4.331 /src/tests/test_profiler.c:83:5: warning: implicit declaration of function 'free' [-Wimplicit-function-declaration]
#10 4.331    83 |     free(stats);
#10 4.331       |     ^~~~
#10 4.331 /src/tests/test_profiler.c:83:5: note: include '<stdlib.h>' or provide a declaration of 'free'
#10 4.331 /src/tests/test_profiler.c:83:5: warning: incompatible implicit declaration of built-in function 'free' [-Wbuiltin-declaration-mismatch]
#10 4.331 /src/tests/test_profiler.c:83:5: note: include '<stdlib.h>' or provide a declaration of 'free'
#10 4.371 [ 86%] Linking C executable perfanalyzer_server
#10 4.424 [ 88%] Linking C executable test_sampler_cpu
#10 4.450 [ 90%] Linking C executable test_ring_buffer
#10 4.454 [ 93%] Linking C executable io_stress_nosampler
#10 4.485 [ 95%] Linking C executable test_sampler_mem
#10 4.618 [ 97%] Linking C executable test_sampler_io
#10 4.697 [100%] Linking C executable test_profiler
#10 5.011 [100%] Built target container_monitor
#10 5.614 [100%] Built target test_exporter
#10 5.647 [100%] Built target test_ring_buffer
#10 5.706 [100%] Built target test_sampler_io
#10 5.726 [100%] Built target cpu_stress_nosampler
#10 5.851 [100%] Built target perfctl
#10 6.016 [100%] Built target mem_stress_nosampler
#10 6.060 [100%] Built target test_sampler_mem
#10 6.060 [100%] Built target test_sampler_cpu
#10 6.178 [100%] Built target test_profiler
#10 6.278 [100%] Built target mem_stress
#10 6.308 [100%] Built target io_stress_nosampler
#10 6.345 [100%] Built target io_stress
#10 6.393 [100%] Built target perfanalyzer_server
#10 6.414 [100%] Built target cpu_stress
#10 DONE 6.7s

#11 [runtime 7/9] COPY --from=builder /src/build/src/workloads/cpu_stress         ./cpu_stress
#11 CACHED

#12 [runtime 8/9] COPY --from=builder /src/build/src/workloads/mem_stress         ./mem_stress
#12 CACHED

#13 [runtime 2/9] RUN apt-get update && apt-get install -y --no-install-recommends     wget     && rm -rf /var/lib/apt/lists/*
#13 CACHED

#14 [runtime 3/9] WORKDIR /app
#14 CACHED

#15 [runtime 4/9] COPY --from=builder /src/build/src/server/perfanalyzer_server   ./perfanalyzer_server
#15 CACHED

#16 [runtime 5/9] COPY --from=builder /src/build/src/cli/perfctl                  ./perfctl
#16 CACHED

#17 [runtime 6/9] COPY --from=builder /src/build/src/tools/container_monitor      ./container_monitor
#17 CACHED

#18 [runtime 9/9] COPY --from=builder /src/build/src/workloads/io_stress          ./io_stress
#18 CACHED

#19 exporting to image
#19 exporting layers 0.0s done
#19 exporting manifest sha256:902f01a4ea3a666cffa524fe10a9497e83b7eee85acc5aab5baf4130d84d8a22 0.0s done
#19 exporting config sha256:7f00aea0b4c61ce74bfef873a63debe28fbf469f2109e758273a42769b7821f6 0.0s done
#19 exporting attestation manifest sha256:f9b72ace4018735577a4b436befb7c79ed82d454f7415cfffddbdde10eb6e4f8
#19 exporting attestation manifest sha256:f9b72ace4018735577a4b436befb7c79ed82d454f7415cfffddbdde10eb6e4f8 0.2s done
#19 exporting manifest list sha256:60370fdc6862cfcfa258c72798bc866b4befdfe90a6b51d2c7b72a597ef47888
#19 exporting manifest list sha256:60370fdc6862cfcfa258c72798bc866b4befdfe90a6b51d2c7b72a597ef47888 0.1s done
#19 naming to docker.io/library/docker-baseline:latest 0.0s done
#19 unpacking to docker.io/library/docker-baseline:latest 0.1s done
#19 DONE 0.6s

#20 resolving provenance for metadata file
#20 DONE 0.1s
..............................
[0;32m[EXP][0m ─── DOCKER:cpu-limit | mem_stress | intensidad=1 ───
#1 [internal] load local bake definitions
#1 reading from stdin 565B done
#1 DONE 0.0s

#2 [internal] load build definition from Dockerfile.app
#2 transferring dockerfile: 1.81kB 0.0s done
#2 DONE 0.0s

#3 [internal] load metadata for docker.io/library/debian:bookworm-slim
#3 DONE 0.9s

#4 [internal] load .dockerignore
#4 transferring context: 68B 0.0s done
#4 DONE 0.1s

#5 [internal] load build context
#5 DONE 0.0s

#6 [builder 1/5] FROM docker.io/library/debian:bookworm-slim@sha256:0104b334637a5f19aa9c983a91b54c89887c0984081f2068983107a6f6c21eeb
#6 resolve docker.io/library/debian:bookworm-slim@sha256:0104b334637a5f19aa9c983a91b54c89887c0984081f2068983107a6f6c21eeb 0.2s done
#6 DONE 0.2s

#5 [internal] load build context
#5 transferring context: 221.08kB 0.0s done
#5 DONE 0.1s

#7 [builder 2/5] RUN apt-get update && apt-get install -y     build-essential     cmake     && rm -rf /var/lib/apt/lists/*
#7 CACHED

#8 [builder 3/5] WORKDIR /src
#8 CACHED

#9 [builder 4/5] COPY . .
#9 DONE 0.3s

#10 [builder 5/5] RUN cmake -B build -DCMAKE_BUILD_TYPE=Release . &&     cmake --build build --parallel
#10 1.020 -- The C compiler identification is GNU 12.2.0
#10 1.072 -- Detecting C compiler ABI info
#10 1.436 -- Detecting C compiler ABI info - done
#10 1.461 -- Check for working C compiler: /usr/bin/cc - skipped
#10 1.461 -- Detecting C compile features
#10 1.461 -- Detecting C compile features - done
#10 1.474 -- Configuring done
#10 1.582 -- Generating done
#10 1.599 -- Build files have been written to: /src/build
#10 1.790 [  2%] Building C object src/core/CMakeFiles/perfanalyzer_core.dir/sampler_io.c.o
#10 1.813 [  6%] Building C object src/tools/CMakeFiles/container_monitor.dir/container_monitor.c.o
#10 1.813 [  9%] Building C object src/core/CMakeFiles/perfanalyzer_core.dir/perf.c.o
#10 1.818 [  9%] Building C object src/core/CMakeFiles/perfanalyzer_core.dir/sampler_mem.c.o
#10 1.820 [ 11%] Building C object src/core/CMakeFiles/perfanalyzer_core.dir/ring_buffer.c.o
#10 1.824 [ 13%] Building C object tests/CMakeFiles/unity.dir/unity/unity.c.o
#10 1.827 [ 15%] Building C object src/core/CMakeFiles/perfanalyzer_core.dir/exporter_json.c.o
#10 1.828 [ 18%] Building C object src/core/CMakeFiles/perfanalyzer_core.dir/sampler_cgroup.c.o
#10 1.846 [ 20%] Building C object src/core/CMakeFiles/perfanalyzer_core.dir/profiler.c.o
#10 1.871 [ 22%] Building C object src/core/CMakeFiles/perfanalyzer_core.dir/sampler_cpu.c.o
#10 2.193 [ 25%] Linking C executable container_monitor
#10 2.225 [ 27%] Linking C static library libperfanalyzer_core.a
#10 2.318 [ 29%] Linking C static library libunity.a
#10 2.363 [ 29%] Built target perfanalyzer_core
#10 2.484 [ 31%] Building C object src/workloads/CMakeFiles/cpu_stress_nosampler.dir/cpu_stress.c.o
#10 2.519 [ 34%] Building C object src/cli/CMakeFiles/perfctl.dir/perfctl.c.o
#10 2.530 [ 36%] Building C object src/server/CMakeFiles/perfanalyzer_server.dir/main.c.o
#10 2.555 [ 38%] Building C object src/server/CMakeFiles/perfanalyzer_server.dir/routes.c.o
#10 2.574 [ 40%] Building C object src/server/CMakeFiles/perfanalyzer_server.dir/http.c.o
#10 2.595 [ 43%] Building C object src/workloads/CMakeFiles/cpu_stress.dir/cpu_stress.c.o
#10 2.598 [ 45%] Building C object src/server/CMakeFiles/perfanalyzer_server.dir/dashboard.c.o
#10 2.615 [ 47%] Building C object src/workloads/CMakeFiles/mem_stress_nosampler.dir/mem_stress.c.o
#10 2.643 [ 47%] Built target unity
#10 2.706 [ 50%] Building C object src/workloads/CMakeFiles/mem_stress.dir/mem_stress.c.o
#10 2.732 /src/src/server/dashboard.c:255:1: warning: string length '9524' is greater than the length '4095' ISO C99 compilers are required to support [-Woverlength-strings]
#10 2.732   255 | "</html>\n";
#10 2.732       | ^~~~~~~~~~~
#10 2.781 [ 52%] Building C object src/workloads/CMakeFiles/io_stress_nosampler.dir/io_stress.c.o
#10 2.806 [ 54%] Building C object src/workloads/CMakeFiles/io_stress.dir/io_stress.c.o
#10 2.912 [ 56%] Linking C executable perfctl
#10 2.937 [ 59%] Building C object tests/CMakeFiles/test_sampler_cpu.dir/test_sampler_cpu.c.o
#10 2.992 [ 61%] Building C object tests/CMakeFiles/test_sampler_io.dir/test_sampler_io.c.o
#10 3.002 [ 63%] Building C object tests/CMakeFiles/test_sampler_mem.dir/test_sampler_mem.c.o
#10 3.085 [ 65%] Building C object tests/CMakeFiles/test_exporter.dir/test_exporter.c.o
#10 3.130 [ 68%] Building C object tests/CMakeFiles/test_ring_buffer.dir/test_ring_buffer.c.o
#10 3.161 [ 72%] Linking C executable mem_stress
#10 3.161 [ 70%] Building C object tests/CMakeFiles/test_profiler.dir/test_profiler.c.o
#10 3.218 [ 72%] Built target container_monitor
#10 3.218 [ 75%] Linking C executable cpu_stress
#10 3.231 /src/tests/test_sampler_io.c:8:6: warning: no previous prototype for 'test_io_read_ok' [-Wmissing-prototypes]
#10 3.231     8 | void test_io_read_ok(void)
#10 3.231       |      ^~~~~~~~~~~~~~~
#10 3.231 /src/tests/test_sampler_io.c:17:6: warning: no previous prototype for 'test_io_bad_path' [-Wmissing-prototypes]
#10 3.231    17 | void test_io_bad_path(void)
#10 3.231       |      ^~~~~~~~~~~~~~~~
#10 3.256 /src/tests/test_sampler_mem.c:8:6: warning: no previous prototype for 'test_mem_read_nonzero' [-Wmissing-prototypes]
#10 3.256     8 | void test_mem_read_nonzero(void)
#10 3.256       |      ^~~~~~~~~~~~~~~~~~~~~
#10 3.285 /src/tests/test_sampler_mem.c:17:6: warning: no previous prototype for 'test_mem_peak_ge_rss' [-Wmissing-prototypes]
#10 3.285    17 | void test_mem_peak_ge_rss(void)
#10 3.285       |      ^~~~~~~~~~~~~~~~~~~~
#10 3.295 /src/tests/test_sampler_mem.c:25:6: warning: no previous prototype for 'test_mem_bad_path' [-Wmissing-prototypes]
#10 3.295    25 | void test_mem_bad_path(void)
#10 3.295       |      ^~~~~~~~~~~~~~~~~
#10 3.301 /src/tests/test_sampler_cpu.c:8:6: warning: no previous prototype for 'test_cpu_read_self' [-Wmissing-prototypes]
#10 3.301     8 | void test_cpu_read_self(void)
#10 3.301       |      ^~~~~~~~~~~~~~~~~~
#10 3.315 /src/tests/test_sampler_cpu.c:17:6: warning: no previous prototype for 'test_cpu_percent_negative_on_first' [-Wmissing-prototypes]
#10 3.315    17 | void test_cpu_percent_negative_on_first(void)
#10 3.315       |      ^~~~~~~~~~~~~~~~~~~~~~~~~~~~~~~~~~
#10 3.315 /src/tests/test_sampler_cpu.c:23:6: warning: no previous prototype for 'test_cpu_percent_range' [-Wmissing-prototypes]
#10 3.315    23 | void test_cpu_percent_range(void)
#10 3.315       |      ^~~~~~~~~~~~~~~~~~~~~~
#10 3.317 /src/tests/test_sampler_cpu.c: In function 'test_cpu_percent_range':
#10 3.318 [ 77%] Linking C executable mem_stress_nosampler
#10 3.319 /src/tests/test_sampler_cpu.c:31:5: warning: implicit declaration of function 'nanosleep' [-Wimplicit-function-declaration]
#10 3.319    31 |     nanosleep(&ts, NULL);
#10 3.319       |     ^~~~~~~~~
#10 3.322 [ 79%] Linking C executable cpu_stress_nosampler
#10 3.346 /src/tests/test_exporter.c:8:6: warning: no previous prototype for 'test_sample_to_json_contains_keys' [-Wmissing-prototypes]
#10 3.346     8 | void test_sample_to_json_contains_keys(void)
#10 3.346       |      ^~~~~~~~~~~~~~~~~~~~~~~~~~~~~~~~~
#10 3.358 /src/tests/test_exporter.c:24:6: warning: no previous prototype for 'test_sample_to_json_buffer_too_small' [-Wmissing-prototypes]
#10 3.358    24 | void test_sample_to_json_buffer_too_small(void)
#10 3.358       |      ^~~~~~~~~~~~~~~~~~~~~~~~~~~~~~~~~~~~
#10 3.363 /src/tests/test_exporter.c:33:6: warning: no previous prototype for 'test_series_to_json_empty' [-Wmissing-prototypes]
#10 3.363    33 | void test_series_to_json_empty(void)
#10 3.363       |      ^~~~~~~~~~~~~~~~~~~~~~~~~
#10 3.431 [ 81%] Linking C executable io_stress_nosampler
#10 3.464 [ 84%] Linking C executable test_sampler_mem
#10 3.491 [ 86%] Linking C executable perfanalyzer_server
#10 3.500 [ 88%] Linking C executable io_stress
#10 3.506 /src/tests/test_profiler.c:13:6: warning: no previous prototype for 'test_probe_begin_end' [-Wmissing-prototypes]
#10 3.506    13 | void test_probe_begin_end(void)
#10 3.506       |      ^~~~~~~~~~~~~~~~~~~~
#10 3.524 /src/tests/test_profiler.c: In function 'test_probe_begin_end':
#10 3.524 /src/tests/test_profiler.c:22:13: warning: implicit declaration of function 'nanosleep' [-Wimplicit-function-declaration]
#10 3.524    22 |             nanosleep(&ts, NULL);
#10 3.524       |             ^~~~~~~~~
#10 3.528 /src/tests/test_profiler.c: At top level:
#10 3.528 /src/tests/test_profiler.c:41:6: warning: no previous prototype for 'test_probe_reset' [-Wmissing-prototypes]
#10 3.528    41 | void test_probe_reset(void)
#10 3.528       |      ^~~~~~~~~~~~~~~~
#10 3.529 /src/tests/test_profiler.c:61:6: warning: no previous prototype for 'test_probe_percentiles' [-Wmissing-prototypes]
#10 3.529    61 | void test_probe_percentiles(void)
#10 3.529       |      ^~~~~~~~~~~~~~~~~~~~~~
#10 3.531 /src/tests/test_profiler.c: In function 'test_probe_percentiles':
#10 3.531 /src/tests/test_profiler.c:76:33: warning: implicit declaration of function 'malloc' [-Wimplicit-function-declaration]
#10 3.531    76 |     perf_probe_stats_t *stats = malloc(n * sizeof(*stats));
#10 3.531       |                                 ^~~~~~
#10 3.531 /src/tests/test_profiler.c:7:1: note: include '<stdlib.h>' or provide a declaration of 'malloc'
#10 3.531     6 | #include <string.h>
#10 3.531   +++ |+#include <stdlib.h>
#10 3.531     7 | 
#10 3.531 /src/tests/test_profiler.c:76:33: warning: incompatible implicit declaration of built-in function 'malloc' [-Wbuiltin-declaration-mismatch]
#10 3.531    76 |     perf_probe_stats_t *stats = malloc(n * sizeof(*stats));
#10 3.531       |                                 ^~~~~~
#10 3.531 /src/tests/test_profiler.c:76:33: note: include '<stdlib.h>' or provide a declaration of 'malloc'
#10 3.536 /src/tests/test_profiler.c:83:5: warning: implicit declaration of function 'free' [-Wimplicit-function-declaration]
#10 3.536    83 |     free(stats);
#10 3.536       |     ^~~~
#10 3.536 /src/tests/test_profiler.c:83:5: note: include '<stdlib.h>' or provide a declaration of 'free'
#10 3.536 /src/tests/test_profiler.c:83:5: warning: incompatible implicit declaration of built-in function 'free' [-Wbuiltin-declaration-mismatch]
#10 3.536 /src/tests/test_profiler.c:83:5: note: include '<stdlib.h>' or provide a declaration of 'free'
#10 3.543 [ 90%] Linking C executable test_sampler_io
#10 3.607 [ 93%] Linking C executable test_sampler_cpu
#10 3.670 /src/tests/test_ring_buffer.c:8:6: warning: no previous prototype for 'test_ring_push_drain' [-Wmissing-prototypes]
#10 3.670     8 | void test_ring_push_drain(void)
#10 3.670       |      ^~~~~~~~~~~~~~~~~~~~
#10 3.672 /src/tests/test_ring_buffer.c:25:6: warning: no previous prototype for 'test_ring_empty_drain' [-Wmissing-prototypes]
#10 3.672    25 | void test_ring_empty_drain(void)
#10 3.672       |      ^~~~~~~~~~~~~~~~~~~~~
#10 3.672 /src/tests/test_ring_buffer.c:35:6: warning: no previous prototype for 'test_ring_overflow_keeps_newest' [-Wmissing-prototypes]
#10 3.672    35 | void test_ring_overflow_keeps_newest(void)
#10 3.672       |      ^~~~~~~~~~~~~~~~~~~~~~~~~~~~~~~
#10 3.675 [ 95%] Linking C executable test_exporter
#10 3.834 [ 97%] Linking C executable test_profiler
#10 3.900 [100%] Linking C executable test_ring_buffer
#10 5.413 [100%] Built target mem_stress_nosampler
#10 5.462 [100%] Built target perfctl
#10 5.576 [100%] Built target cpu_stress_nosampler
#10 5.581 [100%] Built target test_sampler_io
#10 5.663 [100%] Built target io_stress_nosampler
#10 5.722 [100%] Built target mem_stress
#10 5.785 [100%] Built target test_sampler_mem
#10 5.855 [100%] Built target test_sampler_cpu
#10 5.863 [100%] Built target test_exporter
#10 5.968 [100%] Built target io_stress
#10 5.985 [100%] Built target cpu_stress
#10 6.004 [100%] Built target test_ring_buffer
#10 6.060 [100%] Built target test_profiler
#10 6.469 [100%] Built target perfanalyzer_server
#10 DONE 6.8s

#11 [runtime 2/9] RUN apt-get update && apt-get install -y --no-install-recommends     wget     && rm -rf /var/lib/apt/lists/*
#11 CACHED

#12 [runtime 3/9] WORKDIR /app
#12 CACHED

#13 [runtime 4/9] COPY --from=builder /src/build/src/server/perfanalyzer_server   ./perfanalyzer_server
#13 CACHED

#14 [runtime 5/9] COPY --from=builder /src/build/src/cli/perfctl                  ./perfctl
#14 CACHED

#15 [runtime 6/9] COPY --from=builder /src/build/src/tools/container_monitor      ./container_monitor
#15 CACHED

#16 [runtime 7/9] COPY --from=builder /src/build/src/workloads/cpu_stress         ./cpu_stress
#16 CACHED

#17 [runtime 8/9] COPY --from=builder /src/build/src/workloads/mem_stress         ./mem_stress
#17 CACHED

#18 [runtime 9/9] COPY --from=builder /src/build/src/workloads/io_stress          ./io_stress
#18 CACHED

#19 exporting to image
#19 exporting layers 0.0s done
#19 exporting manifest sha256:f3573c3c5a52ae41d4b61afc565f1f7998c40771df25e27385303c4b2ff3d12b 0.0s done
#19 exporting config sha256:b670cb7e8a89894e732aafbd53de9ede0f182e60d0c9d1547acad0b199695aff 0.0s done
#19 exporting attestation manifest sha256:beed2449d5832c21913658073b16275ccfc8c77b7a2c4b572dcad1103668f26c
#19 exporting attestation manifest sha256:beed2449d5832c21913658073b16275ccfc8c77b7a2c4b572dcad1103668f26c 0.2s done
#19 exporting manifest list sha256:81eaf99a58c204d4362aac4f959c14ec1f83bdb7dbfbdc0d988b1400904bba5d
#19 exporting manifest list sha256:81eaf99a58c204d4362aac4f959c14ec1f83bdb7dbfbdc0d988b1400904bba5d 0.1s done
#19 naming to docker.io/library/docker-cpu-limit:latest 0.0s done
#19 unpacking to docker.io/library/docker-cpu-limit:latest 0.1s done
#19 DONE 0.7s

#20 resolving provenance for metadata file
#20 DONE 0.1s
#1 [internal] load local bake definitions
#1 reading from stdin 565B done
#1 DONE 0.0s

#2 [internal] load build definition from Dockerfile.app
#2 transferring dockerfile: 1.81kB 0.0s done
#2 DONE 0.1s

#3 [internal] load metadata for docker.io/library/debian:bookworm-slim
#3 DONE 0.3s

#4 [internal] load .dockerignore
#4 transferring context: 68B done
#4 DONE 0.0s

#5 [internal] load build context
#5 DONE 0.0s

#6 [builder 1/5] FROM docker.io/library/debian:bookworm-slim@sha256:0104b334637a5f19aa9c983a91b54c89887c0984081f2068983107a6f6c21eeb
#6 resolve docker.io/library/debian:bookworm-slim@sha256:0104b334637a5f19aa9c983a91b54c89887c0984081f2068983107a6f6c21eeb
#6 resolve docker.io/library/debian:bookworm-slim@sha256:0104b334637a5f19aa9c983a91b54c89887c0984081f2068983107a6f6c21eeb 0.2s done
#6 DONE 0.2s

#5 [internal] load build context
#5 transferring context: 212.75kB 0.1s done
#5 DONE 0.1s

#7 [builder 2/5] RUN apt-get update && apt-get install -y     build-essential     cmake     && rm -rf /var/lib/apt/lists/*
#7 CACHED

#8 [builder 3/5] WORKDIR /src
#8 CACHED

#9 [builder 4/5] COPY . .
#9 DONE 0.5s

#10 [builder 5/5] RUN cmake -B build -DCMAKE_BUILD_TYPE=Release . &&     cmake --build build --parallel
#10 1.329 -- The C compiler identification is GNU 12.2.0
#10 1.425 -- Detecting C compiler ABI info
#10 1.765 -- Detecting C compiler ABI info - done
#10 1.785 -- Check for working C compiler: /usr/bin/cc - skipped
#10 1.790 -- Detecting C compile features
#10 1.793 -- Detecting C compile features - done
#10 1.806 -- Configuring done
#10 1.926 -- Generating done
#10 1.944 -- Build files have been written to: /src/build
#10 2.163 [  2%] Building C object src/core/CMakeFiles/perfanalyzer_core.dir/sampler_io.c.o
#10 2.174 [  4%] Building C object src/tools/CMakeFiles/container_monitor.dir/container_monitor.c.o
#10 2.183 [  6%] Building C object src/core/CMakeFiles/perfanalyzer_core.dir/sampler_cpu.c.o
#10 2.195 [  9%] Building C object src/core/CMakeFiles/perfanalyzer_core.dir/sampler_mem.c.o
#10 2.196 [ 11%] Building C object tests/CMakeFiles/unity.dir/unity/unity.c.o
#10 2.201 [ 13%] Building C object src/core/CMakeFiles/perfanalyzer_core.dir/perf.c.o
#10 2.229 [ 15%] Building C object src/core/CMakeFiles/perfanalyzer_core.dir/ring_buffer.c.o
#10 2.229 [ 18%] Building C object src/core/CMakeFiles/perfanalyzer_core.dir/sampler_cgroup.c.o
#10 2.257 [ 22%] Building C object src/core/CMakeFiles/perfanalyzer_core.dir/exporter_json.c.o
#10 2.278 [ 22%] Building C object src/core/CMakeFiles/perfanalyzer_core.dir/profiler.c.o
#10 2.543 [ 25%] Linking C executable container_monitor
#10 2.657 [ 27%] Linking C static library libperfanalyzer_core.a
#10 2.738 [ 29%] Linking C static library libunity.a
#10 2.875 [ 29%] Built target perfanalyzer_core
#10 2.913 [ 29%] Built target unity
#10 3.126 [ 31%] Building C object src/workloads/CMakeFiles/cpu_stress.dir/cpu_stress.c.o
#10 3.145 [ 34%] Building C object src/workloads/CMakeFiles/cpu_stress_nosampler.dir/cpu_stress.c.o
#10 3.149 [ 36%] Building C object src/workloads/CMakeFiles/mem_stress.dir/mem_stress.c.o
#10 3.190 [ 38%] Building C object src/server/CMakeFiles/perfanalyzer_server.dir/http.c.o
#10 3.232 [ 40%] Building C object src/workloads/CMakeFiles/io_stress_nosampler.dir/io_stress.c.o
#10 3.244 [ 43%] Building C object src/server/CMakeFiles/perfanalyzer_server.dir/routes.c.o
#10 3.260 [ 45%] Building C object tests/CMakeFiles/test_ring_buffer.dir/test_ring_buffer.c.o
#10 3.260 [ 47%] Building C object src/workloads/CMakeFiles/io_stress.dir/io_stress.c.o
#10 3.267 [ 52%] Building C object tests/CMakeFiles/test_exporter.dir/test_exporter.c.o
#10 3.273 [ 52%] Building C object tests/CMakeFiles/test_sampler_mem.dir/test_sampler_mem.c.o
#10 3.281 [ 54%] Building C object src/server/CMakeFiles/perfanalyzer_server.dir/main.c.o
#10 3.308 [ 56%] Building C object tests/CMakeFiles/test_sampler_cpu.dir/test_sampler_cpu.c.o
#10 3.330 [ 59%] Building C object src/cli/CMakeFiles/perfctl.dir/perfctl.c.o
#10 3.400 [ 61%] Building C object src/server/CMakeFiles/perfanalyzer_server.dir/dashboard.c.o
#10 3.432 [ 63%] Building C object tests/CMakeFiles/test_profiler.dir/test_profiler.c.o
#10 3.451 [ 65%] Building C object src/workloads/CMakeFiles/mem_stress_nosampler.dir/mem_stress.c.o
#10 3.501 /src/tests/test_sampler_mem.c:8:6: warning: no previous prototype for 'test_mem_read_nonzero' [-Wmissing-prototypes]
#10 3.501     8 | void test_mem_read_nonzero(void)
#10 3.501       |      ^~~~~~~~~~~~~~~~~~~~~
#10 3.517 /src/src/server/dashboard.c:255:1: warning: string length '9524' is greater than the length '4095' ISO C99 compilers are required to support [-Woverlength-strings]
#10 3.517   255 | "</html>\n";
#10 3.517       | ^~~~~~~~~~~
#10 3.534 /src/tests/test_sampler_mem.c:17:6: warning: no previous prototype for 'test_mem_peak_ge_rss' [-Wmissing-prototypes]
#10 3.534    17 | void test_mem_peak_ge_rss(void)
#10 3.534       |      ^~~~~~~~~~~~~~~~~~~~
#10 3.534 /src/tests/test_sampler_mem.c:25:6: warning: no previous prototype for 'test_mem_bad_path' [-Wmissing-prototypes]
#10 3.534    25 | void test_mem_bad_path(void)
#10 3.534       |      ^~~~~~~~~~~~~~~~~
#10 3.618 [ 68%] Building C object tests/CMakeFiles/test_sampler_io.dir/test_sampler_io.c.o
#10 3.664 /src/tests/test_exporter.c:8:6: warning: no previous prototype for 'test_sample_to_json_contains_keys' [-Wmissing-prototypes]
#10 3.664     8 | void test_sample_to_json_contains_keys(void)
#10 3.664       |      ^~~~~~~~~~~~~~~~~~~~~~~~~~~~~~~~~
#10 3.690 /src/tests/test_exporter.c:24:6: warning: no previous prototype for 'test_sample_to_json_buffer_too_small' [-Wmissing-prototypes]
#10 3.690    24 | void test_sample_to_json_buffer_too_small(void)
#10 3.690       |      ^~~~~~~~~~~~~~~~~~~~~~~~~~~~~~~~~~~~
#10 3.690 /src/tests/test_exporter.c:33:6: warning: no previous prototype for 'test_series_to_json_empty' [-Wmissing-prototypes]
#10 3.690    33 | void test_series_to_json_empty(void)
#10 3.690       |      ^~~~~~~~~~~~~~~~~~~~~~~~~
#10 3.734 /src/tests/test_profiler.c:13:6: warning: no previous prototype for 'test_probe_begin_end' [-Wmissing-prototypes]
#10 3.734    13 | void test_probe_begin_end(void)
#10 3.734       |      ^~~~~~~~~~~~~~~~~~~~
#10 3.738 /src/tests/test_profiler.c: In function 'test_probe_begin_end':
#10 3.738 /src/tests/test_profiler.c:22:13: warning: implicit declaration of function 'nanosleep' [-Wimplicit-function-declaration]
#10 3.738    22 |             nanosleep(&ts, NULL);
#10 3.738       |             ^~~~~~~~~
#10 3.740 /src/tests/test_profiler.c: At top level:
#10 3.740 /src/tests/test_profiler.c:41:6: warning: no previous prototype for 'test_probe_reset' [-Wmissing-prototypes]
#10 3.740    41 | void test_probe_reset(void)
#10 3.740       |      ^~~~~~~~~~~~~~~~
#10 3.742 /src/tests/test_profiler.c:61:6: warning: no previous prototype for 'test_probe_percentiles' [-Wmissing-prototypes]
#10 3.742    61 | void test_probe_percentiles(void)
#10 3.742       |      ^~~~~~~~~~~~~~~~~~~~~~
#10 3.753 /src/tests/test_profiler.c: In function 'test_probe_percentiles':
#10 3.756 /src/tests/test_profiler.c:76:33: warning: implicit declaration of function 'malloc' [-Wimplicit-function-declaration]
#10 3.756    76 |     perf_probe_stats_t *stats = malloc(n * sizeof(*stats));
#10 3.756       |                                 ^~~~~~
#10 3.757 /src/tests/test_profiler.c:7:1: note: include '<stdlib.h>' or provide a declaration of 'malloc'
#10 3.757     6 | #include <string.h>
#10 3.757   +++ |+#include <stdlib.h>
#10 3.757     7 | 
#10 3.771 [ 70%] Linking C executable test_sampler_mem
#10 3.771 /src/tests/test_ring_buffer.c:8:6: warning: no previous prototype for 'test_ring_push_drain' [-Wmissing-prototypes]
#10 3.771     8 | void test_ring_push_drain(void)
#10 3.771       |      ^~~~~~~~~~~~~~~~~~~~
#10 3.772 /src/tests/test_profiler.c:76:33: warning: incompatible implicit declaration of built-in function 'malloc' [-Wbuiltin-declaration-mismatch]
#10 3.772    76 |     perf_probe_stats_t *stats = malloc(n * sizeof(*stats));
#10 3.772       |                                 ^~~~~~
#10 3.776 /src/tests/test_profiler.c:76:33: note: include '<stdlib.h>' or provide a declaration of 'malloc'
#10 3.776 /src/tests/test_profiler.c:83:5: warning: implicit declaration of function 'free' [-Wimplicit-function-declaration]
#10 3.776    83 |     free(stats);
#10 3.776       |     ^~~~
#10 3.776 /src/tests/test_profiler.c:83:5: note: include '<stdlib.h>' or provide a declaration of 'free'
#10 3.778 /src/tests/test_profiler.c:83:5: warning: incompatible implicit declaration of built-in function 'free' [-Wbuiltin-declaration-mismatch]
#10 3.788 /src/tests/test_ring_buffer.c:25:6: warning: no previous prototype for 'test_ring_empty_drain' [-Wmissing-prototypes]
#10 3.788    25 | void test_ring_empty_drain(void)
#10 3.788       |      ^~~~~~~~~~~~~~~~~~~~~
#10 3.792 /src/tests/test_profiler.c:83:5: note: include '<stdlib.h>' or provide a declaration of 'free'
#10 3.794 /src/tests/test_ring_buffer.c:35:6: warning: no previous prototype for 'test_ring_overflow_keeps_newest' [-Wmissing-prototypes]
#10 3.794    35 | void test_ring_overflow_keeps_newest(void)
#10 3.794       |      ^~~~~~~~~~~~~~~~~~~~~~~~~~~~~~~
#10 3.845 [ 72%] Linking C executable mem_stress
#10 3.878 /src/tests/test_sampler_cpu.c:8:6: warning: no previous prototype for 'test_cpu_read_self' [-Wmissing-prototypes]
#10 3.878     8 | void test_cpu_read_self(void)
#10 3.878       |      ^~~~~~~~~~~~~~~~~~
#10 3.878 /src/tests/test_sampler_cpu.c:17:6: warning: no previous prototype for 'test_cpu_percent_negative_on_first' [-Wmissing-prototypes]
#10 3.878    17 | void test_cpu_percent_negative_on_first(void)
#10 3.878       |      ^~~~~~~~~~~~~~~~~~~~~~~~~~~~~~~~~~
#10 3.882 /src/tests/test_sampler_cpu.c:23:6: warning: no previous prototype for 'test_cpu_percent_range' [-Wmissing-prototypes]
#10 3.882    23 | void test_cpu_percent_range(void)
#10 3.882       |      ^~~~~~~~~~~~~~~~~~~~~~
#10 3.889 /src/tests/test_sampler_cpu.c: In function 'test_cpu_percent_range':
#10 3.896 /src/tests/test_sampler_cpu.c:31:5: warning: implicit declaration of function 'nanosleep' [-Wimplicit-function-declaration]
#10 3.896    31 |     nanosleep(&ts, NULL);
#10 3.896       |     ^~~~~~~~~
#10 3.938 [ 75%] Linking C executable cpu_stress_nosampler
#10 3.983 [ 79%] Linking C executable test_ring_buffer
#10 3.989 [ 81%] Linking C executable io_stress
#10 3.996 [ 81%] Linking C executable perfctl
#10 4.020 [ 84%] Linking C executable io_stress_nosampler
#10 4.037 [ 86%] Linking C executable test_exporter
#10 4.062 /src/tests/test_sampler_io.c:8:6: warning: no previous prototype for 'test_io_read_ok' [-Wmissing-prototypes]
#10 4.062     8 | void test_io_read_ok(void)
#10 4.062       |      ^~~~~~~~~~~~~~~
#10 4.109 /src/tests/test_sampler_io.c:17:6: warning: no previous prototype for 'test_io_bad_path' [-Wmissing-prototypes]
#10 4.109    17 | void test_io_bad_path(void)
#10 4.109       |      ^~~~~~~~~~~~~~~~
#10 4.120 [ 88%] Linking C executable cpu_stress
#10 4.133 [ 90%] Linking C executable test_profiler
#10 4.162 [ 93%] Built target container_monitor
#10 4.166 [ 93%] Linking C executable mem_stress_nosampler
#10 4.203 [ 95%] Linking C executable test_sampler_cpu
#10 4.324 [ 97%] Linking C executable perfanalyzer_server
#10 4.327 [100%] Linking C executable test_sampler_io
#10 5.698 [100%] Built target test_exporter
#10 5.743 [100%] Built target test_sampler_mem
#10 5.869 [100%] Built target test_sampler_io
#10 5.940 [100%] Built target mem_stress_nosampler
#10 6.021 [100%] Built target io_stress_nosampler
#10 6.152 [100%] Built target test_sampler_cpu
#10 6.178 [100%] Built target perfctl
#10 6.184 [100%] Built target io_stress
#10 6.301 [100%] Built target test_ring_buffer
#10 6.340 [100%] Built target cpu_stress_nosampler
#10 6.446 [100%] Built target cpu_stress
#10 6.518 [100%] Built target mem_stress
#10 6.553 [100%] Built target test_profiler
#10 6.810 [100%] Built target perfanalyzer_server
#10 DONE 7.1s

#11 [runtime 7/9] COPY --from=builder /src/build/src/workloads/cpu_stress         ./cpu_stress
#11 CACHED

#12 [runtime 8/9] COPY --from=builder /src/build/src/workloads/mem_stress         ./mem_stress
#12 CACHED

#13 [runtime 2/9] RUN apt-get update && apt-get install -y --no-install-recommends     wget     && rm -rf /var/lib/apt/lists/*
#13 CACHED

#14 [runtime 3/9] WORKDIR /app
#14 CACHED

#15 [runtime 4/9] COPY --from=builder /src/build/src/server/perfanalyzer_server   ./perfanalyzer_server
#15 CACHED

#16 [runtime 5/9] COPY --from=builder /src/build/src/cli/perfctl                  ./perfctl
#16 CACHED

#17 [runtime 6/9] COPY --from=builder /src/build/src/tools/container_monitor      ./container_monitor
#17 CACHED

#18 [runtime 9/9] COPY --from=builder /src/build/src/workloads/io_stress          ./io_stress
#18 CACHED

#19 exporting to image
#19 exporting layers done
#19 exporting manifest sha256:f3573c3c5a52ae41d4b61afc565f1f7998c40771df25e27385303c4b2ff3d12b 0.0s done
#19 exporting config sha256:b670cb7e8a89894e732aafbd53de9ede0f182e60d0c9d1547acad0b199695aff 0.0s done
#19 exporting attestation manifest sha256:f1c5be2e5e623d969a0537f5558c724b7c1a1d2a09236a71ffba479dfff49bbc
#19 exporting attestation manifest sha256:f1c5be2e5e623d969a0537f5558c724b7c1a1d2a09236a71ffba479dfff49bbc 0.2s done
#19 exporting manifest list sha256:6a20a717fe1f28382ded5939b109328bbede1fdd92965790b7604921406643fe
#19 exporting manifest list sha256:6a20a717fe1f28382ded5939b109328bbede1fdd92965790b7604921406643fe 0.1s done
#19 naming to docker.io/library/docker-cpu-limit:latest 0.0s done
#19 unpacking to docker.io/library/docker-cpu-limit:latest
#19 unpacking to docker.io/library/docker-cpu-limit:latest 0.1s done
#19 DONE 0.6s

#20 resolving provenance for metadata file
#20 DONE 0.1s
..............................
[0;32m[EXP][0m ─── DOCKER:mem-limit | mem_stress | intensidad=1 ───
#1 [internal] load local bake definitions
#1 reading from stdin 565B done
#1 DONE 0.0s

#2 [internal] load build definition from Dockerfile.app
#2 transferring dockerfile: 1.81kB 0.0s done
#2 DONE 0.1s

#3 [internal] load metadata for docker.io/library/debian:bookworm-slim
#3 DONE 0.8s

#4 [internal] load .dockerignore
#4 transferring context: 68B 0.0s done
#4 DONE 0.1s

#5 [internal] load build context
#5 DONE 0.0s

#6 [builder 1/5] FROM docker.io/library/debian:bookworm-slim@sha256:0104b334637a5f19aa9c983a91b54c89887c0984081f2068983107a6f6c21eeb
#6 resolve docker.io/library/debian:bookworm-slim@sha256:0104b334637a5f19aa9c983a91b54c89887c0984081f2068983107a6f6c21eeb 0.1s done
#6 DONE 0.2s

#5 [internal] load build context
#5 transferring context: 251.01kB 0.1s done
#5 DONE 0.1s

#7 [builder 2/5] RUN apt-get update && apt-get install -y     build-essential     cmake     && rm -rf /var/lib/apt/lists/*
#7 CACHED

#8 [builder 3/5] WORKDIR /src
#8 CACHED

#9 [builder 4/5] COPY . .
#9 DONE 0.4s

#10 [builder 5/5] RUN cmake -B build -DCMAKE_BUILD_TYPE=Release . &&     cmake --build build --parallel
#10 0.980 -- The C compiler identification is GNU 12.2.0
#10 1.022 -- Detecting C compiler ABI info
#10 1.285 -- Detecting C compiler ABI info - done
#10 1.313 -- Check for working C compiler: /usr/bin/cc - skipped
#10 1.313 -- Detecting C compile features
#10 1.313 -- Detecting C compile features - done
#10 1.327 -- Configuring done
#10 1.444 -- Generating done
#10 1.457 -- Build files have been written to: /src/build
#10 1.633 [  2%] Building C object src/tools/CMakeFiles/container_monitor.dir/container_monitor.c.o
#10 1.639 [  4%] Building C object src/core/CMakeFiles/perfanalyzer_core.dir/sampler_mem.c.o
#10 1.640 [  6%] Building C object tests/CMakeFiles/unity.dir/unity/unity.c.o
#10 1.661 [  9%] Building C object src/core/CMakeFiles/perfanalyzer_core.dir/sampler_io.c.o
#10 1.666 [ 11%] Building C object src/core/CMakeFiles/perfanalyzer_core.dir/sampler_cpu.c.o
#10 1.680 [ 13%] Building C object src/core/CMakeFiles/perfanalyzer_core.dir/perf.c.o
#10 1.691 [ 15%] Building C object src/core/CMakeFiles/perfanalyzer_core.dir/profiler.c.o
#10 1.694 [ 18%] Building C object src/core/CMakeFiles/perfanalyzer_core.dir/sampler_cgroup.c.o
#10 1.749 [ 20%] Building C object src/core/CMakeFiles/perfanalyzer_core.dir/exporter_json.c.o
#10 1.761 [ 22%] Building C object src/core/CMakeFiles/perfanalyzer_core.dir/ring_buffer.c.o
#10 2.028 [ 25%] Linking C executable container_monitor
#10 2.077 [ 27%] Linking C static library libunity.a
#10 2.082 [ 29%] Linking C static library libperfanalyzer_core.a
#10 2.219 [ 29%] Built target unity
#10 2.243 [ 29%] Built target perfanalyzer_core
#10 2.454 [ 31%] Building C object tests/CMakeFiles/test_sampler_cpu.dir/test_sampler_cpu.c.o
#10 2.487 [ 34%] Building C object src/cli/CMakeFiles/perfctl.dir/perfctl.c.o
#10 2.563 [ 38%] Building C object src/workloads/CMakeFiles/io_stress_nosampler.dir/io_stress.c.o
#10 2.567 [ 40%] Building C object src/server/CMakeFiles/perfanalyzer_server.dir/main.c.o
#10 2.569 [ 40%] Building C object src/server/CMakeFiles/perfanalyzer_server.dir/dashboard.c.o
#10 2.570 [ 43%] Building C object src/workloads/CMakeFiles/mem_stress_nosampler.dir/mem_stress.c.o
#10 2.576 [ 45%] Building C object src/workloads/CMakeFiles/cpu_stress.dir/cpu_stress.c.o
#10 2.585 [ 47%] Building C object src/server/CMakeFiles/perfanalyzer_server.dir/http.c.o
#10 2.596 [ 50%] Building C object src/workloads/CMakeFiles/cpu_stress_nosampler.dir/cpu_stress.c.o
#10 2.622 [ 54%] Building C object tests/CMakeFiles/test_sampler_mem.dir/test_sampler_mem.c.o
#10 2.626 [ 54%] Building C object src/workloads/CMakeFiles/mem_stress.dir/mem_stress.c.o
#10 2.633 [ 56%] Building C object src/server/CMakeFiles/perfanalyzer_server.dir/routes.c.o
#10 2.640 [ 59%] Building C object tests/CMakeFiles/test_exporter.dir/test_exporter.c.o
#10 2.646 [ 61%] Building C object src/workloads/CMakeFiles/io_stress.dir/io_stress.c.o
#10 2.664 [ 63%] Building C object tests/CMakeFiles/test_profiler.dir/test_profiler.c.o
#10 2.702 [ 65%] Building C object tests/CMakeFiles/test_sampler_io.dir/test_sampler_io.c.o
#10 2.756 /src/tests/test_exporter.c:8:6: warning: no previous prototype for 'test_sample_to_json_contains_keys' [-Wmissing-prototypes]
#10 2.756     8 | void test_sample_to_json_contains_keys(void)
#10 2.756       |      ^~~~~~~~~~~~~~~~~~~~~~~~~~~~~~~~~
#10 2.781 /src/tests/test_exporter.c:24:6: warning: no previous prototype for 'test_sample_to_json_buffer_too_small' [-Wmissing-prototypes]
#10 2.781    24 | void test_sample_to_json_buffer_too_small(void)
#10 2.781       |      ^~~~~~~~~~~~~~~~~~~~~~~~~~~~~~~~~~~~
#10 2.782 /src/tests/test_exporter.c:33:6: warning: no previous prototype for 'test_series_to_json_empty' [-Wmissing-prototypes]
#10 2.782    33 | void test_series_to_json_empty(void)
#10 2.782       |      ^~~~~~~~~~~~~~~~~~~~~~~~~
#10 2.806 [ 68%] Building C object tests/CMakeFiles/test_ring_buffer.dir/test_ring_buffer.c.o
#10 2.877 /src/tests/test_sampler_mem.c:8:6: warning: no previous prototype for 'test_mem_read_nonzero' [-Wmissing-prototypes]
#10 2.877     8 | void test_mem_read_nonzero(void)
#10 2.877       |      ^~~~~~~~~~~~~~~~~~~~~
#10 2.877 /src/tests/test_sampler_cpu.c:8:6: warning: no previous prototype for 'test_cpu_read_self' [-Wmissing-prototypes]
#10 2.877     8 | void test_cpu_read_self(void)
#10 2.877       |      ^~~~~~~~~~~~~~~~~~
#10 2.877 /src/src/server/dashboard.c:255:1: warning: string length '9524' is greater than the length '4095' ISO C99 compilers are required to support [-Woverlength-strings]
#10 2.877   255 | "</html>\n";
#10 2.877       | ^~~~~~~~~~~
#10 2.895 /src/tests/test_sampler_cpu.c:17:6: warning: no previous prototype for 'test_cpu_percent_negative_on_first' [-Wmissing-prototypes]
#10 2.895    17 | void test_cpu_percent_negative_on_first(void)
#10 2.895       |      ^~~~~~~~~~~~~~~~~~~~~~~~~~~~~~~~~~
#10 2.895 /src/tests/test_sampler_mem.c:17:6: warning: no previous prototype for 'test_mem_peak_ge_rss' [-Wmissing-prototypes]
#10 2.895    17 | void test_mem_peak_ge_rss(void)
#10 2.895       |      ^~~~~~~~~~~~~~~~~~~~
#10 2.895 /src/tests/test_sampler_mem.c:25:6: warning: no previous prototype for 'test_mem_bad_path' [-Wmissing-prototypes]
#10 2.895    25 | void test_mem_bad_path(void)
#10 2.895       |      ^~~~~~~~~~~~~~~~~
#10 2.895 /src/tests/test_sampler_cpu.c:23:6: warning: no previous prototype for 'test_cpu_percent_range' [-Wmissing-prototypes]
#10 2.895    23 | void test_cpu_percent_range(void)
#10 2.895       |      ^~~~~~~~~~~~~~~~~~~~~~
#10 2.897 /src/tests/test_sampler_cpu.c: In function 'test_cpu_percent_range':
#10 2.913 /src/tests/test_sampler_cpu.c:31:5: warning: implicit declaration of function 'nanosleep' [-Wimplicit-function-declaration]
#10 2.913    31 |     nanosleep(&ts, NULL);
#10 2.913       |     ^~~~~~~~~
#10 2.942 /src/tests/test_profiler.c:13:6: warning: no previous prototype for 'test_probe_begin_end' [-Wmissing-prototypes]
#10 2.942    13 | void test_probe_begin_end(void)
#10 2.942       |      ^~~~~~~~~~~~~~~~~~~~
#10 2.942 /src/tests/test_profiler.c: In function 'test_probe_begin_end':
#10 2.942 /src/tests/test_profiler.c:22:13: warning: implicit declaration of function 'nanosleep' [-Wimplicit-function-declaration]
#10 2.942    22 |             nanosleep(&ts, NULL);
#10 2.942       |             ^~~~~~~~~
#10 2.942 /src/tests/test_profiler.c: At top level:
#10 2.942 /src/tests/test_profiler.c:41:6: warning: no previous prototype for 'test_probe_reset' [-Wmissing-prototypes]
#10 2.942    41 | void test_probe_reset(void)
#10 2.942       |      ^~~~~~~~~~~~~~~~
#10 2.942 /src/tests/test_profiler.c:61:6: warning: no previous prototype for 'test_probe_percentiles' [-Wmissing-prototypes]
#10 2.942    61 | void test_probe_percentiles(void)
#10 2.942       |      ^~~~~~~~~~~~~~~~~~~~~~
#10 2.942 /src/tests/test_profiler.c: In function 'test_probe_percentiles':
#10 2.942 /src/tests/test_profiler.c:76:33: warning: implicit declaration of function 'malloc' [-Wimplicit-function-declaration]
#10 2.942    76 |     perf_probe_stats_t *stats = malloc(n * sizeof(*stats));
#10 2.942       |                                 ^~~~~~
#10 2.942 /src/tests/test_profiler.c:7:1: note: include '<stdlib.h>' or provide a declaration of 'malloc'
#10 2.942     6 | #include <string.h>
#10 2.942   +++ |+#include <stdlib.h>
#10 2.942     7 | 
#10 2.942 /src/tests/test_profiler.c:76:33: warning: incompatible implicit declaration of built-in function 'malloc' [-Wbuiltin-declaration-mismatch]
#10 2.942    76 |     perf_probe_stats_t *stats = malloc(n * sizeof(*stats));
#10 2.942       |                                 ^~~~~~
#10 2.942 /src/tests/test_profiler.c:76:33: note: include '<stdlib.h>' or provide a declaration of 'malloc'
#10 2.942 /src/tests/test_profiler.c:83:5: warning: implicit declaration of function 'free' [-Wimplicit-function-declaration]
#10 2.942    83 |     free(stats);
#10 2.942       |     ^~~~
#10 2.942 /src/tests/test_profiler.c:83:5: note: include '<stdlib.h>' or provide a declaration of 'free'
#10 2.942 /src/tests/test_profiler.c:83:5: warning: incompatible implicit declaration of built-in function 'free' [-Wbuiltin-declaration-mismatch]
#10 2.942 /src/tests/test_profiler.c:83:5: note: include '<stdlib.h>' or provide a declaration of 'free'
#10 2.967 [ 70%] Linking C executable test_exporter
#10 3.022 [ 72%] Linking C executable io_stress_nosampler
#10 3.066 /src/tests/test_sampler_io.c:8:6: warning: no previous prototype for 'test_io_read_ok' [-Wmissing-prototypes]
#10 3.066     8 | void test_io_read_ok(void)
#10 3.066       |      ^~~~~~~~~~~~~~~
#10 3.068 /src/tests/test_sampler_io.c:17:6: warning: no previous prototype for 'test_io_bad_path' [-Wmissing-prototypes]
#10 3.068    17 | void test_io_bad_path(void)
#10 3.068       |      ^~~~~~~~~~~~~~~~
#10 3.069 [ 75%] Linking C executable perfctl
#10 3.089 [ 77%] Linking C executable cpu_stress
#10 3.112 [ 79%] Linking C executable test_sampler_cpu
#10 3.118 [ 81%] Linking C executable test_sampler_mem
#10 3.144 [ 84%] Linking C executable test_profiler
#10 3.191 [ 86%] Linking C executable io_stress
#10 3.221 [ 88%] Linking C executable cpu_stress_nosampler
#10 3.254 [ 88%] Built target container_monitor
#10 3.267 [ 90%] Linking C executable mem_stress
#10 3.276 /src/tests/test_ring_buffer.c:8:6: warning: no previous prototype for 'test_ring_push_drain' [-Wmissing-prototypes]
#10 3.276     8 | void test_ring_push_drain(void)
#10 3.276       |      ^~~~~~~~~~~~~~~~~~~~
#10 3.276 /src/tests/test_ring_buffer.c:25:6: warning: no previous prototype for 'test_ring_empty_drain' [-Wmissing-prototypes]
#10 3.276    25 | void test_ring_empty_drain(void)
#10 3.276       |      ^~~~~~~~~~~~~~~~~~~~~
#10 3.276 /src/tests/test_ring_buffer.c:35:6: warning: no previous prototype for 'test_ring_overflow_keeps_newest' [-Wmissing-prototypes]
#10 3.276    35 | void test_ring_overflow_keeps_newest(void)
#10 3.276       |      ^~~~~~~~~~~~~~~~~~~~~~~~~~~~~~~
#10 3.305 [ 93%] Linking C executable mem_stress_nosampler
#10 3.337 [ 95%] Linking C executable test_sampler_io
#10 3.458 [ 97%] Linking C executable test_ring_buffer
#10 3.491 [100%] Linking C executable perfanalyzer_server
#10 4.625 [100%] Built target io_stress_nosampler
#10 4.697 [100%] Built target test_sampler_cpu
#10 4.705 [100%] Built target test_sampler_mem
#10 4.794 [100%] Built target test_exporter
#10 4.828 [100%] Built target test_sampler_io
#10 4.918 [100%] Built target test_ring_buffer
#10 4.934 [100%] Built target mem_stress_nosampler
#10 4.944 [100%] Built target cpu_stress_nosampler
#10 5.040 [100%] Built target cpu_stress
#10 5.047 [100%] Built target perfctl
#10 5.129 [100%] Built target mem_stress
#10 5.194 [100%] Built target io_stress
#10 5.449 [100%] Built target test_profiler
#10 5.556 [100%] Built target perfanalyzer_server
#10 DONE 5.8s

#11 [runtime 7/9] COPY --from=builder /src/build/src/workloads/cpu_stress         ./cpu_stress
#11 CACHED

#12 [runtime 8/9] COPY --from=builder /src/build/src/workloads/mem_stress         ./mem_stress
#12 CACHED

#13 [runtime 2/9] RUN apt-get update && apt-get install -y --no-install-recommends     wget     && rm -rf /var/lib/apt/lists/*
#13 CACHED

#14 [runtime 3/9] WORKDIR /app
#14 CACHED

#15 [runtime 4/9] COPY --from=builder /src/build/src/server/perfanalyzer_server   ./perfanalyzer_server
#15 CACHED

#16 [runtime 5/9] COPY --from=builder /src/build/src/cli/perfctl                  ./perfctl
#16 CACHED

#17 [runtime 6/9] COPY --from=builder /src/build/src/tools/container_monitor      ./container_monitor
#17 CACHED

#18 [runtime 9/9] COPY --from=builder /src/build/src/workloads/io_stress          ./io_stress
#18 CACHED

#19 exporting to image
#19 exporting layers 0.1s done
#19 exporting manifest sha256:70b9c00a929874891d1b3a0f6f337ceafd8af45fc33fe912a242a9305b80aa03 0.0s done
#19 exporting config sha256:ea99691dffd255a776197280dd5949ebe82e4b1700cbce83290b03264c9ce92a
#19 exporting config sha256:ea99691dffd255a776197280dd5949ebe82e4b1700cbce83290b03264c9ce92a 0.0s done
#19 exporting attestation manifest sha256:f401334ab61f120449cd91d5c8a86fbf16f67bfcabccb454f8e2cd448b520d22
#19 exporting attestation manifest sha256:f401334ab61f120449cd91d5c8a86fbf16f67bfcabccb454f8e2cd448b520d22 0.2s done
#19 exporting manifest list sha256:5227c8a8297ee7219b6c9c60f1e37e275c488c2b59ccf30980c8e24c369d476c
#19 exporting manifest list sha256:5227c8a8297ee7219b6c9c60f1e37e275c488c2b59ccf30980c8e24c369d476c 0.1s done
#19 naming to docker.io/library/docker-mem-limit:latest 0.0s done
#19 unpacking to docker.io/library/docker-mem-limit:latest
#19 unpacking to docker.io/library/docker-mem-limit:latest 0.0s done
#19 DONE 0.6s

#20 resolving provenance for metadata file
#20 DONE 0.1s
#1 [internal] load local bake definitions
#1 reading from stdin 565B done
#1 DONE 0.0s

#2 [internal] load build definition from Dockerfile.app
#2 transferring dockerfile: 1.81kB 0.0s done
#2 DONE 0.1s

#3 [internal] load metadata for docker.io/library/debian:bookworm-slim
#3 DONE 0.3s

#4 [internal] load .dockerignore
#4 transferring context: 68B 0.0s done
#4 DONE 0.1s

#5 [internal] load build context
#5 DONE 0.0s

#6 [builder 1/5] FROM docker.io/library/debian:bookworm-slim@sha256:0104b334637a5f19aa9c983a91b54c89887c0984081f2068983107a6f6c21eeb
#6 resolve docker.io/library/debian:bookworm-slim@sha256:0104b334637a5f19aa9c983a91b54c89887c0984081f2068983107a6f6c21eeb 0.1s done
#6 DONE 0.1s

#5 [internal] load build context
#5 transferring context: 240.44kB 0.1s done
#5 DONE 0.1s

#7 [builder 2/5] RUN apt-get update && apt-get install -y     build-essential     cmake     && rm -rf /var/lib/apt/lists/*
#7 CACHED

#8 [builder 3/5] WORKDIR /src
#8 CACHED

#9 [builder 4/5] COPY . .
#9 DONE 0.3s

#10 [builder 5/5] RUN cmake -B build -DCMAKE_BUILD_TYPE=Release . &&     cmake --build build --parallel
#10 1.250 -- The C compiler identification is GNU 12.2.0
#10 1.356 -- Detecting C compiler ABI info
#10 1.693 -- Detecting C compiler ABI info - done
#10 1.717 -- Check for working C compiler: /usr/bin/cc - skipped
#10 1.721 -- Detecting C compile features
#10 1.724 -- Detecting C compile features - done
#10 1.734 -- Configuring done
#10 1.834 -- Generating done
#10 1.845 -- Build files have been written to: /src/build
#10 2.033 [  2%] Building C object src/core/CMakeFiles/perfanalyzer_core.dir/perf.c.o
#10 2.033 [  4%] Building C object src/core/CMakeFiles/perfanalyzer_core.dir/sampler_cpu.c.o
#10 2.041 [  9%] Building C object src/core/CMakeFiles/perfanalyzer_core.dir/sampler_mem.c.o
#10 2.044 [  6%] Building C object src/tools/CMakeFiles/container_monitor.dir/container_monitor.c.o
#10 2.051 [ 11%] Building C object tests/CMakeFiles/unity.dir/unity/unity.c.o
#10 2.078 [ 13%] Building C object src/core/CMakeFiles/perfanalyzer_core.dir/profiler.c.o
#10 2.084 [ 15%] Building C object src/core/CMakeFiles/perfanalyzer_core.dir/sampler_io.c.o
#10 2.092 [ 18%] Building C object src/core/CMakeFiles/perfanalyzer_core.dir/exporter_json.c.o
#10 2.103 [ 20%] Building C object src/core/CMakeFiles/perfanalyzer_core.dir/ring_buffer.c.o
#10 2.111 [ 22%] Building C object src/core/CMakeFiles/perfanalyzer_core.dir/sampler_cgroup.c.o
#10 2.470 [ 27%] Linking C static library libunity.a
#10 2.470 [ 27%] Linking C static library libperfanalyzer_core.a
#10 2.545 [ 29%] Linking C executable container_monitor
#10 2.616 [ 29%] Built target unity
#10 2.673 [ 29%] Built target perfanalyzer_core
#10 2.885 [ 31%] Building C object src/workloads/CMakeFiles/cpu_stress.dir/cpu_stress.c.o
#10 2.939 [ 34%] Building C object src/workloads/CMakeFiles/io_stress.dir/io_stress.c.o
#10 2.941 [ 36%] Building C object src/cli/CMakeFiles/perfctl.dir/perfctl.c.o
#10 2.983 [ 38%] Building C object src/workloads/CMakeFiles/mem_stress.dir/mem_stress.c.o
#10 2.983 [ 40%] Building C object tests/CMakeFiles/test_sampler_io.dir/test_sampler_io.c.o
#10 2.992 [ 43%] Building C object src/workloads/CMakeFiles/io_stress_nosampler.dir/io_stress.c.o
#10 3.014 [ 45%] Building C object tests/CMakeFiles/test_ring_buffer.dir/test_ring_buffer.c.o
#10 3.030 [ 47%] Building C object src/workloads/CMakeFiles/cpu_stress_nosampler.dir/cpu_stress.c.o
#10 3.052 [ 52%] Building C object src/server/CMakeFiles/perfanalyzer_server.dir/routes.c.o
#10 3.054 [ 54%] Building C object src/workloads/CMakeFiles/mem_stress_nosampler.dir/mem_stress.c.o
#10 3.054 [ 56%] Building C object tests/CMakeFiles/test_exporter.dir/test_exporter.c.o
#10 3.059 [ 59%] Building C object src/server/CMakeFiles/perfanalyzer_server.dir/http.c.o
#10 3.089 [ 61%] Building C object tests/CMakeFiles/test_sampler_mem.dir/test_sampler_mem.c.o
#10 3.091 [ 61%] Building C object tests/CMakeFiles/test_profiler.dir/test_profiler.c.o
#10 3.109 [ 63%] Building C object src/server/CMakeFiles/perfanalyzer_server.dir/main.c.o
#10 3.116 [ 65%] Building C object tests/CMakeFiles/test_sampler_cpu.dir/test_sampler_cpu.c.o
#10 3.218 /src/tests/test_ring_buffer.c:8:6: warning: no previous prototype for 'test_ring_push_drain' [-Wmissing-prototypes]
#10 3.218     8 | void test_ring_push_drain(void)
#10 3.218       |      ^~~~~~~~~~~~~~~~~~~~
#10 3.218 /src/tests/test_ring_buffer.c:25:6: warning: no previous prototype for 'test_ring_empty_drain' [-Wmissing-prototypes]
#10 3.218    25 | void test_ring_empty_drain(void)
#10 3.218       |      ^~~~~~~~~~~~~~~~~~~~~
#10 3.218 /src/tests/test_ring_buffer.c:35:6: warning: no previous prototype for 'test_ring_overflow_keeps_newest' [-Wmissing-prototypes]
#10 3.218    35 | void test_ring_overflow_keeps_newest(void)
#10 3.218       |      ^~~~~~~~~~~~~~~~~~~~~~~~~~~~~~~
#10 3.282 /src/tests/test_exporter.c:8:6: warning: no previous prototype for 'test_sample_to_json_contains_keys' [-Wmissing-prototypes]
#10 3.282     8 | void test_sample_to_json_contains_keys(void)
#10 3.282       |      ^~~~~~~~~~~~~~~~~~~~~~~~~~~~~~~~~
#10 3.284 /src/tests/test_exporter.c:24:6: warning: no previous prototype for 'test_sample_to_json_buffer_too_small' [-Wmissing-prototypes]
#10 3.284    24 | void test_sample_to_json_buffer_too_small(void)
#10 3.284       |      ^~~~~~~~~~~~~~~~~~~~~~~~~~~~~~~~~~~~
#10 3.284 /src/tests/test_exporter.c:33:6: warning: no previous prototype for 'test_series_to_json_empty' [-Wmissing-prototypes]
#10 3.284    33 | void test_series_to_json_empty(void)
#10 3.284       |      ^~~~~~~~~~~~~~~~~~~~~~~~~
#10 3.297 [ 68%] Building C object src/server/CMakeFiles/perfanalyzer_server.dir/dashboard.c.o
#10 3.298 /src/tests/test_profiler.c:13:6: warning: no previous prototype for 'test_probe_begin_end' [-Wmissing-prototypes]
#10 3.298    13 | void test_probe_begin_end(void)
#10 3.298       |      ^~~~~~~~~~~~~~~~~~~~
#10 3.298 /src/tests/test_profiler.c: In function 'test_probe_begin_end':
#10 3.300 /src/tests/test_profiler.c:22:13: warning: implicit declaration of function 'nanosleep' [-Wimplicit-function-declaration]
#10 3.300    22 |             nanosleep(&ts, NULL);
#10 3.300       |             ^~~~~~~~~
#10 3.301 /src/tests/test_profiler.c: At top level:
#10 3.301 /src/tests/test_profiler.c:41:6: warning: no previous prototype for 'test_probe_reset' [-Wmissing-prototypes]
#10 3.301    41 | void test_probe_reset(void)
#10 3.301       |      ^~~~~~~~~~~~~~~~
#10 3.304 /src/tests/test_profiler.c:61:6: warning: no previous prototype for 'test_probe_percentiles' [-Wmissing-prototypes]
#10 3.304    61 | void test_probe_percentiles(void)
#10 3.304       |      ^~~~~~~~~~~~~~~~~~~~~~
#10 3.305 /src/tests/test_profiler.c: In function 'test_probe_percentiles':
#10 3.305 /src/tests/test_profiler.c:76:33: warning: implicit declaration of function 'malloc' [-Wimplicit-function-declaration]
#10 3.305    76 |     perf_probe_stats_t *stats = malloc(n * sizeof(*stats));
#10 3.305       |                                 ^~~~~~
#10 3.305 /src/tests/test_profiler.c:7:1: note: include '<stdlib.h>' or provide a declaration of 'malloc'
#10 3.305     6 | #include <string.h>
#10 3.305   +++ |+#include <stdlib.h>
#10 3.305     7 | 
#10 3.306 /src/tests/test_profiler.c:76:33: warning: incompatible implicit declaration of built-in function 'malloc' [-Wbuiltin-declaration-mismatch]
#10 3.306    76 |     perf_probe_stats_t *stats = malloc(n * sizeof(*stats));
#10 3.306       |                                 ^~~~~~
#10 3.306 /src/tests/test_profiler.c:76:33: note: include '<stdlib.h>' or provide a declaration of 'malloc'
#10 3.307 /src/tests/test_profiler.c:83:5: warning: implicit declaration of function 'free' [-Wimplicit-function-declaration]
#10 3.307    83 |     free(stats);
#10 3.307       |     ^~~~
#10 3.307 /src/tests/test_profiler.c:83:5: note: include '<stdlib.h>' or provide a declaration of 'free'
#10 3.307 /src/tests/test_profiler.c:83:5: warning: incompatible implicit declaration of built-in function 'free' [-Wbuiltin-declaration-mismatch]
#10 3.307 /src/tests/test_profiler.c:83:5: note: include '<stdlib.h>' or provide a declaration of 'free'
#10 3.337 /src/tests/test_sampler_io.c:8:6: warning: no previous prototype for 'test_io_read_ok' [-Wmissing-prototypes]
#10 3.337     8 | void test_io_read_ok(void)
#10 3.337       |      ^~~~~~~~~~~~~~~
#10 3.337 /src/tests/test_sampler_io.c:17:6: warning: no previous prototype for 'test_io_bad_path' [-Wmissing-prototypes]
#10 3.337    17 | void test_io_bad_path(void)
#10 3.337       |      ^~~~~~~~~~~~~~~~
#10 3.455 /src/tests/test_sampler_cpu.c:8:6: warning: no previous prototype for 'test_cpu_read_self' [-Wmissing-prototypes]
#10 3.455     8 | void test_cpu_read_self(void)
#10 3.455       |      ^~~~~~~~~~~~~~~~~~
#10 3.455 /src/tests/test_sampler_cpu.c:17:6: warning: no previous prototype for 'test_cpu_percent_negative_on_first' [-Wmissing-prototypes]
#10 3.455    17 | void test_cpu_percent_negative_on_first(void)
#10 3.455       |      ^~~~~~~~~~~~~~~~~~~~~~~~~~~~~~~~~~
#10 3.455 /src/tests/test_sampler_cpu.c:23:6: warning: no previous prototype for 'test_cpu_percent_range' [-Wmissing-prototypes]
#10 3.455    23 | void test_cpu_percent_range(void)
#10 3.455       |      ^~~~~~~~~~~~~~~~~~~~~~
#10 3.455 /src/tests/test_sampler_cpu.c: In function 'test_cpu_percent_range':
#10 3.455 /src/tests/test_sampler_cpu.c:31:5: warning: implicit declaration of function 'nanosleep' [-Wimplicit-function-declaration]
#10 3.455    31 |     nanosleep(&ts, NULL);
#10 3.455       |     ^~~~~~~~~
#10 3.458 [ 70%] Linking C executable test_sampler_io
#10 3.485 /src/src/server/dashboard.c:255:1: warning: string length '9524' is greater than the length '4095' ISO C99 compilers are required to support [-Woverlength-strings]
#10 3.485   255 | "</html>\n";
#10 3.485       | ^~~~~~~~~~~
#10 3.504 [ 72%] Linking C executable test_exporter
#10 3.569 [ 75%] Linking C executable io_stress
#10 3.572 [ 77%] Linking C executable io_stress_nosampler
#10 3.576 [ 79%] Linking C executable mem_stress_nosampler
#10 3.591 [ 81%] Linking C executable mem_stress
#10 3.616 [ 84%] Linking C executable test_ring_buffer
#10 3.632 [ 86%] Linking C executable perfctl
#10 3.661 [ 88%] Linking C executable test_profiler
#10 3.709 [ 90%] Linking C executable test_sampler_cpu
#10 3.735 [ 93%] Linking C executable cpu_stress
#10 3.738 /src/tests/test_sampler_mem.c:8:6: warning: no previous prototype for 'test_mem_read_nonzero' [-Wmissing-prototypes]
#10 3.738     8 | void test_mem_read_nonzero(void)
#10 3.738       |      ^~~~~~~~~~~~~~~~~~~~~
#10 3.739 /src/tests/test_sampler_mem.c:17:6: warning: no previous prototype for 'test_mem_peak_ge_rss' [-Wmissing-prototypes]
#10 3.739    17 | void test_mem_peak_ge_rss(void)
#10 3.739       |      ^~~~~~~~~~~~~~~~~~~~
#10 3.739 /src/tests/test_sampler_mem.c:25:6: warning: no previous prototype for 'test_mem_bad_path' [-Wmissing-prototypes]
#10 3.739    25 | void test_mem_bad_path(void)
#10 3.739       |      ^~~~~~~~~~~~~~~~~
#10 3.792 [ 95%] Linking C executable cpu_stress_nosampler
#10 3.937 [ 97%] Linking C executable test_sampler_mem
#10 4.107 [100%] Linking C executable perfanalyzer_server
#10 4.123 [100%] Built target container_monitor
#10 4.799 [100%] Built target io_stress_nosampler
#10 4.800 [100%] Built target test_sampler_io
#10 4.822 [100%] Built target test_exporter
#10 4.876 [100%] Built target test_sampler_cpu
#10 4.900 [100%] Built target mem_stress
#10 5.095 [100%] Built target test_sampler_mem
#10 5.133 [100%] Built target cpu_stress_nosampler
#10 5.149 [100%] Built target mem_stress_nosampler
#10 5.186 [100%] Built target perfctl
#10 5.251 [100%] Built target test_ring_buffer
#10 5.387 [100%] Built target test_profiler
#10 5.433 [100%] Built target io_stress
#10 5.619 [100%] Built target cpu_stress
#10 5.779 [100%] Built target perfanalyzer_server
#10 DONE 6.1s

#11 [runtime 5/9] COPY --from=builder /src/build/src/cli/perfctl                  ./perfctl
#11 CACHED

#12 [runtime 6/9] COPY --from=builder /src/build/src/tools/container_monitor      ./container_monitor
#12 CACHED

#13 [runtime 7/9] COPY --from=builder /src/build/src/workloads/cpu_stress         ./cpu_stress
#13 CACHED

#14 [runtime 8/9] COPY --from=builder /src/build/src/workloads/mem_stress         ./mem_stress
#14 CACHED

#15 [runtime 2/9] RUN apt-get update && apt-get install -y --no-install-recommends     wget     && rm -rf /var/lib/apt/lists/*
#15 CACHED

#16 [runtime 3/9] WORKDIR /app
#16 CACHED

#17 [runtime 4/9] COPY --from=builder /src/build/src/server/perfanalyzer_server   ./perfanalyzer_server
#17 CACHED

#18 [runtime 9/9] COPY --from=builder /src/build/src/workloads/io_stress          ./io_stress
#18 CACHED

#19 exporting to image
#19 exporting layers 0.0s done
#19 exporting manifest sha256:70b9c00a929874891d1b3a0f6f337ceafd8af45fc33fe912a242a9305b80aa03 0.0s done
#19 exporting config sha256:ea99691dffd255a776197280dd5949ebe82e4b1700cbce83290b03264c9ce92a 0.0s done
#19 exporting attestation manifest sha256:ed27917a33520f16444a7ac6f1be2df1e9418dedf8ced9e3a15cbeb85b5e457c
#19 exporting attestation manifest sha256:ed27917a33520f16444a7ac6f1be2df1e9418dedf8ced9e3a15cbeb85b5e457c 0.2s done
#19 exporting manifest list sha256:d36d3414d3aa76bae547d370755eb63d4dfdd0225e4fd7b72ae2590d6c9d3b06
#19 exporting manifest list sha256:d36d3414d3aa76bae547d370755eb63d4dfdd0225e4fd7b72ae2590d6c9d3b06 0.1s done
#19 naming to docker.io/library/docker-mem-limit:latest
#19 naming to docker.io/library/docker-mem-limit:latest 0.0s done
#19 unpacking to docker.io/library/docker-mem-limit:latest 0.0s done
#19 DONE 0.6s

#20 resolving provenance for metadata file
#20 DONE 0.1s
..............................
[0;32m[EXP][0m ─── HOST | mem_stress | intensidad=2 ───
..............................
[0;32m[EXP][0m ─── DOCKER:baseline | mem_stress | intensidad=2 ───
#1 [internal] load local bake definitions
#1 reading from stdin 561B done
#1 DONE 0.0s

#2 [internal] load build definition from Dockerfile.app
#2 transferring dockerfile: 1.81kB 0.0s done
#2 DONE 0.0s

#3 [internal] load metadata for docker.io/library/debian:bookworm-slim
#3 DONE 1.4s

#4 [internal] load .dockerignore
#4 transferring context: 68B 0.0s done
#4 DONE 0.1s

#5 [internal] load build context
#5 DONE 0.0s

#6 [builder 1/5] FROM docker.io/library/debian:bookworm-slim@sha256:0104b334637a5f19aa9c983a91b54c89887c0984081f2068983107a6f6c21eeb
#6 resolve docker.io/library/debian:bookworm-slim@sha256:0104b334637a5f19aa9c983a91b54c89887c0984081f2068983107a6f6c21eeb 0.1s done
#6 DONE 0.2s

#5 [internal] load build context
#5 transferring context: 283.16kB 0.1s done
#5 DONE 0.1s

#7 [builder 2/5] RUN apt-get update && apt-get install -y     build-essential     cmake     && rm -rf /var/lib/apt/lists/*
#7 CACHED

#8 [builder 3/5] WORKDIR /src
#8 CACHED

#9 [builder 4/5] COPY . .
#9 DONE 0.4s

#10 [builder 5/5] RUN cmake -B build -DCMAKE_BUILD_TYPE=Release . &&     cmake --build build --parallel
#10 1.211 -- The C compiler identification is GNU 12.2.0
#10 1.309 -- Detecting C compiler ABI info
#10 1.589 -- Detecting C compiler ABI info - done
#10 1.606 -- Check for working C compiler: /usr/bin/cc - skipped
#10 1.609 -- Detecting C compile features
#10 1.612 -- Detecting C compile features - done
#10 1.628 -- Configuring done
#10 1.728 -- Generating done
#10 1.746 -- Build files have been written to: /src/build
#10 1.975 [  4%] Building C object src/core/CMakeFiles/perfanalyzer_core.dir/sampler_mem.c.o
#10 1.975 [  4%] Building C object src/core/CMakeFiles/perfanalyzer_core.dir/sampler_cgroup.c.o
#10 1.987 [  6%] Building C object src/core/CMakeFiles/perfanalyzer_core.dir/perf.c.o
#10 1.992 [  9%] Building C object src/core/CMakeFiles/perfanalyzer_core.dir/sampler_io.c.o
#10 2.002 [ 11%] Building C object src/core/CMakeFiles/perfanalyzer_core.dir/sampler_cpu.c.o
#10 2.014 [ 13%] Building C object tests/CMakeFiles/unity.dir/unity/unity.c.o
#10 2.023 [ 15%] Building C object src/core/CMakeFiles/perfanalyzer_core.dir/profiler.c.o
#10 2.039 [ 18%] Building C object src/tools/CMakeFiles/container_monitor.dir/container_monitor.c.o
#10 2.067 [ 20%] Building C object src/core/CMakeFiles/perfanalyzer_core.dir/exporter_json.c.o
#10 2.080 [ 22%] Building C object src/core/CMakeFiles/perfanalyzer_core.dir/ring_buffer.c.o
#10 2.460 [ 25%] Linking C static library libunity.a
#10 2.476 [ 27%] Linking C static library libperfanalyzer_core.a
#10 2.533 [ 29%] Linking C executable container_monitor
#10 2.640 [ 29%] Built target perfanalyzer_core
#10 2.646 [ 29%] Built target unity
#10 2.885 [ 31%] Building C object src/server/CMakeFiles/perfanalyzer_server.dir/dashboard.c.o
#10 2.888 [ 34%] Building C object src/workloads/CMakeFiles/mem_stress_nosampler.dir/mem_stress.c.o
#10 2.907 [ 36%] Building C object src/server/CMakeFiles/perfanalyzer_server.dir/http.c.o
#10 2.920 [ 38%] Building C object src/server/CMakeFiles/perfanalyzer_server.dir/main.c.o
#10 2.941 [ 40%] Building C object src/workloads/CMakeFiles/cpu_stress_nosampler.dir/cpu_stress.c.o
#10 2.965 [ 43%] Building C object src/server/CMakeFiles/perfanalyzer_server.dir/routes.c.o
#10 2.968 [ 45%] Building C object src/workloads/CMakeFiles/io_stress.dir/io_stress.c.o
#10 2.982 [ 47%] Building C object src/workloads/CMakeFiles/cpu_stress.dir/cpu_stress.c.o
#10 3.005 [ 52%] Building C object src/cli/CMakeFiles/perfctl.dir/perfctl.c.o
#10 3.010 [ 52%] Building C object src/workloads/CMakeFiles/mem_stress.dir/mem_stress.c.o
#10 3.020 [ 54%] Building C object tests/CMakeFiles/test_sampler_cpu.dir/test_sampler_cpu.c.o
#10 3.045 [ 56%] Building C object src/workloads/CMakeFiles/io_stress_nosampler.dir/io_stress.c.o
#10 3.045 [ 59%] Building C object tests/CMakeFiles/test_sampler_mem.dir/test_sampler_mem.c.o
#10 3.144 /src/tests/test_sampler_mem.c:8:6: warning: no previous prototype for 'test_mem_read_nonzero' [-Wmissing-prototypes]
#10 3.144     8 | void test_mem_read_nonzero(void)
#10 3.144       |      ^~~~~~~~~~~~~~~~~~~~~
#10 3.147 /src/tests/test_sampler_mem.c:17:6: warning: no previous prototype for 'test_mem_peak_ge_rss' [-Wmissing-prototypes]
#10 3.147    17 | void test_mem_peak_ge_rss(void)
#10 3.147       |      ^~~~~~~~~~~~~~~~~~~~
#10 3.148 /src/tests/test_sampler_mem.c:25:6: warning: no previous prototype for 'test_mem_bad_path' [-Wmissing-prototypes]
#10 3.148    25 | void test_mem_bad_path(void)
#10 3.148       |      ^~~~~~~~~~~~~~~~~
#10 3.185 [ 61%] Building C object tests/CMakeFiles/test_exporter.dir/test_exporter.c.o
#10 3.186 /src/src/server/dashboard.c:255:1: warning: string length '9524' is greater than the length '4095' ISO C99 compilers are required to support [-Woverlength-strings]
#10 3.186   255 | "</html>\n";
#10 3.186       | ^~~~~~~~~~~
#10 3.224 [ 63%] Building C object tests/CMakeFiles/test_ring_buffer.dir/test_ring_buffer.c.o
#10 3.224 [ 65%] Building C object tests/CMakeFiles/test_sampler_io.dir/test_sampler_io.c.o
#10 3.224 [ 68%] Building C object tests/CMakeFiles/test_profiler.dir/test_profiler.c.o
#10 3.353 [ 70%] Linking C executable test_sampler_mem
#10 3.381 /src/tests/test_sampler_cpu.c:8:6: warning: no previous prototype for 'test_cpu_read_self' [-Wmissing-prototypes]
#10 3.381     8 | void test_cpu_read_self(void)
#10 3.381       |      ^~~~~~~~~~~~~~~~~~
#10 3.382 /src/tests/test_sampler_cpu.c:17:6: warning: no previous prototype for 'test_cpu_percent_negative_on_first' [-Wmissing-prototypes]
#10 3.382    17 | void test_cpu_percent_negative_on_first(void)
#10 3.382       |      ^~~~~~~~~~~~~~~~~~~~~~~~~~~~~~~~~~
#10 3.419 /src/tests/test_sampler_cpu.c:23:6: warning: no previous prototype for 'test_cpu_percent_range' [-Wmissing-prototypes]
#10 3.419    23 | void test_cpu_percent_range(void)
#10 3.419       |      ^~~~~~~~~~~~~~~~~~~~~~
#10 3.421 /src/tests/test_sampler_cpu.c: In function 'test_cpu_percent_range':
#10 3.421 /src/tests/test_sampler_cpu.c:31:5: warning: implicit declaration of function 'nanosleep' [-Wimplicit-function-declaration]
#10 3.421    31 |     nanosleep(&ts, NULL);
#10 3.421       |     ^~~~~~~~~
#10 3.490 [ 72%] Linking C executable cpu_stress
#10 3.498 /src/tests/test_ring_buffer.c:8:6: warning: no previous prototype for 'test_ring_push_drain' [-Wmissing-prototypes]
#10 3.498     8 | void test_ring_push_drain(void)
#10 3.498       |      ^~~~~~~~~~~~~~~~~~~~
#10 3.498 /src/tests/test_ring_buffer.c:25:6: warning: no previous prototype for 'test_ring_empty_drain' [-Wmissing-prototypes]
#10 3.498    25 | void test_ring_empty_drain(void)
#10 3.498       |      ^~~~~~~~~~~~~~~~~~~~~
#10 3.498 /src/tests/test_ring_buffer.c:35:6: warning: no previous prototype for 'test_ring_overflow_keeps_newest' [-Wmissing-prototypes]
#10 3.498    35 | void test_ring_overflow_keeps_newest(void)
#10 3.498       |      ^~~~~~~~~~~~~~~~~~~~~~~~~~~~~~~
#10 3.526 /src/tests/test_exporter.c:8:6: warning: no previous prototype for 'test_sample_to_json_contains_keys' [-Wmissing-prototypes]
#10 3.526     8 | void test_sample_to_json_contains_keys(void)
#10 3.526       |      ^~~~~~~~~~~~~~~~~~~~~~~~~~~~~~~~~
#10 3.534 [ 75%] Linking C executable mem_stress
#10 3.540 /src/tests/test_exporter.c:24:6: warning: no previous prototype for 'test_sample_to_json_buffer_too_small' [-Wmissing-prototypes]
#10 3.540    24 | void test_sample_to_json_buffer_too_small(void)
#10 3.540       |      ^~~~~~~~~~~~~~~~~~~~~~~~~~~~~~~~~~~~
#10 3.551 /src/tests/test_exporter.c:33:6: warning: no previous prototype for 'test_series_to_json_empty' [-Wmissing-prototypes]
#10 3.551    33 | void test_series_to_json_empty(void)
#10 3.551       |      ^~~~~~~~~~~~~~~~~~~~~~~~~
#10 3.561 /src/tests/test_sampler_io.c:8:6: warning: no previous prototype for 'test_io_read_ok' [-Wmissing-prototypes]
#10 3.561     8 | void test_io_read_ok(void)
#10 3.561       |      ^~~~~~~~~~~~~~~
#10 3.565 /src/tests/test_sampler_io.c:17:6: warning: no previous prototype for 'test_io_bad_path' [-Wmissing-prototypes]
#10 3.565    17 | void test_io_bad_path(void)
#10 3.565       |      ^~~~~~~~~~~~~~~~
#10 3.576 /src/tests/test_profiler.c:13:6: warning: no previous prototype for 'test_probe_begin_end' [-Wmissing-prototypes]
#10 3.576    13 | void test_probe_begin_end(void)
#10 3.576       |      ^~~~~~~~~~~~~~~~~~~~
#10 3.599 /src/tests/test_profiler.c: In function 'test_probe_begin_end':
#10 3.600 /src/tests/test_profiler.c:22:13: warning: implicit declaration of function 'nanosleep' [-Wimplicit-function-declaration]
#10 3.600    22 |             nanosleep(&ts, NULL);
#10 3.600       |             ^~~~~~~~~
#10 3.601 /src/tests/test_profiler.c: At top level:
#10 3.603 [ 77%] Linking C executable mem_stress_nosampler
#10 3.605 /src/tests/test_profiler.c:41:6: warning: no previous prototype for 'test_probe_reset' [-Wmissing-prototypes]
#10 3.605    41 | void test_probe_reset(void)
#10 3.605       |      ^~~~~~~~~~~~~~~~
#10 3.607 /src/tests/test_profiler.c:61:6: warning: no previous prototype for 'test_probe_percentiles' [-Wmissing-prototypes]
#10 3.607    61 | void test_probe_percentiles(void)
#10 3.607       |      ^~~~~~~~~~~~~~~~~~~~~~
#10 3.611 /src/tests/test_profiler.c: In function 'test_probe_percentiles':
#10 3.613 /src/tests/test_profiler.c:76:33: warning: implicit declaration of function 'malloc' [-Wimplicit-function-declaration]
#10 3.613    76 |     perf_probe_stats_t *stats = malloc(n * sizeof(*stats));
#10 3.613       |                                 ^~~~~~
#10 3.614 /src/tests/test_profiler.c:7:1: note: include '<stdlib.h>' or provide a declaration of 'malloc'
#10 3.614     6 | #include <string.h>
#10 3.614   +++ |+#include <stdlib.h>
#10 3.614     7 | 
#10 3.614 /src/tests/test_profiler.c:76:33: warning: incompatible implicit declaration of built-in function 'malloc' [-Wbuiltin-declaration-mismatch]
#10 3.614    76 |     perf_probe_stats_t *stats = malloc(n * sizeof(*stats));
#10 3.614       |                                 ^~~~~~
#10 3.614 /src/tests/test_profiler.c:76:33: note: include '<stdlib.h>' or provide a declaration of 'malloc'
#10 3.615 /src/tests/test_profiler.c:83:5: warning: implicit declaration of function 'free' [-Wimplicit-function-declaration]
#10 3.615    83 |     free(stats);
#10 3.615       |     ^~~~
#10 3.615 /src/tests/test_profiler.c:83:5: note: include '<stdlib.h>' or provide a declaration of 'free'
#10 3.615 /src/tests/test_profiler.c:83:5: warning: incompatible implicit declaration of built-in function 'free' [-Wbuiltin-declaration-mismatch]
#10 3.615 /src/tests/test_profiler.c:83:5: note: include '<stdlib.h>' or provide a declaration of 'free'
#10 3.628 [ 79%] Linking C executable perfctl
#10 3.641 [ 81%] Linking C executable io_stress
#10 3.644 [ 84%] Linking C executable test_sampler_cpu
#10 3.708 [ 86%] Linking C executable test_ring_buffer
#10 3.733 [ 88%] Linking C executable io_stress_nosampler
#10 3.740 [ 90%] Linking C executable test_exporter
#10 3.785 [ 93%] Linking C executable perfanalyzer_server
#10 3.831 [ 95%] Linking C executable test_sampler_io
#10 3.871 [ 97%] Linking C executable test_profiler
#10 3.889 [100%] Linking C executable cpu_stress_nosampler
#10 4.304 [100%] Built target container_monitor
#10 4.851 [100%] Built target test_sampler_mem
#10 5.076 [100%] Built target test_exporter
#10 5.094 [100%] Built target test_sampler_cpu
#10 5.191 [100%] Built target test_sampler_io
#10 5.259 [100%] Built target mem_stress_nosampler
#10 5.272 [100%] Built target test_ring_buffer
#10 5.419 [100%] Built target io_stress_nosampler
#10 5.438 [100%] Built target mem_stress
#10 5.443 [100%] Built target perfctl
#10 5.583 [100%] Built target test_profiler
#10 5.589 [100%] Built target cpu_stress_nosampler
#10 5.685 [100%] Built target io_stress
#10 5.732 [100%] Built target cpu_stress
#10 5.872 [100%] Built target perfanalyzer_server
#10 DONE 6.1s

#11 [runtime 2/9] RUN apt-get update && apt-get install -y --no-install-recommends     wget     && rm -rf /var/lib/apt/lists/*
#11 CACHED

#12 [runtime 3/9] WORKDIR /app
#12 CACHED

#13 [runtime 4/9] COPY --from=builder /src/build/src/server/perfanalyzer_server   ./perfanalyzer_server
#13 CACHED

#14 [runtime 5/9] COPY --from=builder /src/build/src/cli/perfctl                  ./perfctl
#14 CACHED

#15 [runtime 6/9] COPY --from=builder /src/build/src/tools/container_monitor      ./container_monitor
#15 CACHED

#16 [runtime 7/9] COPY --from=builder /src/build/src/workloads/cpu_stress         ./cpu_stress
#16 CACHED

#17 [runtime 8/9] COPY --from=builder /src/build/src/workloads/mem_stress         ./mem_stress
#17 CACHED

#18 [runtime 9/9] COPY --from=builder /src/build/src/workloads/io_stress          ./io_stress
#18 CACHED

#19 exporting to image
#19 exporting layers 0.0s done
#19 exporting manifest sha256:902f01a4ea3a666cffa524fe10a9497e83b7eee85acc5aab5baf4130d84d8a22 0.0s done
#19 exporting config sha256:7f00aea0b4c61ce74bfef873a63debe28fbf469f2109e758273a42769b7821f6 0.0s done
#19 exporting attestation manifest sha256:e91d4a23c08ab8dc920903ad518dc7f794c2e6a1c9c8d79b6cfc872ac76f3591
#19 exporting attestation manifest sha256:e91d4a23c08ab8dc920903ad518dc7f794c2e6a1c9c8d79b6cfc872ac76f3591 0.1s done
#19 exporting manifest list sha256:c07f86ae628599154fd96495a6ed70e6bb5261ea5df09138f4b9ae89d7afbe2b
#19 exporting manifest list sha256:c07f86ae628599154fd96495a6ed70e6bb5261ea5df09138f4b9ae89d7afbe2b 0.1s done
#19 naming to docker.io/library/docker-baseline:latest 0.0s done
#19 unpacking to docker.io/library/docker-baseline:latest 0.1s done
#19 DONE 0.6s

#20 resolving provenance for metadata file
#20 DONE 0.1s
#1 [internal] load local bake definitions
#1 reading from stdin 561B done
#1 DONE 0.0s

#2 [internal] load build definition from Dockerfile.app
#2 transferring dockerfile: 1.81kB 0.0s done
#2 DONE 0.1s

#3 [internal] load metadata for docker.io/library/debian:bookworm-slim
#3 DONE 0.3s

#4 [internal] load .dockerignore
#4 transferring context: 68B done
#4 DONE 0.1s

#5 [internal] load build context
#5 DONE 0.0s

#6 [builder 1/5] FROM docker.io/library/debian:bookworm-slim@sha256:0104b334637a5f19aa9c983a91b54c89887c0984081f2068983107a6f6c21eeb
#6 resolve docker.io/library/debian:bookworm-slim@sha256:0104b334637a5f19aa9c983a91b54c89887c0984081f2068983107a6f6c21eeb
#6 resolve docker.io/library/debian:bookworm-slim@sha256:0104b334637a5f19aa9c983a91b54c89887c0984081f2068983107a6f6c21eeb 0.1s done
#6 DONE 0.1s

#5 [internal] load build context
#5 transferring context: 268.05kB 0.1s done
#5 DONE 0.1s

#7 [builder 2/5] RUN apt-get update && apt-get install -y     build-essential     cmake     && rm -rf /var/lib/apt/lists/*
#7 CACHED

#8 [builder 3/5] WORKDIR /src
#8 CACHED

#9 [builder 4/5] COPY . .
#9 DONE 0.4s

#10 [builder 5/5] RUN cmake -B build -DCMAKE_BUILD_TYPE=Release . &&     cmake --build build --parallel
#10 0.964 -- The C compiler identification is GNU 12.2.0
#10 1.008 -- Detecting C compiler ABI info
#10 1.264 -- Detecting C compiler ABI info - done
#10 1.277 -- Check for working C compiler: /usr/bin/cc - skipped
#10 1.278 -- Detecting C compile features
#10 1.280 -- Detecting C compile features - done
#10 1.292 -- Configuring done
#10 1.389 -- Generating done
#10 1.402 -- Build files have been written to: /src/build
#10 1.630 [  2%] Building C object src/tools/CMakeFiles/container_monitor.dir/container_monitor.c.o
#10 1.639 [  4%] Building C object src/core/CMakeFiles/perfanalyzer_core.dir/sampler_mem.c.o
#10 1.645 [  6%] Building C object src/core/CMakeFiles/perfanalyzer_core.dir/sampler_io.c.o
#10 1.654 [  9%] Building C object src/core/CMakeFiles/perfanalyzer_core.dir/perf.c.o
#10 1.665 [ 11%] Building C object tests/CMakeFiles/unity.dir/unity/unity.c.o
#10 1.693 [ 13%] Building C object src/core/CMakeFiles/perfanalyzer_core.dir/sampler_cpu.c.o
#10 1.701 [ 15%] Building C object src/core/CMakeFiles/perfanalyzer_core.dir/profiler.c.o
#10 1.704 [ 18%] Building C object src/core/CMakeFiles/perfanalyzer_core.dir/ring_buffer.c.o
#10 1.706 [ 20%] Building C object src/core/CMakeFiles/perfanalyzer_core.dir/sampler_cgroup.c.o
#10 1.748 [ 22%] Building C object src/core/CMakeFiles/perfanalyzer_core.dir/exporter_json.c.o
#10 1.925 [ 25%] Linking C executable container_monitor
#10 2.056 [ 27%] Linking C static library libperfanalyzer_core.a
#10 2.126 [ 29%] Linking C static library libunity.a
#10 2.237 [ 29%] Built target perfanalyzer_core
#10 2.289 [ 29%] Built target unity
#10 2.468 [ 31%] Building C object src/workloads/CMakeFiles/mem_stress.dir/mem_stress.c.o
#10 2.513 [ 34%] Building C object src/workloads/CMakeFiles/cpu_stress.dir/cpu_stress.c.o
#10 2.518 [ 36%] Building C object src/workloads/CMakeFiles/mem_stress_nosampler.dir/mem_stress.c.o
#10 2.530 [ 38%] Building C object src/workloads/CMakeFiles/cpu_stress_nosampler.dir/cpu_stress.c.o
#10 2.530 [ 40%] Building C object src/cli/CMakeFiles/perfctl.dir/perfctl.c.o
#10 2.543 [ 43%] Building C object src/workloads/CMakeFiles/io_stress.dir/io_stress.c.o
#10 2.555 [ 45%] Building C object tests/CMakeFiles/test_sampler_mem.dir/test_sampler_mem.c.o
#10 2.565 [ 47%] Building C object src/server/CMakeFiles/perfanalyzer_server.dir/main.c.o
#10 2.600 [ 50%] Building C object src/server/CMakeFiles/perfanalyzer_server.dir/dashboard.c.o
#10 2.600 [ 52%] Building C object tests/CMakeFiles/test_sampler_cpu.dir/test_sampler_cpu.c.o
#10 2.617 [ 54%] Building C object src/server/CMakeFiles/perfanalyzer_server.dir/http.c.o
#10 2.626 [ 56%] Building C object tests/CMakeFiles/test_sampler_io.dir/test_sampler_io.c.o
#10 2.631 [ 59%] Building C object src/server/CMakeFiles/perfanalyzer_server.dir/routes.c.o
#10 2.637 [ 61%] Building C object tests/CMakeFiles/test_profiler.dir/test_profiler.c.o
#10 2.641 [ 63%] Building C object tests/CMakeFiles/test_ring_buffer.dir/test_ring_buffer.c.o
#10 2.674 [ 65%] Building C object src/workloads/CMakeFiles/io_stress_nosampler.dir/io_stress.c.o
#10 2.717 [ 68%] Building C object tests/CMakeFiles/test_exporter.dir/test_exporter.c.o
#10 2.813 /src/tests/test_sampler_io.c:8:6: warning: no previous prototype for 'test_io_read_ok' [-Wmissing-prototypes]
#10 2.813     8 | void test_io_read_ok(void)
#10 2.813       |      ^~~~~~~~~~~~~~~
#10 2.845 /src/src/server/dashboard.c:255:1: warning: string length '9524' is greater than the length '4095' ISO C99 compilers are required to support [-Woverlength-strings]
#10 2.845   255 | "</html>\n";
#10 2.845       | ^~~~~~~~~~~
#10 2.870 /src/tests/test_sampler_mem.c:8:6: warning: no previous prototype for 'test_mem_read_nonzero' [-Wmissing-prototypes]
#10 2.870     8 | void test_mem_read_nonzero(void)
#10 2.870       |      ^~~~~~~~~~~~~~~~~~~~~
#10 2.873 /src/tests/test_sampler_mem.c:17:6: warning: no previous prototype for 'test_mem_peak_ge_rss' [-Wmissing-prototypes]
#10 2.873    17 | void test_mem_peak_ge_rss(void)
#10 2.873       |      ^~~~~~~~~~~~~~~~~~~~
#10 2.873 /src/tests/test_sampler_mem.c:25:6: warning: no previous prototype for 'test_mem_bad_path' [-Wmissing-prototypes]
#10 2.873    25 | void test_mem_bad_path(void)
#10 2.873       |      ^~~~~~~~~~~~~~~~~
#10 2.879 /src/tests/test_sampler_cpu.c:8:6: warning: no previous prototype for 'test_cpu_read_self' [-Wmissing-prototypes]
#10 2.879     8 | void test_cpu_read_self(void)
#10 2.879       |      ^~~~~~~~~~~~~~~~~~
#10 2.882 /src/tests/test_sampler_cpu.c:17:6: warning: no previous prototype for 'test_cpu_percent_negative_on_first' [-Wmissing-prototypes]
#10 2.882    17 | void test_cpu_percent_negative_on_first(void)
#10 2.882       |      ^~~~~~~~~~~~~~~~~~~~~~~~~~~~~~~~~~
#10 2.891 /src/tests/test_sampler_cpu.c:23:6: warning: no previous prototype for 'test_cpu_percent_range' [-Wmissing-prototypes]
#10 2.891    23 | void test_cpu_percent_range(void)
#10 2.891       |      ^~~~~~~~~~~~~~~~~~~~~~
#10 2.898 /src/tests/test_sampler_cpu.c: In function 'test_cpu_percent_range':
#10 2.899 /src/tests/test_sampler_cpu.c:31:5: warning: implicit declaration of function 'nanosleep' [-Wimplicit-function-declaration]
#10 2.899    31 |     nanosleep(&ts, NULL);
#10 2.899       |     ^~~~~~~~~
#10 3.039 [ 70%] Linking C executable test_sampler_mem
#10 3.069 /src/tests/test_profiler.c:13:6: warning: no previous prototype for 'test_probe_begin_end' [-Wmissing-prototypes]
#10 3.069    13 | void test_probe_begin_end(void)
#10 3.069       |      ^~~~~~~~~~~~~~~~~~~~
#10 3.079 [ 70%] Built target container_monitor
#10 3.090 [ 72%] Linking C executable io_stress
#10 3.094 /src/tests/test_sampler_io.c:17:6: warning: no previous prototype for 'test_io_bad_path' [-Wmissing-prototypes]
#10 3.094    17 | void test_io_bad_path(void)
#10 3.094       |      ^~~~~~~~~~~~~~~~
#10 3.103 /src/tests/test_exporter.c:8:6: warning: no previous prototype for 'test_sample_to_json_contains_keys' [-Wmissing-prototypes]
#10 3.103     8 | void test_sample_to_json_contains_keys(void)
#10 3.103       |      ^~~~~~~~~~~~~~~~~~~~~~~~~~~~~~~~~
#10 3.111 [ 75%] Linking C executable mem_stress
#10 3.114 /src/tests/test_ring_buffer.c:8:6: warning: no previous prototype for 'test_ring_push_drain' [-Wmissing-prototypes]
#10 3.114     8 | void test_ring_push_drain(void)
#10 3.114       |      ^~~~~~~~~~~~~~~~~~~~
#10 3.116 /src/tests/test_ring_buffer.c:25:6: warning: no previous prototype for 'test_ring_empty_drain' [-Wmissing-prototypes]
#10 3.116    25 | void test_ring_empty_drain(void)
#10 3.116       |      ^~~~~~~~~~~~~~~~~~~~~
#10 3.116 /src/tests/test_ring_buffer.c:35:6: warning: no previous prototype for 'test_ring_overflow_keeps_newest' [-Wmissing-prototypes]
#10 3.116    35 | void test_ring_overflow_keeps_newest(void)
#10 3.116       |      ^~~~~~~~~~~~~~~~~~~~~~~~~~~~~~~
#10 3.139 /src/tests/test_exporter.c:24:6: warning: no previous prototype for 'test_sample_to_json_buffer_too_small' [-Wmissing-prototypes]
#10 3.139    24 | void test_sample_to_json_buffer_too_small(void)
#10 3.139       |      ^~~~~~~~~~~~~~~~~~~~~~~~~~~~~~~~~~~~
#10 3.139 /src/tests/test_exporter.c:33:6: warning: no previous prototype for 'test_series_to_json_empty' [-Wmissing-prototypes]
#10 3.139    33 | void test_series_to_json_empty(void)
#10 3.139       |      ^~~~~~~~~~~~~~~~~~~~~~~~~
#10 3.158 /src/tests/test_profiler.c: In function 'test_probe_begin_end':
#10 3.158 /src/tests/test_profiler.c:22:13: warning: implicit declaration of function 'nanosleep' [-Wimplicit-function-declaration]
#10 3.158    22 |             nanosleep(&ts, NULL);
#10 3.158       |             ^~~~~~~~~
#10 3.160 /src/tests/test_profiler.c: At top level:
#10 3.181 /src/tests/test_profiler.c:41:6: warning: no previous prototype for 'test_probe_reset' [-Wmissing-prototypes]
#10 3.181    41 | void test_probe_reset(void)
#10 3.181       |      ^~~~~~~~~~~~~~~~
#10 3.183 /src/tests/test_profiler.c:61:6: warning: no previous prototype for 'test_probe_percentiles' [-Wmissing-prototypes]
#10 3.183    61 | void test_probe_percentiles(void)
#10 3.183       |      ^~~~~~~~~~~~~~~~~~~~~~
#10 3.183 /src/tests/test_profiler.c: In function 'test_probe_percentiles':
#10 3.183 /src/tests/test_profiler.c:76:33: warning: implicit declaration of function 'malloc' [-Wimplicit-function-declaration]
#10 3.183    76 |     perf_probe_stats_t *stats = malloc(n * sizeof(*stats));
#10 3.183       |                                 ^~~~~~
#10 3.183 /src/tests/test_profiler.c:7:1: note: include '<stdlib.h>' or provide a declaration of 'malloc'
#10 3.183     6 | #include <string.h>
#10 3.183   +++ |+#include <stdlib.h>
#10 3.183     7 | 
#10 3.183 /src/tests/test_profiler.c:76:33: warning: incompatible implicit declaration of built-in function 'malloc' [-Wbuiltin-declaration-mismatch]
#10 3.183    76 |     perf_probe_stats_t *stats = malloc(n * sizeof(*stats));
#10 3.183       |                                 ^~~~~~
#10 3.184 /src/tests/test_profiler.c:76:33: note: include '<stdlib.h>' or provide a declaration of 'malloc'
#10 3.184 /src/tests/test_profiler.c:83:5: warning: implicit declaration of function 'free' [-Wimplicit-function-declaration]
#10 3.184    83 |     free(stats);
#10 3.184       |     ^~~~
#10 3.184 /src/tests/test_profiler.c:83:5: note: include '<stdlib.h>' or provide a declaration of 'free'
#10 3.184 /src/tests/test_profiler.c:83:5: warning: incompatible implicit declaration of built-in function 'free' [-Wbuiltin-declaration-mismatch]
#10 3.184 /src/tests/test_profiler.c:83:5: note: include '<stdlib.h>' or provide a declaration of 'free'
#10 3.198 [ 77%] Linking C executable cpu_stress_nosampler
#10 3.252 [ 79%] Linking C executable test_sampler_cpu
#10 3.285 [ 81%] Linking C executable mem_stress_nosampler
#10 3.299 [ 84%] Linking C executable test_exporter
#10 3.331 [ 86%] Linking C executable cpu_stress
#10 3.361 [ 88%] Linking C executable perfctl
#10 3.399 [ 90%] Linking C executable test_sampler_io
#10 3.493 [ 93%] Linking C executable io_stress_nosampler
#10 3.493 [ 95%] Linking C executable test_ring_buffer
#10 3.543 [ 97%] Linking C executable perfanalyzer_server
#10 3.565 [100%] Linking C executable test_profiler
#10 4.422 [100%] Built target test_sampler_mem
#10 4.540 [100%] Built target mem_stress_nosampler
#10 4.687 [100%] Built target test_sampler_io
#10 4.863 [100%] Built target mem_stress
#10 4.887 [100%] Built target test_exporter
#10 5.054 [100%] Built target perfctl
#10 5.082 [100%] Built target test_sampler_cpu
#10 5.100 [100%] Built target io_stress_nosampler
#10 5.191 [100%] Built target io_stress
#10 5.209 [100%] Built target cpu_stress_nosampler
#10 5.217 [100%] Built target test_ring_buffer
#10 5.221 [100%] Built target cpu_stress
#10 5.235 [100%] Built target test_profiler
#10 5.579 [100%] Built target perfanalyzer_server
#10 DONE 5.9s

#11 [runtime 4/9] COPY --from=builder /src/build/src/server/perfanalyzer_server   ./perfanalyzer_server
#11 CACHED

#12 [runtime 5/9] COPY --from=builder /src/build/src/cli/perfctl                  ./perfctl
#12 CACHED

#13 [runtime 6/9] COPY --from=builder /src/build/src/tools/container_monitor      ./container_monitor
#13 CACHED

#14 [runtime 7/9] COPY --from=builder /src/build/src/workloads/cpu_stress         ./cpu_stress
#14 CACHED

#15 [runtime 8/9] COPY --from=builder /src/build/src/workloads/mem_stress         ./mem_stress
#15 CACHED

#16 [runtime 2/9] RUN apt-get update && apt-get install -y --no-install-recommends     wget     && rm -rf /var/lib/apt/lists/*
#16 CACHED

#17 [runtime 3/9] WORKDIR /app
#17 CACHED

#18 [runtime 9/9] COPY --from=builder /src/build/src/workloads/io_stress          ./io_stress
#18 CACHED

#19 exporting to image
#19 exporting layers 0.0s done
#19 exporting manifest sha256:902f01a4ea3a666cffa524fe10a9497e83b7eee85acc5aab5baf4130d84d8a22 0.0s done
#19 exporting config sha256:7f00aea0b4c61ce74bfef873a63debe28fbf469f2109e758273a42769b7821f6 0.0s done
#19 exporting attestation manifest sha256:b5be028cda4558a818ec5b029b44415e9d638117acf9dfb1a1d9e411b7e9bd4b
#19 exporting attestation manifest sha256:b5be028cda4558a818ec5b029b44415e9d638117acf9dfb1a1d9e411b7e9bd4b 0.2s done
#19 exporting manifest list sha256:67142573a5909d0bcab21d78f762374901c87e8aac7d2dad9881f8dd0565a76b
#19 exporting manifest list sha256:67142573a5909d0bcab21d78f762374901c87e8aac7d2dad9881f8dd0565a76b 0.1s done
#19 naming to docker.io/library/docker-baseline:latest 0.0s done
#19 unpacking to docker.io/library/docker-baseline:latest 0.1s done
#19 DONE 0.6s

#20 resolving provenance for metadata file
#20 DONE 0.0s
..............................
[0;32m[EXP][0m ─── DOCKER:cpu-limit | mem_stress | intensidad=2 ───
#1 [internal] load local bake definitions
#1 reading from stdin 565B done
#1 DONE 0.0s

#2 [internal] load build definition from Dockerfile.app
#2 transferring dockerfile: 1.81kB done
#2 DONE 0.0s

#3 [internal] load metadata for docker.io/library/debian:bookworm-slim
#3 DONE 0.8s

#4 [internal] load .dockerignore
#4 transferring context: 68B done
#4 DONE 0.1s

#5 [internal] load build context
#5 DONE 0.0s

#6 [builder 1/5] FROM docker.io/library/debian:bookworm-slim@sha256:0104b334637a5f19aa9c983a91b54c89887c0984081f2068983107a6f6c21eeb
#6 resolve docker.io/library/debian:bookworm-slim@sha256:0104b334637a5f19aa9c983a91b54c89887c0984081f2068983107a6f6c21eeb
#6 resolve docker.io/library/debian:bookworm-slim@sha256:0104b334637a5f19aa9c983a91b54c89887c0984081f2068983107a6f6c21eeb 0.2s done
#6 DONE 0.2s

#5 [internal] load build context
#5 transferring context: 313.14kB 0.1s done
#5 DONE 0.1s

#7 [builder 2/5] RUN apt-get update && apt-get install -y     build-essential     cmake     && rm -rf /var/lib/apt/lists/*
#7 CACHED

#8 [builder 3/5] WORKDIR /src
#8 CACHED

#9 [builder 4/5] COPY . .
#9 DONE 0.3s

#10 [builder 5/5] RUN cmake -B build -DCMAKE_BUILD_TYPE=Release . &&     cmake --build build --parallel
#10 0.983 -- The C compiler identification is GNU 12.2.0
#10 1.068 -- Detecting C compiler ABI info
#10 1.331 -- Detecting C compiler ABI info - done
#10 1.352 -- Check for working C compiler: /usr/bin/cc - skipped
#10 1.356 -- Detecting C compile features
#10 1.359 -- Detecting C compile features - done
#10 1.373 -- Configuring done
#10 1.474 -- Generating done
#10 1.487 -- Build files have been written to: /src/build
#10 1.703 [  2%] Building C object src/core/CMakeFiles/perfanalyzer_core.dir/perf.c.o
#10 1.703 [  4%] Building C object src/core/CMakeFiles/perfanalyzer_core.dir/exporter_json.c.o
#10 1.703 [  6%] Building C object tests/CMakeFiles/unity.dir/unity/unity.c.o
#10 1.714 [  9%] Building C object src/tools/CMakeFiles/container_monitor.dir/container_monitor.c.o
#10 1.718 [ 11%] Building C object src/core/CMakeFiles/perfanalyzer_core.dir/ring_buffer.c.o
#10 1.762 [ 13%] Building C object src/core/CMakeFiles/perfanalyzer_core.dir/sampler_mem.c.o
#10 1.778 [ 15%] Building C object src/core/CMakeFiles/perfanalyzer_core.dir/sampler_cgroup.c.o
#10 1.783 [ 18%] Building C object src/core/CMakeFiles/perfanalyzer_core.dir/sampler_cpu.c.o
#10 1.796 [ 20%] Building C object src/core/CMakeFiles/perfanalyzer_core.dir/sampler_io.c.o
#10 1.810 [ 22%] Building C object src/core/CMakeFiles/perfanalyzer_core.dir/profiler.c.o
#10 2.177 [ 25%] Linking C static library libunity.a
#10 2.240 [ 27%] Linking C executable container_monitor
#10 2.249 [ 29%] Linking C static library libperfanalyzer_core.a
#10 2.338 [ 29%] Built target unity
#10 2.484 [ 29%] Built target perfanalyzer_core
#10 2.769 [ 34%] Building C object src/workloads/CMakeFiles/cpu_stress.dir/cpu_stress.c.o
#10 2.784 [ 36%] Building C object src/server/CMakeFiles/perfanalyzer_server.dir/main.c.o
#10 2.794 [ 36%] Building C object src/server/CMakeFiles/perfanalyzer_server.dir/routes.c.o
#10 2.806 [ 38%] Building C object src/workloads/CMakeFiles/mem_stress.dir/mem_stress.c.o
#10 2.840 [ 40%] Building C object src/server/CMakeFiles/perfanalyzer_server.dir/http.c.o
#10 2.857 [ 43%] Building C object src/cli/CMakeFiles/perfctl.dir/perfctl.c.o
#10 2.868 [ 45%] Building C object src/workloads/CMakeFiles/io_stress_nosampler.dir/io_stress.c.o
#10 2.880 [ 47%] Building C object src/workloads/CMakeFiles/cpu_stress_nosampler.dir/cpu_stress.c.o
#10 2.922 [ 50%] Building C object src/server/CMakeFiles/perfanalyzer_server.dir/dashboard.c.o
#10 2.939 [ 52%] Building C object tests/CMakeFiles/test_sampler_cpu.dir/test_sampler_cpu.c.o
#10 2.978 [ 56%] Building C object tests/CMakeFiles/test_sampler_mem.dir/test_sampler_mem.c.o
#10 2.978 [ 54%] Building C object tests/CMakeFiles/test_ring_buffer.dir/test_ring_buffer.c.o
#10 3.009 [ 61%] Building C object src/workloads/CMakeFiles/io_stress.dir/io_stress.c.o
#10 3.019 [ 63%] Building C object src/workloads/CMakeFiles/mem_stress_nosampler.dir/mem_stress.c.o
#10 3.030 [ 65%] Building C object tests/CMakeFiles/test_exporter.dir/test_exporter.c.o
#10 3.081 [ 68%] Building C object tests/CMakeFiles/test_profiler.dir/test_profiler.c.o
#10 3.085 [ 59%] Building C object tests/CMakeFiles/test_sampler_io.dir/test_sampler_io.c.o
#10 3.215 /src/src/server/dashboard.c:255:1: warning: string length '9524' is greater than the length '4095' ISO C99 compilers are required to support [-Woverlength-strings]
#10 3.215   255 | "</html>\n";
#10 3.215       | ^~~~~~~~~~~
#10 3.304 /src/tests/test_sampler_cpu.c:8:6: warning: no previous prototype for 'test_cpu_read_self' [-Wmissing-prototypes]
#10 3.304     8 | void test_cpu_read_self(void)
#10 3.304       |      ^~~~~~~~~~~~~~~~~~
#10 3.336 /src/tests/test_sampler_cpu.c:17:6: warning: no previous prototype for 'test_cpu_percent_negative_on_first' [-Wmissing-prototypes]
#10 3.336    17 | void test_cpu_percent_negative_on_first(void)
#10 3.336       |      ^~~~~~~~~~~~~~~~~~~~~~~~~~~~~~~~~~
#10 3.338 /src/tests/test_sampler_cpu.c:23:6: warning: no previous prototype for 'test_cpu_percent_range' [-Wmissing-prototypes]
#10 3.338    23 | void test_cpu_percent_range(void)
#10 3.338       |      ^~~~~~~~~~~~~~~~~~~~~~
#10 3.362 /src/tests/test_sampler_cpu.c: In function 'test_cpu_percent_range':
#10 3.363 /src/tests/test_sampler_cpu.c:31:5: warning: implicit declaration of function 'nanosleep' [-Wimplicit-function-declaration]
#10 3.363    31 |     nanosleep(&ts, NULL);
#10 3.363       |     ^~~~~~~~~
#10 3.412 /src/tests/test_profiler.c:13:6: warning: no previous prototype for 'test_probe_begin_end' [-Wmissing-prototypes]
#10 3.412    13 | void test_probe_begin_end(void)
#10 3.412       |      ^~~~~~~~~~~~~~~~~~~~
#10 3.438 /src/tests/test_exporter.c:8:6: warning: no previous prototype for 'test_sample_to_json_contains_keys' [-Wmissing-prototypes]
#10 3.438     8 | void test_sample_to_json_contains_keys(void)
#10 3.438       |      ^~~~~~~~~~~~~~~~~~~~~~~~~~~~~~~~~
#10 3.454 [ 70%] Linking C executable io_stress_nosampler
#10 3.459 /src/tests/test_sampler_mem.c:8:6: warning: no previous prototype for 'test_mem_read_nonzero' [-Wmissing-prototypes]
#10 3.459     8 | void test_mem_read_nonzero(void)
#10 3.459       |      ^~~~~~~~~~~~~~~~~~~~~
#10 3.460 /src/tests/test_sampler_mem.c:17:6: warning: no previous prototype for 'test_mem_peak_ge_rss' [-Wmissing-prototypes]
#10 3.460    17 | void test_mem_peak_ge_rss(void)
#10 3.460       |      ^~~~~~~~~~~~~~~~~~~~
#10 3.461 /src/tests/test_sampler_mem.c:25:6: warning: no previous prototype for 'test_mem_bad_path' [-Wmissing-prototypes]
#10 3.461    25 | void test_mem_bad_path(void)
#10 3.461       |      ^~~~~~~~~~~~~~~~~
#10 3.462 /src/tests/test_ring_buffer.c:8:6: warning: no previous prototype for 'test_ring_push_drain' [-Wmissing-prototypes]
#10 3.462     8 | void test_ring_push_drain(void)
#10 3.462       |      ^~~~~~~~~~~~~~~~~~~~
#10 3.462 /src/tests/test_ring_buffer.c:25:6: warning: no previous prototype for 'test_ring_empty_drain' [-Wmissing-prototypes]
#10 3.462    25 | void test_ring_empty_drain(void)
#10 3.462       |      ^~~~~~~~~~~~~~~~~~~~~
#10 3.463 /src/tests/test_ring_buffer.c:35:6: warning: no previous prototype for 'test_ring_overflow_keeps_newest' [-Wmissing-prototypes]
#10 3.463    35 | void test_ring_overflow_keeps_newest(void)
#10 3.463       |      ^~~~~~~~~~~~~~~~~~~~~~~~~~~~~~~
#10 3.472 /src/tests/test_profiler.c: In function 'test_probe_begin_end':
#10 3.472 /src/tests/test_profiler.c:22:13: warning: implicit declaration of function 'nanosleep' [-Wimplicit-function-declaration]
#10 3.472    22 |             nanosleep(&ts, NULL);
#10 3.472       |             ^~~~~~~~~
#10 3.474 [ 72%] Linking C executable io_stress
#10 3.481 /src/tests/test_profiler.c: At top level:
#10 3.484 /src/tests/test_profiler.c:41:6: warning: no previous prototype for 'test_probe_reset' [-Wmissing-prototypes]
#10 3.484    41 | void test_probe_reset(void)
#10 3.484       |      ^~~~~~~~~~~~~~~~
#10 3.486 /src/tests/test_profiler.c:61:6: warning: no previous prototype for 'test_probe_percentiles' [-Wmissing-prototypes]
#10 3.486    61 | void test_probe_percentiles(void)
#10 3.486       |      ^~~~~~~~~~~~~~~~~~~~~~
#10 3.487 /src/tests/test_profiler.c: In function 'test_probe_percentiles':
#10 3.488 /src/tests/test_profiler.c:76:33: warning: implicit declaration of function 'malloc' [-Wimplicit-function-declaration]
#10 3.488    76 |     perf_probe_stats_t *stats = malloc(n * sizeof(*stats));
#10 3.488       |                                 ^~~~~~
#10 3.490 /src/tests/test_exporter.c:24:6: warning: no previous prototype for 'test_sample_to_json_buffer_too_small' [-Wmissing-prototypes]
#10 3.490    24 | void test_sample_to_json_buffer_too_small(void)
#10 3.490       |      ^~~~~~~~~~~~~~~~~~~~~~~~~~~~~~~~~~~~
#10 3.490 /src/tests/test_profiler.c:7:1: note: include '<stdlib.h>' or provide a declaration of 'malloc'
#10 3.490     6 | #include <string.h>
#10 3.490   +++ |+#include <stdlib.h>
#10 3.490     7 | 
#10 3.491 /src/tests/test_exporter.c:33:6: warning: no previous prototype for 'test_series_to_json_empty' [-Wmissing-prototypes]
#10 3.491    33 | void test_series_to_json_empty(void)
#10 3.491       |      ^~~~~~~~~~~~~~~~~~~~~~~~~
#10 3.497 [ 77%] Linking C executable mem_stress_nosampler
#10 3.498 /src/tests/test_profiler.c:76:33: warning: incompatible implicit declaration of built-in function 'malloc' [-Wbuiltin-declaration-mismatch]
#10 3.498    76 |     perf_probe_stats_t *stats = malloc(n * sizeof(*stats));
#10 3.498       |                                 ^~~~~~
#10 3.499 /src/tests/test_profiler.c:76:33: note: include '<stdlib.h>' or provide a declaration of 'malloc'
#10 3.499 /src/tests/test_profiler.c:83:5: warning: implicit declaration of function 'free' [-Wimplicit-function-declaration]
#10 3.499    83 |     free(stats);
#10 3.499       |     ^~~~
#10 3.500 [ 77%] Linking C executable cpu_stress
#10 3.500 /src/tests/test_profiler.c:83:5: note: include '<stdlib.h>' or provide a declaration of 'free'
#10 3.508 /src/tests/test_profiler.c:83:5: warning: incompatible implicit declaration of built-in function 'free' [-Wbuiltin-declaration-mismatch]
#10 3.508 /src/tests/test_profiler.c:83:5: note: include '<stdlib.h>' or provide a declaration of 'free'
#10 3.516 /src/tests/test_sampler_io.c:8:6: warning: no previous prototype for 'test_io_read_ok' [-Wmissing-prototypes]
#10 3.516     8 | void test_io_read_ok(void)
#10 3.516       |      ^~~~~~~~~~~~~~~
#10 3.533 [ 81%] Linking C executable perfctl
#10 3.535 /src/tests/test_sampler_io.c:17:6: warning: no previous prototype for 'test_io_bad_path' [-Wmissing-prototypes]
#10 3.535    17 | void test_io_bad_path(void)
#10 3.535       |      ^~~~~~~~~~~~~~~~
#10 3.543 [ 84%] Linking C executable cpu_stress_nosampler
#10 3.547 [ 79%] Linking C executable mem_stress
#10 3.691 [ 86%] Linking C executable perfanalyzer_server
#10 3.709 [ 88%] Linking C executable test_sampler_cpu
#10 3.722 [ 90%] Linking C executable test_sampler_mem
#10 3.739 [ 93%] Linking C executable test_exporter
#10 3.756 [ 95%] Linking C executable test_profiler
#10 3.776 [ 97%] Linking C executable test_sampler_io
#10 3.864 [100%] Linking C executable test_ring_buffer
#10 4.093 [100%] Built target container_monitor
#10 5.173 [100%] Built target test_sampler_io
#10 5.224 [100%] Built target mem_stress_nosampler
#10 5.309 [100%] Built target test_exporter
#10 5.335 [100%] Built target io_stress_nosampler
#10 5.456 [100%] Built target test_sampler_mem
#10 5.456 [100%] Built target test_profiler
#10 5.468 [100%] Built target io_stress
#10 5.474 [100%] Built target cpu_stress_nosampler
#10 5.495 [100%] Built target perfctl
#10 5.577 [100%] Built target test_sampler_cpu
#10 5.603 [100%] Built target mem_stress
#10 5.632 [100%] Built target test_ring_buffer
#10 5.707 [100%] Built target perfanalyzer_server
#10 5.896 [100%] Built target cpu_stress
#10 DONE 6.2s

#11 [runtime 7/9] COPY --from=builder /src/build/src/workloads/cpu_stress         ./cpu_stress
#11 CACHED

#12 [runtime 8/9] COPY --from=builder /src/build/src/workloads/mem_stress         ./mem_stress
#12 CACHED

#13 [runtime 2/9] RUN apt-get update && apt-get install -y --no-install-recommends     wget     && rm -rf /var/lib/apt/lists/*
#13 CACHED

#14 [runtime 3/9] WORKDIR /app
#14 CACHED

#15 [runtime 4/9] COPY --from=builder /src/build/src/server/perfanalyzer_server   ./perfanalyzer_server
#15 CACHED

#16 [runtime 5/9] COPY --from=builder /src/build/src/cli/perfctl                  ./perfctl
#16 CACHED

#17 [runtime 6/9] COPY --from=builder /src/build/src/tools/container_monitor      ./container_monitor
#17 CACHED

#18 [runtime 9/9] COPY --from=builder /src/build/src/workloads/io_stress          ./io_stress
#18 CACHED

#19 exporting to image
#19 exporting layers 0.0s done
#19 exporting manifest sha256:f3573c3c5a52ae41d4b61afc565f1f7998c40771df25e27385303c4b2ff3d12b 0.0s done
#19 exporting config sha256:b670cb7e8a89894e732aafbd53de9ede0f182e60d0c9d1547acad0b199695aff 0.0s done
#19 exporting attestation manifest sha256:0dcd8daf58c6e8f5e866201871aed2567fc931ef2e5841895422f363a300f1f0
#19 exporting attestation manifest sha256:0dcd8daf58c6e8f5e866201871aed2567fc931ef2e5841895422f363a300f1f0 0.2s done
#19 exporting manifest list sha256:a25cca0ea789121b22a9c97828e903add04dd18053d42b2eb2af36651ad139ef
#19 exporting manifest list sha256:a25cca0ea789121b22a9c97828e903add04dd18053d42b2eb2af36651ad139ef 0.1s done
#19 naming to docker.io/library/docker-cpu-limit:latest
#19 naming to docker.io/library/docker-cpu-limit:latest 0.0s done
#19 unpacking to docker.io/library/docker-cpu-limit:latest 0.1s done
#19 DONE 0.7s

#20 resolving provenance for metadata file
#20 DONE 0.1s
#1 [internal] load local bake definitions
#1 reading from stdin 565B done
#1 DONE 0.0s

#2 [internal] load build definition from Dockerfile.app
#2 transferring dockerfile: 1.81kB 0.0s done
#2 DONE 0.1s

#3 [internal] load metadata for docker.io/library/debian:bookworm-slim
#3 DONE 0.3s

#4 [internal] load .dockerignore
#4 transferring context: 68B done
#4 DONE 0.1s

#5 [internal] load build context
#5 DONE 0.0s

#6 [builder 1/5] FROM docker.io/library/debian:bookworm-slim@sha256:0104b334637a5f19aa9c983a91b54c89887c0984081f2068983107a6f6c21eeb
#6 resolve docker.io/library/debian:bookworm-slim@sha256:0104b334637a5f19aa9c983a91b54c89887c0984081f2068983107a6f6c21eeb
#6 resolve docker.io/library/debian:bookworm-slim@sha256:0104b334637a5f19aa9c983a91b54c89887c0984081f2068983107a6f6c21eeb 0.1s done
#6 DONE 0.2s

#5 [internal] load build context
#5 transferring context: 295.95kB 0.1s done
#5 DONE 0.1s

#7 [builder 2/5] RUN apt-get update && apt-get install -y     build-essential     cmake     && rm -rf /var/lib/apt/lists/*
#7 CACHED

#8 [builder 3/5] WORKDIR /src
#8 CACHED

#9 [builder 4/5] COPY . .
#9 DONE 0.5s

#10 [builder 5/5] RUN cmake -B build -DCMAKE_BUILD_TYPE=Release . &&     cmake --build build --parallel
#10 1.000 -- The C compiler identification is GNU 12.2.0
#10 1.039 -- Detecting C compiler ABI info
#10 1.287 -- Detecting C compiler ABI info - done
#10 1.311 -- Check for working C compiler: /usr/bin/cc - skipped
#10 1.313 -- Detecting C compile features
#10 1.313 -- Detecting C compile features - done
#10 1.323 -- Configuring done
#10 1.431 -- Generating done
#10 1.444 -- Build files have been written to: /src/build
#10 1.646 [  2%] Building C object src/core/CMakeFiles/perfanalyzer_core.dir/sampler_cpu.c.o
#10 1.658 [  4%] Building C object src/core/CMakeFiles/perfanalyzer_core.dir/ring_buffer.c.o
#10 1.670 [  6%] Building C object src/tools/CMakeFiles/container_monitor.dir/container_monitor.c.o
#10 1.681 [ 11%] Building C object src/core/CMakeFiles/perfanalyzer_core.dir/sampler_cgroup.c.o
#10 1.688 [ 15%] Building C object src/core/CMakeFiles/perfanalyzer_core.dir/perf.c.o
#10 1.688 [ 15%] Building C object src/core/CMakeFiles/perfanalyzer_core.dir/sampler_mem.c.o
#10 1.701 [ 15%] Building C object tests/CMakeFiles/unity.dir/unity/unity.c.o
#10 1.703 [ 18%] Building C object src/core/CMakeFiles/perfanalyzer_core.dir/exporter_json.c.o
#10 1.715 [ 20%] Building C object src/core/CMakeFiles/perfanalyzer_core.dir/sampler_io.c.o
#10 1.732 [ 22%] Building C object src/core/CMakeFiles/perfanalyzer_core.dir/profiler.c.o
#10 2.028 [ 25%] Linking C executable container_monitor
#10 2.094 [ 27%] Linking C static library libperfanalyzer_core.a
#10 2.162 [ 29%] Linking C static library libunity.a
#10 2.261 [ 29%] Built target perfanalyzer_core
#10 2.327 [ 29%] Built target unity
#10 2.402 [ 31%] Building C object src/server/CMakeFiles/perfanalyzer_server.dir/http.c.o
#10 2.423 [ 34%] Building C object src/server/CMakeFiles/perfanalyzer_server.dir/main.c.o
#10 2.436 [ 36%] Building C object src/server/CMakeFiles/perfanalyzer_server.dir/dashboard.c.o
#10 2.467 [ 38%] Building C object src/server/CMakeFiles/perfanalyzer_server.dir/routes.c.o
#10 2.521 [ 40%] Building C object src/workloads/CMakeFiles/cpu_stress.dir/cpu_stress.c.o
#10 2.562 [ 43%] Building C object src/cli/CMakeFiles/perfctl.dir/perfctl.c.o
#10 2.589 [ 45%] Building C object src/workloads/CMakeFiles/mem_stress_nosampler.dir/mem_stress.c.o
#10 2.610 [ 50%] Building C object src/workloads/CMakeFiles/cpu_stress_nosampler.dir/cpu_stress.c.o
#10 2.612 [ 50%] Building C object tests/CMakeFiles/test_sampler_cpu.dir/test_sampler_cpu.c.o
#10 2.629 /src/src/server/dashboard.c:255:1: warning: string length '9524' is greater than the length '4095' ISO C99 compilers are required to support [-Woverlength-strings]
#10 2.629   255 | "</html>\n";
#10 2.629       | ^~~~~~~~~~~
#10 2.630 [ 52%] Building C object src/workloads/CMakeFiles/io_stress.dir/io_stress.c.o
#10 2.657 [ 54%] Building C object src/workloads/CMakeFiles/io_stress_nosampler.dir/io_stress.c.o
#10 2.672 [ 56%] Building C object src/workloads/CMakeFiles/mem_stress.dir/mem_stress.c.o
#10 2.740 [ 59%] Building C object tests/CMakeFiles/test_ring_buffer.dir/test_ring_buffer.c.o
#10 2.842 [ 61%] Building C object tests/CMakeFiles/test_sampler_mem.dir/test_sampler_mem.c.o
#10 2.853 [ 61%] Built target container_monitor
#10 2.861 [ 63%] Building C object tests/CMakeFiles/test_sampler_io.dir/test_sampler_io.c.o
#10 2.871 [ 65%] Building C object tests/CMakeFiles/test_profiler.dir/test_profiler.c.o
#10 2.907 [ 68%] Building C object tests/CMakeFiles/test_exporter.dir/test_exporter.c.o
#10 2.963 /src/tests/test_sampler_cpu.c:8:6: warning: no previous prototype for 'test_cpu_read_self' [-Wmissing-prototypes]
#10 2.963     8 | void test_cpu_read_self(void)
#10 2.963       |      ^~~~~~~~~~~~~~~~~~
#10 2.968 /src/tests/test_sampler_cpu.c:17:6: warning: no previous prototype for 'test_cpu_percent_negative_on_first' [-Wmissing-prototypes]
#10 2.968    17 | void test_cpu_percent_negative_on_first(void)
#10 2.968       |      ^~~~~~~~~~~~~~~~~~~~~~~~~~~~~~~~~~
#10 2.968 /src/tests/test_sampler_cpu.c:23:6: warning: no previous prototype for 'test_cpu_percent_range' [-Wmissing-prototypes]
#10 2.968    23 | void test_cpu_percent_range(void)
#10 2.968       |      ^~~~~~~~~~~~~~~~~~~~~~
#10 2.969 /src/tests/test_sampler_cpu.c: In function 'test_cpu_percent_range':
#10 2.974 /src/tests/test_sampler_cpu.c:31:5: warning: implicit declaration of function 'nanosleep' [-Wimplicit-function-declaration]
#10 2.974    31 |     nanosleep(&ts, NULL);
#10 2.974       |     ^~~~~~~~~
#10 3.042 /src/tests/test_sampler_mem.c:8:6: warning: no previous prototype for 'test_mem_read_nonzero' [-Wmissing-prototypes]
#10 3.042     8 | void test_mem_read_nonzero(void)
#10 3.042       |      ^~~~~~~~~~~~~~~~~~~~~
#10 3.042 /src/tests/test_sampler_mem.c:17:6: warning: no previous prototype for 'test_mem_peak_ge_rss' [-Wmissing-prototypes]
#10 3.042    17 | void test_mem_peak_ge_rss(void)
#10 3.042       |      ^~~~~~~~~~~~~~~~~~~~
#10 3.052 [ 70%] Linking C executable io_stress
#10 3.075 [ 72%] Linking C executable mem_stress_nosampler
#10 3.084 [ 75%] Linking C executable cpu_stress_nosampler
#10 3.116 /src/tests/test_exporter.c:8:6: warning: no previous prototype for 'test_sample_to_json_contains_keys' [-Wmissing-prototypes]
#10 3.116     8 | void test_sample_to_json_contains_keys(void)
#10 3.116       |      ^~~~~~~~~~~~~~~~~~~~~~~~~~~~~~~~~
#10 3.156 /src/tests/test_sampler_io.c:8:6: warning: no previous prototype for 'test_io_read_ok' [-Wmissing-prototypes]
#10 3.156     8 | void test_io_read_ok(void)
#10 3.156       |      ^~~~~~~~~~~~~~~
#10 3.156 /src/tests/test_ring_buffer.c:8:6: warning: no previous prototype for 'test_ring_push_drain' [-Wmissing-prototypes]
#10 3.156     8 | void test_ring_push_drain(void)
#10 3.156       |      ^~~~~~~~~~~~~~~~~~~~
#10 3.156 /src/tests/test_ring_buffer.c:25:6: warning: no previous prototype for 'test_ring_empty_drain' [-Wmissing-prototypes]
#10 3.156    25 | void test_ring_empty_drain(void)
#10 3.156       |      ^~~~~~~~~~~~~~~~~~~~~
#10 3.156 /src/tests/test_ring_buffer.c:35:6: warning: no previous prototype for 'test_ring_overflow_keeps_newest' [-Wmissing-prototypes]
#10 3.156    35 | void test_ring_overflow_keeps_newest(void)
#10 3.156       |      ^~~~~~~~~~~~~~~~~~~~~~~~~~~~~~~
#10 3.156 /src/tests/test_sampler_mem.c:25:6: warning: no previous prototype for 'test_mem_bad_path' [-Wmissing-prototypes]
#10 3.156    25 | void test_mem_bad_path(void)
#10 3.156       |      ^~~~~~~~~~~~~~~~~
#10 3.156 /src/tests/test_exporter.c:24:6: warning: no previous prototype for 'test_sample_to_json_buffer_too_small' [-Wmissing-prototypes]
#10 3.156    24 | void test_sample_to_json_buffer_too_small(void)
#10 3.156       |      ^~~~~~~~~~~~~~~~~~~~~~~~~~~~~~~~~~~~
#10 3.166 /src/tests/test_exporter.c:33:6: warning: no previous prototype for 'test_series_to_json_empty' [-Wmissing-prototypes]
#10 3.166    33 | void test_series_to_json_empty(void)
#10 3.166       |      ^~~~~~~~~~~~~~~~~~~~~~~~~
#10 3.166 /src/tests/test_sampler_io.c:17:6: warning: no previous prototype for 'test_io_bad_path' [-Wmissing-prototypes]
#10 3.166    17 | void test_io_bad_path(void)
#10 3.166       |      ^~~~~~~~~~~~~~~~
#10 3.166 [ 77%] Linking C executable test_sampler_cpu
#10 3.195 [ 79%] Linking C executable perfanalyzer_server
#10 3.213 [ 81%] Linking C executable perfctl
#10 3.329 [ 84%] Linking C executable io_stress_nosampler
#10 3.360 /src/tests/test_profiler.c:13:6: warning: no previous prototype for 'test_probe_begin_end' [-Wmissing-prototypes]
#10 3.360    13 | void test_probe_begin_end(void)
#10 3.360       |      ^~~~~~~~~~~~~~~~~~~~
#10 3.384 /src/tests/test_profiler.c: In function 'test_probe_begin_end':
#10 3.385 [ 86%] Linking C executable cpu_stress
#10 3.385 [ 88%] Linking C executable test_sampler_mem
#10 3.398 [ 90%] Linking C executable mem_stress
#10 3.403 /src/tests/test_profiler.c:22:13: warning: implicit declaration of function 'nanosleep' [-Wimplicit-function-declaration]
#10 3.403    22 |             nanosleep(&ts, NULL);
#10 3.403       |             ^~~~~~~~~
#10 3.406 /src/tests/test_profiler.c: At top level:
#10 3.411 /src/tests/test_profiler.c:41:6: warning: no previous prototype for 'test_probe_reset' [-Wmissing-prototypes]
#10 3.411    41 | void test_probe_reset(void)
#10 3.411       |      ^~~~~~~~~~~~~~~~
#10 3.413 /src/tests/test_profiler.c:61:6: warning: no previous prototype for 'test_probe_percentiles' [-Wmissing-prototypes]
#10 3.413    61 | void test_probe_percentiles(void)
#10 3.413       |      ^~~~~~~~~~~~~~~~~~~~~~
#10 3.414 /src/tests/test_profiler.c: In function 'test_probe_percentiles':
#10 3.418 /src/tests/test_profiler.c:76:33: warning: implicit declaration of function 'malloc' [-Wimplicit-function-declaration]
#10 3.418    76 |     perf_probe_stats_t *stats = malloc(n * sizeof(*stats));
#10 3.418       |                                 ^~~~~~
#10 3.418 /src/tests/test_profiler.c:7:1: note: include '<stdlib.h>' or provide a declaration of 'malloc'
#10 3.418     6 | #include <string.h>
#10 3.418   +++ |+#include <stdlib.h>
#10 3.418     7 | 
#10 3.418 /src/tests/test_profiler.c:76:33: warning: incompatible implicit declaration of built-in function 'malloc' [-Wbuiltin-declaration-mismatch]
#10 3.418    76 |     perf_probe_stats_t *stats = malloc(n * sizeof(*stats));
#10 3.418       |                                 ^~~~~~
#10 3.418 /src/tests/test_profiler.c:76:33: note: include '<stdlib.h>' or provide a declaration of 'malloc'
#10 3.418 /src/tests/test_profiler.c:83:5: warning: implicit declaration of function 'free' [-Wimplicit-function-declaration]
#10 3.418    83 |     free(stats);
#10 3.418       |     ^~~~
#10 3.418 /src/tests/test_profiler.c:83:5: note: include '<stdlib.h>' or provide a declaration of 'free'
#10 3.418 /src/tests/test_profiler.c:83:5: warning: incompatible implicit declaration of built-in function 'free' [-Wbuiltin-declaration-mismatch]
#10 3.418 /src/tests/test_profiler.c:83:5: note: include '<stdlib.h>' or provide a declaration of 'free'
#10 3.488 [ 93%] Linking C executable test_sampler_io
#10 3.509 [ 95%] Linking C executable test_ring_buffer
#10 3.532 [ 97%] Linking C executable test_exporter
#10 3.588 [100%] Linking C executable test_profiler
#10 4.492 [100%] Built target test_exporter
#10 4.560 [100%] Built target test_sampler_cpu
#10 4.607 [100%] Built target mem_stress_nosampler
#10 4.637 [100%] Built target test_sampler_io
#10 4.646 [100%] Built target test_sampler_mem
#10 4.694 [100%] Built target io_stress_nosampler
#10 4.744 [100%] Built target perfctl
#10 4.851 [100%] Built target test_ring_buffer
#10 4.895 [100%] Built target cpu_stress_nosampler
#10 4.975 [100%] Built target io_stress
#10 5.002 [100%] Built target mem_stress
#10 5.028 [100%] Built target test_profiler
#10 5.118 [100%] Built target cpu_stress
#10 5.219 [100%] Built target perfanalyzer_server
#10 DONE 5.5s

#11 [runtime 6/9] COPY --from=builder /src/build/src/tools/container_monitor      ./container_monitor
#11 CACHED

#12 [runtime 7/9] COPY --from=builder /src/build/src/workloads/cpu_stress         ./cpu_stress
#12 CACHED

#13 [runtime 8/9] COPY --from=builder /src/build/src/workloads/mem_stress         ./mem_stress
#13 CACHED

#14 [runtime 2/9] RUN apt-get update && apt-get install -y --no-install-recommends     wget     && rm -rf /var/lib/apt/lists/*
#14 CACHED

#15 [runtime 3/9] WORKDIR /app
#15 CACHED

#16 [runtime 4/9] COPY --from=builder /src/build/src/server/perfanalyzer_server   ./perfanalyzer_server
#16 CACHED

#17 [runtime 5/9] COPY --from=builder /src/build/src/cli/perfctl                  ./perfctl
#17 CACHED

#18 [runtime 9/9] COPY --from=builder /src/build/src/workloads/io_stress          ./io_stress
#18 CACHED

#19 exporting to image
#19 exporting layers done
#19 exporting manifest sha256:f3573c3c5a52ae41d4b61afc565f1f7998c40771df25e27385303c4b2ff3d12b 0.0s done
#19 exporting config sha256:b670cb7e8a89894e732aafbd53de9ede0f182e60d0c9d1547acad0b199695aff 0.0s done
#19 exporting attestation manifest sha256:b0affd107896cebbe888c46230d2108b60e16c43b47158124d9ec863f3c58e8c
#19 exporting attestation manifest sha256:b0affd107896cebbe888c46230d2108b60e16c43b47158124d9ec863f3c58e8c 0.1s done
#19 exporting manifest list sha256:b416edf987737ecbc36beb8ee663ee366e4aa7defe4e83c78d48422b9fcde05d
#19 exporting manifest list sha256:b416edf987737ecbc36beb8ee663ee366e4aa7defe4e83c78d48422b9fcde05d 0.1s done
#19 naming to docker.io/library/docker-cpu-limit:latest 0.0s done
#19 unpacking to docker.io/library/docker-cpu-limit:latest 0.1s done
#19 DONE 0.5s

#20 resolving provenance for metadata file
#20 DONE 0.1s
..............................
[0;32m[EXP][0m ─── DOCKER:mem-limit | mem_stress | intensidad=2 ───
#1 [internal] load local bake definitions
#1 reading from stdin 565B done
#1 DONE 0.0s

#2 [internal] load build definition from Dockerfile.app
#2 transferring dockerfile: 1.81kB done
#2 DONE 0.0s

#3 [internal] load metadata for docker.io/library/debian:bookworm-slim
#3 DONE 0.8s

#4 [internal] load .dockerignore
#4 transferring context: 68B 0.0s done
#4 DONE 0.1s

#5 [internal] load build context
#5 DONE 0.0s

#6 [builder 1/5] FROM docker.io/library/debian:bookworm-slim@sha256:0104b334637a5f19aa9c983a91b54c89887c0984081f2068983107a6f6c21eeb
#6 resolve docker.io/library/debian:bookworm-slim@sha256:0104b334637a5f19aa9c983a91b54c89887c0984081f2068983107a6f6c21eeb 0.1s done
#6 DONE 0.2s

#5 [internal] load build context
#5 transferring context: 343.09kB 0.1s done
#5 DONE 0.1s

#7 [builder 2/5] RUN apt-get update && apt-get install -y     build-essential     cmake     && rm -rf /var/lib/apt/lists/*
#7 CACHED

#8 [builder 3/5] WORKDIR /src
#8 CACHED

#9 [builder 4/5] COPY . .
#9 DONE 0.4s

#10 [builder 5/5] RUN cmake -B build -DCMAKE_BUILD_TYPE=Release . &&     cmake --build build --parallel
#10 1.072 -- The C compiler identification is GNU 12.2.0
#10 1.151 -- Detecting C compiler ABI info
#10 1.412 -- Detecting C compiler ABI info - done
#10 1.428 -- Check for working C compiler: /usr/bin/cc - skipped
#10 1.435 -- Detecting C compile features
#10 1.439 -- Detecting C compile features - done
#10 1.451 -- Configuring done
#10 1.567 -- Generating done
#10 1.578 -- Build files have been written to: /src/build
#10 1.807 [  2%] Building C object src/core/CMakeFiles/perfanalyzer_core.dir/sampler_cpu.c.o
#10 1.815 [  4%] Building C object src/core/CMakeFiles/perfanalyzer_core.dir/sampler_cgroup.c.o
#10 1.817 [  6%] Building C object src/tools/CMakeFiles/container_monitor.dir/container_monitor.c.o
#10 1.817 [  9%] Building C object tests/CMakeFiles/unity.dir/unity/unity.c.o
#10 1.825 [ 11%] Building C object src/core/CMakeFiles/perfanalyzer_core.dir/sampler_mem.c.o
#10 1.825 [ 13%] Building C object src/core/CMakeFiles/perfanalyzer_core.dir/profiler.c.o
#10 1.841 [ 15%] Building C object src/core/CMakeFiles/perfanalyzer_core.dir/perf.c.o
#10 1.859 [ 18%] Building C object src/core/CMakeFiles/perfanalyzer_core.dir/ring_buffer.c.o
#10 1.889 [ 20%] Building C object src/core/CMakeFiles/perfanalyzer_core.dir/sampler_io.c.o
#10 1.909 [ 22%] Building C object src/core/CMakeFiles/perfanalyzer_core.dir/exporter_json.c.o
#10 2.194 [ 25%] Linking C static library libperfanalyzer_core.a
#10 2.242 [ 27%] Linking C static library libunity.a
#10 2.310 [ 29%] Linking C executable container_monitor
#10 2.354 [ 29%] Built target perfanalyzer_core
#10 2.449 [ 29%] Built target unity
#10 2.550 [ 31%] Building C object src/workloads/CMakeFiles/mem_stress.dir/mem_stress.c.o
#10 2.580 [ 34%] Building C object src/workloads/CMakeFiles/io_stress_nosampler.dir/io_stress.c.o
#10 2.591 [ 36%] Building C object src/workloads/CMakeFiles/cpu_stress.dir/cpu_stress.c.o
#10 2.636 [ 38%] Building C object src/workloads/CMakeFiles/cpu_stress_nosampler.dir/cpu_stress.c.o
#10 2.651 [ 40%] Building C object src/server/CMakeFiles/perfanalyzer_server.dir/http.c.o
#10 2.655 [ 43%] Building C object src/workloads/CMakeFiles/io_stress.dir/io_stress.c.o
#10 2.675 [ 45%] Building C object src/server/CMakeFiles/perfanalyzer_server.dir/routes.c.o
#10 2.686 [ 47%] Building C object src/server/CMakeFiles/perfanalyzer_server.dir/main.c.o
#10 2.701 [ 50%] Building C object src/cli/CMakeFiles/perfctl.dir/perfctl.c.o
#10 2.728 [ 54%] Building C object tests/CMakeFiles/test_sampler_mem.dir/test_sampler_mem.c.o
#10 2.728 [ 54%] Building C object tests/CMakeFiles/test_exporter.dir/test_exporter.c.o
#10 2.798 [ 56%] Building C object tests/CMakeFiles/test_ring_buffer.dir/test_ring_buffer.c.o
#10 2.802 [ 59%] Building C object src/workloads/CMakeFiles/mem_stress_nosampler.dir/mem_stress.c.o
#10 2.834 [ 61%] Building C object tests/CMakeFiles/test_sampler_io.dir/test_sampler_io.c.o
#10 2.847 [ 63%] Building C object src/server/CMakeFiles/perfanalyzer_server.dir/dashboard.c.o
#10 2.948 /src/tests/test_exporter.c:8:6: warning: no previous prototype for 'test_sample_to_json_contains_keys' [-Wmissing-prototypes]
#10 2.948     8 | void test_sample_to_json_contains_keys(void)
#10 2.948       |      ^~~~~~~~~~~~~~~~~~~~~~~~~~~~~~~~~
#10 2.963 /src/src/server/dashboard.c:255:1: warning: string length '9524' is greater than the length '4095' ISO C99 compilers are required to support [-Woverlength-strings]
#10 2.963   255 | "</html>\n";
#10 2.963       | ^~~~~~~~~~~
#10 2.966 [ 65%] Building C object tests/CMakeFiles/test_profiler.dir/test_profiler.c.o
#10 2.983 [ 68%] Building C object tests/CMakeFiles/test_sampler_cpu.dir/test_sampler_cpu.c.o
#10 2.987 /src/tests/test_sampler_mem.c:8:6: warning: no previous prototype for 'test_mem_read_nonzero' [-Wmissing-prototypes]
#10 2.987     8 | void test_mem_read_nonzero(void)
#10 2.987       |      ^~~~~~~~~~~~~~~~~~~~~
#10 2.988 /src/tests/test_sampler_mem.c:17:6: warning: no previous prototype for 'test_mem_peak_ge_rss' [-Wmissing-prototypes]
#10 2.988    17 | void test_mem_peak_ge_rss(void)
#10 2.988       |      ^~~~~~~~~~~~~~~~~~~~
#10 2.988 /src/tests/test_sampler_mem.c:25:6: warning: no previous prototype for 'test_mem_bad_path' [-Wmissing-prototypes]
#10 2.988    25 | void test_mem_bad_path(void)
#10 2.988       |      ^~~~~~~~~~~~~~~~~
#10 3.033 /src/tests/test_exporter.c:24:6: warning: no previous prototype for 'test_sample_to_json_buffer_too_small' [-Wmissing-prototypes]
#10 3.033    24 | void test_sample_to_json_buffer_too_small(void)
#10 3.033       |      ^~~~~~~~~~~~~~~~~~~~~~~~~~~~~~~~~~~~
#10 3.037 /src/tests/test_exporter.c:33:6: warning: no previous prototype for 'test_series_to_json_empty' [-Wmissing-prototypes]
#10 3.037    33 | void test_series_to_json_empty(void)
#10 3.037       |      ^~~~~~~~~~~~~~~~~~~~~~~~~
#10 3.135 [ 70%] Linking C executable mem_stress
#10 3.143 /src/tests/test_ring_buffer.c:8:6: warning: no previous prototype for 'test_ring_push_drain' [-Wmissing-prototypes]
#10 3.143     8 | void test_ring_push_drain(void)
#10 3.143       |      ^~~~~~~~~~~~~~~~~~~~
#10 3.144 /src/tests/test_ring_buffer.c:25:6: warning: no previous prototype for 'test_ring_empty_drain' [-Wmissing-prototypes]
#10 3.144    25 | void test_ring_empty_drain(void)
#10 3.144       |      ^~~~~~~~~~~~~~~~~~~~~
#10 3.144 /src/tests/test_ring_buffer.c:35:6: warning: no previous prototype for 'test_ring_overflow_keeps_newest' [-Wmissing-prototypes]
#10 3.144    35 | void test_ring_overflow_keeps_newest(void)
#10 3.144       |      ^~~~~~~~~~~~~~~~~~~~~~~~~~~~~~~
#10 3.194 /src/tests/test_sampler_cpu.c:8:6: warning: no previous prototype for 'test_cpu_read_self' [-Wmissing-prototypes]
#10 3.194     8 | void test_cpu_read_self(void)
#10 3.194       |      ^~~~~~~~~~~~~~~~~~
#10 3.208 /src/tests/test_sampler_cpu.c:17:6: warning: no previous prototype for 'test_cpu_percent_negative_on_first' [-Wmissing-prototypes]
#10 3.208    17 | void test_cpu_percent_negative_on_first(void)
#10 3.208       |      ^~~~~~~~~~~~~~~~~~~~~~~~~~~~~~~~~~
#10 3.211 /src/tests/test_sampler_cpu.c:23:6: warning: no previous prototype for 'test_cpu_percent_range' [-Wmissing-prototypes]
#10 3.211    23 | void test_cpu_percent_range(void)
#10 3.211       |      ^~~~~~~~~~~~~~~~~~~~~~
#10 3.218 /src/tests/test_sampler_cpu.c: In function 'test_cpu_percent_range':
#10 3.227 /src/tests/test_sampler_cpu.c:31:5: warning: implicit declaration of function 'nanosleep' [-Wimplicit-function-declaration]
#10 3.227    31 |     nanosleep(&ts, NULL);
#10 3.227       |     ^~~~~~~~~
#10 3.346 [ 72%] Linking C executable cpu_stress
#10 3.361 /src/tests/test_profiler.c:13:6: warning: no previous prototype for 'test_probe_begin_end' [-Wmissing-prototypes]
#10 3.361    13 | void test_probe_begin_end(void)
#10 3.361       |      ^~~~~~~~~~~~~~~~~~~~
#10 3.395 [ 75%] Linking C executable cpu_stress_nosampler
#10 3.399 [ 77%] Linking C executable test_ring_buffer
#10 3.409 [ 79%] Linking C executable mem_stress_nosampler
#10 3.418 [ 81%] Linking C executable test_sampler_cpu
#10 3.439 [ 84%] Linking C executable test_sampler_mem
#10 3.447 /src/tests/test_profiler.c: In function 'test_probe_begin_end':
#10 3.447 /src/tests/test_profiler.c:22:13: warning: implicit declaration of function 'nanosleep' [-Wimplicit-function-declaration]
#10 3.447    22 |             nanosleep(&ts, NULL);
#10 3.447       |             ^~~~~~~~~
#10 3.452 [ 86%] Linking C executable test_exporter
#10 3.453 /src/tests/test_profiler.c: At top level:
#10 3.455 /src/tests/test_profiler.c:41:6: warning: no previous prototype for 'test_probe_reset' [-Wmissing-prototypes]
#10 3.455    41 | void test_probe_reset(void)
#10 3.455       |      ^~~~~~~~~~~~~~~~
#10 3.458 /src/tests/test_profiler.c:61:6: warning: no previous prototype for 'test_probe_percentiles' [-Wmissing-prototypes]
#10 3.458    61 | void test_probe_percentiles(void)
#10 3.458       |      ^~~~~~~~~~~~~~~~~~~~~~
#10 3.461 /src/tests/test_profiler.c: In function 'test_probe_percentiles':
#10 3.467 /src/tests/test_profiler.c:76:33: warning: implicit declaration of function 'malloc' [-Wimplicit-function-declaration]
#10 3.467    76 |     perf_probe_stats_t *stats = malloc(n * sizeof(*stats));
#10 3.467       |                                 ^~~~~~
#10 3.467 /src/tests/test_profiler.c:7:1: note: include '<stdlib.h>' or provide a declaration of 'malloc'
#10 3.467     6 | #include <string.h>
#10 3.467   +++ |+#include <stdlib.h>
#10 3.467     7 | 
#10 3.467 /src/tests/test_profiler.c:76:33: warning: incompatible implicit declaration of built-in function 'malloc' [-Wbuiltin-declaration-mismatch]
#10 3.467    76 |     perf_probe_stats_t *stats = malloc(n * sizeof(*stats));
#10 3.467       |                                 ^~~~~~
#10 3.467 /src/tests/test_profiler.c:76:33: note: include '<stdlib.h>' or provide a declaration of 'malloc'
#10 3.467 /src/tests/test_profiler.c:83:5: warning: implicit declaration of function 'free' [-Wimplicit-function-declaration]
#10 3.467    83 |     free(stats);
#10 3.467       |     ^~~~
#10 3.467 /src/tests/test_profiler.c:83:5: note: include '<stdlib.h>' or provide a declaration of 'free'
#10 3.467 /src/tests/test_profiler.c:83:5: warning: incompatible implicit declaration of built-in function 'free' [-Wbuiltin-declaration-mismatch]
#10 3.467 /src/tests/test_profiler.c:83:5: note: include '<stdlib.h>' or provide a declaration of 'free'
#10 3.473 [ 88%] Linking C executable io_stress_nosampler
#10 3.480 /src/tests/test_sampler_io.c:8:6: warning: no previous prototype for 'test_io_read_ok' [-Wmissing-prototypes]
#10 3.480     8 | void test_io_read_ok(void)
#10 3.480       |      ^~~~~~~~~~~~~~~
#10 3.480 /src/tests/test_sampler_io.c:17:6: warning: no previous prototype for 'test_io_bad_path' [-Wmissing-prototypes]
#10 3.480    17 | void test_io_bad_path(void)
#10 3.480       |      ^~~~~~~~~~~~~~~~
#10 3.542 [ 90%] Linking C executable io_stress
#10 3.652 [ 93%] Linking C executable test_sampler_io
#10 3.672 [ 95%] Linking C executable perfanalyzer_server
#10 3.683 [ 97%] Linking C executable test_profiler
#10 3.836 [100%] Linking C executable perfctl
#10 3.883 [100%] Built target container_monitor
#10 4.564 [100%] Built target test_sampler_mem
#10 4.669 [100%] Built target test_ring_buffer
#10 4.784 [100%] Built target io_stress_nosampler
#10 4.866 [100%] Built target test_exporter
#10 4.870 [100%] Built target mem_stress_nosampler
#10 5.014 [100%] Built target test_sampler_cpu
#10 5.023 [100%] Built target test_sampler_io
#10 5.224 [100%] Built target mem_stress
#10 5.267 [100%] Built target test_profiler
#10 5.281 [100%] Built target perfctl
#10 5.295 [100%] Built target cpu_stress_nosampler
#10 5.411 [100%] Built target io_stress
#10 5.465 [100%] Built target cpu_stress
#10 5.525 [100%] Built target perfanalyzer_server
#10 DONE 5.8s

#11 [runtime 4/9] COPY --from=builder /src/build/src/server/perfanalyzer_server   ./perfanalyzer_server
#11 CACHED

#12 [runtime 5/9] COPY --from=builder /src/build/src/cli/perfctl                  ./perfctl
#12 CACHED

#13 [runtime 6/9] COPY --from=builder /src/build/src/tools/container_monitor      ./container_monitor
#13 CACHED

#14 [runtime 7/9] COPY --from=builder /src/build/src/workloads/cpu_stress         ./cpu_stress
#14 CACHED

#15 [runtime 8/9] COPY --from=builder /src/build/src/workloads/mem_stress         ./mem_stress
#15 CACHED

#16 [runtime 2/9] RUN apt-get update && apt-get install -y --no-install-recommends     wget     && rm -rf /var/lib/apt/lists/*
#16 CACHED

#17 [runtime 3/9] WORKDIR /app
#17 CACHED

#18 [runtime 9/9] COPY --from=builder /src/build/src/workloads/io_stress          ./io_stress
#18 CACHED

#19 exporting to image
#19 exporting layers 0.0s done
#19 exporting manifest sha256:70b9c00a929874891d1b3a0f6f337ceafd8af45fc33fe912a242a9305b80aa03 0.0s done
#19 exporting config sha256:ea99691dffd255a776197280dd5949ebe82e4b1700cbce83290b03264c9ce92a
#19 exporting config sha256:ea99691dffd255a776197280dd5949ebe82e4b1700cbce83290b03264c9ce92a 0.0s done
#19 exporting attestation manifest sha256:4492801edd68987f3abf0b6a2c6cb8aa6c81069fcb2b8f71534f9af2d6b59bb5
#19 exporting attestation manifest sha256:4492801edd68987f3abf0b6a2c6cb8aa6c81069fcb2b8f71534f9af2d6b59bb5 0.2s done
#19 exporting manifest list sha256:0951e3dcfb0ae8b926ff7fce4d04cd2ef09e9a1b0308ad412637a7e96c11da7b
#19 exporting manifest list sha256:0951e3dcfb0ae8b926ff7fce4d04cd2ef09e9a1b0308ad412637a7e96c11da7b 0.1s done
#19 naming to docker.io/library/docker-mem-limit:latest 0.0s done
#19 unpacking to docker.io/library/docker-mem-limit:latest 0.1s done
#19 DONE 0.6s

#20 resolving provenance for metadata file
#20 DONE 0.1s
#1 [internal] load local bake definitions
#1 reading from stdin 565B done
#1 DONE 0.0s

#2 [internal] load build definition from Dockerfile.app
#2 DONE 0.0s

#2 [internal] load build definition from Dockerfile.app
#2 transferring dockerfile: 1.81kB 0.0s done
#2 DONE 0.1s

#3 [internal] load metadata for docker.io/library/debian:bookworm-slim
#3 DONE 0.3s

#4 [internal] load .dockerignore
#4 transferring context: 68B done
#4 DONE 0.1s

#5 [internal] load build context
#5 DONE 0.0s

#6 [builder 1/5] FROM docker.io/library/debian:bookworm-slim@sha256:0104b334637a5f19aa9c983a91b54c89887c0984081f2068983107a6f6c21eeb
#6 resolve docker.io/library/debian:bookworm-slim@sha256:0104b334637a5f19aa9c983a91b54c89887c0984081f2068983107a6f6c21eeb
#6 resolve docker.io/library/debian:bookworm-slim@sha256:0104b334637a5f19aa9c983a91b54c89887c0984081f2068983107a6f6c21eeb 0.1s done
#6 DONE 0.1s

#5 [internal] load build context
#5 transferring context: 323.71kB 0.1s done
#5 DONE 0.1s

#7 [builder 2/5] RUN apt-get update && apt-get install -y     build-essential     cmake     && rm -rf /var/lib/apt/lists/*
#7 CACHED

#8 [builder 3/5] WORKDIR /src
#8 CACHED

#9 [builder 4/5] COPY . .
#9 DONE 0.5s

#10 [builder 5/5] RUN cmake -B build -DCMAKE_BUILD_TYPE=Release . &&     cmake --build build --parallel
#10 0.936 -- The C compiler identification is GNU 12.2.0
#10 0.976 -- Detecting C compiler ABI info
#10 1.240 -- Detecting C compiler ABI info - done
#10 1.267 -- Check for working C compiler: /usr/bin/cc - skipped
#10 1.267 -- Detecting C compile features
#10 1.268 -- Detecting C compile features - done
#10 1.283 -- Configuring done
#10 1.393 -- Generating done
#10 1.414 -- Build files have been written to: /src/build
#10 1.640 [  4%] Building C object src/tools/CMakeFiles/container_monitor.dir/container_monitor.c.o
#10 1.640 [  4%] Building C object src/core/CMakeFiles/perfanalyzer_core.dir/sampler_io.c.o
#10 1.645 [  6%] Building C object src/core/CMakeFiles/perfanalyzer_core.dir/perf.c.o
#10 1.653 [  9%] Building C object tests/CMakeFiles/unity.dir/unity/unity.c.o
#10 1.661 [ 11%] Building C object src/core/CMakeFiles/perfanalyzer_core.dir/exporter_json.c.o
#10 1.669 [ 13%] Building C object src/core/CMakeFiles/perfanalyzer_core.dir/sampler_cgroup.c.o
#10 1.672 [ 15%] Building C object src/core/CMakeFiles/perfanalyzer_core.dir/sampler_cpu.c.o
#10 1.676 [ 18%] Building C object src/core/CMakeFiles/perfanalyzer_core.dir/profiler.c.o
#10 1.682 [ 20%] Building C object src/core/CMakeFiles/perfanalyzer_core.dir/sampler_mem.c.o
#10 1.690 [ 22%] Building C object src/core/CMakeFiles/perfanalyzer_core.dir/ring_buffer.c.o
#10 1.985 [ 25%] Linking C static library libunity.a
#10 1.992 [ 27%] Linking C executable container_monitor
#10 1.999 [ 29%] Linking C static library libperfanalyzer_core.a
#10 2.125 [ 29%] Built target perfanalyzer_core
#10 2.132 [ 29%] Built target unity
#10 2.331 [ 31%] Building C object src/server/CMakeFiles/perfanalyzer_server.dir/http.c.o
#10 2.340 [ 34%] Building C object src/workloads/CMakeFiles/mem_stress.dir/mem_stress.c.o
#10 2.368 [ 36%] Building C object src/server/CMakeFiles/perfanalyzer_server.dir/main.c.o
#10 2.382 [ 38%] Building C object src/server/CMakeFiles/perfanalyzer_server.dir/routes.c.o
#10 2.401 [ 40%] Building C object src/cli/CMakeFiles/perfctl.dir/perfctl.c.o
#10 2.407 [ 45%] Building C object src/server/CMakeFiles/perfanalyzer_server.dir/dashboard.c.o
#10 2.409 [ 45%] Building C object src/workloads/CMakeFiles/io_stress.dir/io_stress.c.o
#10 2.432 [ 47%] Building C object tests/CMakeFiles/test_sampler_cpu.dir/test_sampler_cpu.c.o
#10 2.438 [ 50%] Building C object src/workloads/CMakeFiles/cpu_stress.dir/cpu_stress.c.o
#10 2.473 [ 52%] Building C object tests/CMakeFiles/test_sampler_io.dir/test_sampler_io.c.o
#10 2.479 [ 54%] Building C object src/workloads/CMakeFiles/cpu_stress_nosampler.dir/cpu_stress.c.o
#10 2.479 [ 56%] Building C object tests/CMakeFiles/test_sampler_mem.dir/test_sampler_mem.c.o
#10 2.519 [ 59%] Building C object tests/CMakeFiles/test_exporter.dir/test_exporter.c.o
#10 2.531 [ 61%] Building C object src/workloads/CMakeFiles/mem_stress_nosampler.dir/mem_stress.c.o
#10 2.545 [ 63%] Building C object tests/CMakeFiles/test_ring_buffer.dir/test_ring_buffer.c.o
#10 2.574 /src/src/server/dashboard.c:255:1: warning: string length '9524' is greater than the length '4095' ISO C99 compilers are required to support [-Woverlength-strings]
#10 2.574   255 | "</html>\n";
#10 2.574       | ^~~~~~~~~~~
#10 2.590 [ 65%] Building C object src/workloads/CMakeFiles/io_stress_nosampler.dir/io_stress.c.o
#10 2.611 /src/tests/test_sampler_cpu.c:8:6: warning: no previous prototype for 'test_cpu_read_self' [-Wmissing-prototypes]
#10 2.611     8 | void test_cpu_read_self(void)
#10 2.611       |      ^~~~~~~~~~~~~~~~~~
#10 2.615 [ 68%] Building C object tests/CMakeFiles/test_profiler.dir/test_profiler.c.o
#10 2.709 /src/tests/test_sampler_cpu.c:17:6: warning: no previous prototype for 'test_cpu_percent_negative_on_first' [-Wmissing-prototypes]
#10 2.709    17 | void test_cpu_percent_negative_on_first(void)
#10 2.709       |      ^~~~~~~~~~~~~~~~~~~~~~~~~~~~~~~~~~
#10 2.709 /src/tests/test_sampler_cpu.c:23:6: warning: no previous prototype for 'test_cpu_percent_range' [-Wmissing-prototypes]
#10 2.709    23 | void test_cpu_percent_range(void)
#10 2.709       |      ^~~~~~~~~~~~~~~~~~~~~~
#10 2.711 /src/tests/test_sampler_cpu.c: In function 'test_cpu_percent_range':
#10 2.712 /src/tests/test_sampler_cpu.c:31:5: warning: implicit declaration of function 'nanosleep' [-Wimplicit-function-declaration]
#10 2.712    31 |     nanosleep(&ts, NULL);
#10 2.712       |     ^~~~~~~~~
#10 2.795 /src/tests/test_exporter.c:8:6: warning: no previous prototype for 'test_sample_to_json_contains_keys' [-Wmissing-prototypes]
#10 2.795     8 | void test_sample_to_json_contains_keys(void)
#10 2.795       |      ^~~~~~~~~~~~~~~~~~~~~~~~~~~~~~~~~
#10 2.816 /src/tests/test_exporter.c:24:6: warning: no previous prototype for 'test_sample_to_json_buffer_too_small' [-Wmissing-prototypes]
#10 2.816    24 | void test_sample_to_json_buffer_too_small(void)
#10 2.816       |      ^~~~~~~~~~~~~~~~~~~~~~~~~~~~~~~~~~~~
#10 2.827 /src/tests/test_exporter.c:33:6: warning: no previous prototype for 'test_series_to_json_empty' [-Wmissing-prototypes]
#10 2.827    33 | void test_series_to_json_empty(void)
#10 2.827       |      ^~~~~~~~~~~~~~~~~~~~~~~~~
#10 2.874 [ 70%] Linking C executable cpu_stress_nosampler
#10 2.882 /src/tests/test_sampler_mem.c:8:6: warning: no previous prototype for 'test_mem_read_nonzero' [-Wmissing-prototypes]
#10 2.882     8 | void test_mem_read_nonzero(void)
#10 2.882       |      ^~~~~~~~~~~~~~~~~~~~~
#10 2.887 /src/tests/test_sampler_io.c:8:6: warning: no previous prototype for 'test_io_read_ok' [-Wmissing-prototypes]
#10 2.887     8 | void test_io_read_ok(void)
#10 2.887       |      ^~~~~~~~~~~~~~~
#10 2.889 /src/tests/test_sampler_mem.c:17:6: warning: no previous prototype for 'test_mem_peak_ge_rss' [-Wmissing-prototypes]
#10 2.889    17 | void test_mem_peak_ge_rss(void)
#10 2.889       |      ^~~~~~~~~~~~~~~~~~~~
#10 2.894 /src/tests/test_sampler_mem.c:25:6: warning: no previous prototype for 'test_mem_bad_path' [-Wmissing-prototypes]
#10 2.894    25 | void test_mem_bad_path(void)
#10 2.894       |      ^~~~~~~~~~~~~~~~~
#10 2.896 /src/tests/test_sampler_io.c:17:6: warning: no previous prototype for 'test_io_bad_path' [-Wmissing-prototypes]
#10 2.896    17 | void test_io_bad_path(void)
#10 2.896       |      ^~~~~~~~~~~~~~~~
#10 2.925 [ 72%] Linking C executable mem_stress
#10 2.934 [ 75%] Linking C executable cpu_stress
#10 2.977 [ 77%] Linking C executable test_sampler_cpu
#10 2.997 [ 79%] Linking C executable io_stress
#10 3.002 /src/tests/test_ring_buffer.c:8:6: warning: no previous prototype for 'test_ring_push_drain' [-Wmissing-prototypes]
#10 3.002     8 | void test_ring_push_drain(void)
#10 3.002       |      ^~~~~~~~~~~~~~~~~~~~
#10 3.006 /src/tests/test_ring_buffer.c:25:6: warning: no previous prototype for 'test_ring_empty_drain' [-Wmissing-prototypes]
#10 3.006    25 | void test_ring_empty_drain(void)
#10 3.006       |      ^~~~~~~~~~~~~~~~~~~~~
#10 3.009 /src/tests/test_ring_buffer.c:35:6: warning: no previous prototype for 'test_ring_overflow_keeps_newest' [-Wmissing-prototypes]
#10 3.009    35 | void test_ring_overflow_keeps_newest(void)
#10 3.009       |      ^~~~~~~~~~~~~~~~~~~~~~~~~~~~~~~
#10 3.015 [ 81%] Linking C executable mem_stress_nosampler
#10 3.025 [ 84%] Linking C executable perfctl
#10 3.049 /src/tests/test_profiler.c:13:6: warning: no previous prototype for 'test_probe_begin_end' [-Wmissing-prototypes]
#10 3.049    13 | void test_probe_begin_end(void)
#10 3.049       |      ^~~~~~~~~~~~~~~~~~~~
#10 3.056 /src/tests/test_profiler.c: In function 'test_probe_begin_end':
#10 3.056 /src/tests/test_profiler.c:22:13: warning: implicit declaration of function 'nanosleep' [-Wimplicit-function-declaration]
#10 3.056    22 |             nanosleep(&ts, NULL);
#10 3.056       |             ^~~~~~~~~
#10 3.056 /src/tests/test_profiler.c: At top level:
#10 3.060 [ 86%] Linking C executable perfanalyzer_server
#10 3.060 /src/tests/test_profiler.c:41:6: warning: no previous prototype for 'test_probe_reset' [-Wmissing-prototypes]
#10 3.060    41 | void test_probe_reset(void)
#10 3.060       |      ^~~~~~~~~~~~~~~~
#10 3.065 /src/tests/test_profiler.c:61:6: warning: no previous prototype for 'test_probe_percentiles' [-Wmissing-prototypes]
#10 3.065    61 | void test_probe_percentiles(void)
#10 3.065       |      ^~~~~~~~~~~~~~~~~~~~~~
#10 3.065 /src/tests/test_profiler.c: In function 'test_probe_percentiles':
#10 3.065 /src/tests/test_profiler.c:76:33: warning: implicit declaration of function 'malloc' [-Wimplicit-function-declaration]
#10 3.065    76 |     perf_probe_stats_t *stats = malloc(n * sizeof(*stats));
#10 3.065       |                                 ^~~~~~
#10 3.065 /src/tests/test_profiler.c:7:1: note: include '<stdlib.h>' or provide a declaration of 'malloc'
#10 3.065     6 | #include <string.h>
#10 3.065   +++ |+#include <stdlib.h>
#10 3.065     7 | 
#10 3.065 /src/tests/test_profiler.c:76:33: warning: incompatible implicit declaration of built-in function 'malloc' [-Wbuiltin-declaration-mismatch]
#10 3.065    76 |     perf_probe_stats_t *stats = malloc(n * sizeof(*stats));
#10 3.065       |                                 ^~~~~~
#10 3.065 /src/tests/test_profiler.c:76:33: note: include '<stdlib.h>' or provide a declaration of 'malloc'
#10 3.065 /src/tests/test_profiler.c:83:5: warning: implicit declaration of function 'free' [-Wimplicit-function-declaration]
#10 3.065    83 |     free(stats);
#10 3.065       |     ^~~~
#10 3.065 /src/tests/test_profiler.c:83:5: note: include '<stdlib.h>' or provide a declaration of 'free'
#10 3.065 /src/tests/test_profiler.c:83:5: warning: incompatible implicit declaration of built-in function 'free' [-Wbuiltin-declaration-mismatch]
#10 3.065 /src/tests/test_profiler.c:83:5: note: include '<stdlib.h>' or provide a declaration of 'free'
#10 3.090 [ 88%] Linking C executable test_exporter
#10 3.126 [ 90%] Linking C executable test_sampler_io
#10 3.140 [ 93%] Linking C executable test_sampler_mem
#10 3.224 [ 93%] Built target container_monitor
#10 3.304 [ 95%] Linking C executable test_profiler
#10 3.314 [ 97%] Linking C executable test_ring_buffer
#10 3.415 [100%] Linking C executable io_stress_nosampler
#10 4.373 [100%] Built target test_sampler_cpu
#10 4.384 [100%] Built target mem_stress
#10 4.384 [100%] Built target test_sampler_mem
#10 4.394 [100%] Built target test_exporter
#10 4.464 [100%] Built target mem_stress_nosampler
#10 4.478 [100%] Built target perfctl
#10 4.518 [100%] Built target test_sampler_io
#10 4.592 [100%] Built target test_ring_buffer
#10 4.631 [100%] Built target io_stress_nosampler
#10 4.672 [100%] Built target test_profiler
#10 4.701 [100%] Built target cpu_stress_nosampler
#10 4.833 [100%] Built target io_stress
#10 5.002 [100%] Built target cpu_stress
#10 5.029 [100%] Built target perfanalyzer_server
#10 DONE 5.4s

#11 [runtime 7/9] COPY --from=builder /src/build/src/workloads/cpu_stress         ./cpu_stress
#11 CACHED

#12 [runtime 8/9] COPY --from=builder /src/build/src/workloads/mem_stress         ./mem_stress
#12 CACHED

#13 [runtime 2/9] RUN apt-get update && apt-get install -y --no-install-recommends     wget     && rm -rf /var/lib/apt/lists/*
#13 CACHED

#14 [runtime 3/9] WORKDIR /app
#14 CACHED

#15 [runtime 4/9] COPY --from=builder /src/build/src/server/perfanalyzer_server   ./perfanalyzer_server
#15 CACHED

#16 [runtime 5/9] COPY --from=builder /src/build/src/cli/perfctl                  ./perfctl
#16 CACHED

#17 [runtime 6/9] COPY --from=builder /src/build/src/tools/container_monitor      ./container_monitor
#17 CACHED

#18 [runtime 9/9] COPY --from=builder /src/build/src/workloads/io_stress          ./io_stress
#18 CACHED

#19 exporting to image
#19 exporting layers 0.0s done
#19 exporting manifest sha256:70b9c00a929874891d1b3a0f6f337ceafd8af45fc33fe912a242a9305b80aa03 0.0s done
#19 exporting config sha256:ea99691dffd255a776197280dd5949ebe82e4b1700cbce83290b03264c9ce92a 0.0s done
#19 exporting attestation manifest sha256:5ef9a264f3d026176e6d6287378e2c8e148a28dff0aa2119d0c6bc1a213f2628
#19 exporting attestation manifest sha256:5ef9a264f3d026176e6d6287378e2c8e148a28dff0aa2119d0c6bc1a213f2628 0.2s done
#19 exporting manifest list sha256:46cc29d5ee334e5664ebbf83863e603016277c3a754eec21dfdeb6db9a0c4d43
#19 exporting manifest list sha256:46cc29d5ee334e5664ebbf83863e603016277c3a754eec21dfdeb6db9a0c4d43 0.1s done
#19 naming to docker.io/library/docker-mem-limit:latest 0.0s done
#19 unpacking to docker.io/library/docker-mem-limit:latest
#19 unpacking to docker.io/library/docker-mem-limit:latest 0.1s done
#19 DONE 0.6s

#20 resolving provenance for metadata file
#20 DONE 0.1s
..............................
[0;32m[EXP][0m ─── HOST | io_stress | intensidad=1 ───
..............................
[0;32m[EXP][0m ─── DOCKER:baseline | io_stress | intensidad=1 ───
#1 [internal] load local bake definitions
#1 reading from stdin 561B done
#1 DONE 0.0s

#2 [internal] load build definition from Dockerfile.app
#2 transferring dockerfile: 1.81kB done
#2 DONE 0.0s

#3 [internal] load metadata for docker.io/library/debian:bookworm-slim
#3 DONE 0.8s

#4 [internal] load .dockerignore
#4 transferring context: 68B 0.0s done
#4 DONE 0.1s

#5 [internal] load build context
#5 DONE 0.0s

#6 [builder 1/5] FROM docker.io/library/debian:bookworm-slim@sha256:0104b334637a5f19aa9c983a91b54c89887c0984081f2068983107a6f6c21eeb
#6 resolve docker.io/library/debian:bookworm-slim@sha256:0104b334637a5f19aa9c983a91b54c89887c0984081f2068983107a6f6c21eeb
#6 resolve docker.io/library/debian:bookworm-slim@sha256:0104b334637a5f19aa9c983a91b54c89887c0984081f2068983107a6f6c21eeb 0.2s done
#6 DONE 0.2s

#5 [internal] load build context
#5 transferring context: 375.51kB 0.1s done
#5 DONE 0.1s

#7 [builder 2/5] RUN apt-get update && apt-get install -y     build-essential     cmake     && rm -rf /var/lib/apt/lists/*
#7 CACHED

#8 [builder 3/5] WORKDIR /src
#8 CACHED

#9 [builder 4/5] COPY . .
#9 DONE 0.3s

#10 [builder 5/5] RUN cmake -B build -DCMAKE_BUILD_TYPE=Release . &&     cmake --build build --parallel
#10 1.048 -- The C compiler identification is GNU 12.2.0
#10 1.147 -- Detecting C compiler ABI info
#10 1.444 -- Detecting C compiler ABI info - done
#10 1.468 -- Check for working C compiler: /usr/bin/cc - skipped
#10 1.473 -- Detecting C compile features
#10 1.476 -- Detecting C compile features - done
#10 1.492 -- Configuring done
#10 1.594 -- Generating done
#10 1.606 -- Build files have been written to: /src/build
#10 1.938 [  2%] Building C object src/core/CMakeFiles/perfanalyzer_core.dir/sampler_mem.c.o
#10 1.972 [  4%] Building C object src/core/CMakeFiles/perfanalyzer_core.dir/profiler.c.o
#10 1.974 [  6%] Building C object src/core/CMakeFiles/perfanalyzer_core.dir/ring_buffer.c.o
#10 1.982 [  9%] Building C object src/core/CMakeFiles/perfanalyzer_core.dir/perf.c.o
#10 2.001 [ 11%] Building C object src/core/CMakeFiles/perfanalyzer_core.dir/sampler_cpu.c.o
#10 2.005 [ 13%] Building C object src/tools/CMakeFiles/container_monitor.dir/container_monitor.c.o
#10 2.006 [ 15%] Building C object src/core/CMakeFiles/perfanalyzer_core.dir/sampler_cgroup.c.o
#10 2.030 [ 18%] Building C object src/core/CMakeFiles/perfanalyzer_core.dir/exporter_json.c.o
#10 2.045 [ 20%] Building C object src/core/CMakeFiles/perfanalyzer_core.dir/sampler_io.c.o
#10 2.151 [ 22%] Building C object tests/CMakeFiles/unity.dir/unity/unity.c.o
#10 2.606 [ 25%] Linking C static library libunity.a
#10 2.644 [ 27%] Linking C static library libperfanalyzer_core.a
#10 2.726 [ 29%] Linking C executable container_monitor
#10 2.875 [ 29%] Built target unity
#10 2.921 [ 29%] Built target perfanalyzer_core
#10 3.351 [ 31%] Building C object src/workloads/CMakeFiles/cpu_stress.dir/cpu_stress.c.o
#10 3.411 [ 36%] Building C object src/server/CMakeFiles/perfanalyzer_server.dir/dashboard.c.o
#10 3.411 [ 36%] Building C object src/workloads/CMakeFiles/mem_stress_nosampler.dir/mem_stress.c.o
#10 3.445 [ 40%] Building C object src/server/CMakeFiles/perfanalyzer_server.dir/http.c.o
#10 3.445 [ 43%] Building C object src/server/CMakeFiles/perfanalyzer_server.dir/main.c.o
#10 3.445 [ 45%] Building C object src/server/CMakeFiles/perfanalyzer_server.dir/routes.c.o
#10 3.445 [ 47%] Building C object src/workloads/CMakeFiles/io_stress_nosampler.dir/io_stress.c.o
#10 3.447 [ 47%] Building C object src/workloads/CMakeFiles/mem_stress.dir/mem_stress.c.o
#10 3.487 [ 50%] Building C object tests/CMakeFiles/test_sampler_cpu.dir/test_sampler_cpu.c.o
#10 3.494 [ 52%] Building C object src/cli/CMakeFiles/perfctl.dir/perfctl.c.o
#10 3.501 [ 54%] Building C object tests/CMakeFiles/test_sampler_io.dir/test_sampler_io.c.o
#10 3.538 [ 56%] Building C object tests/CMakeFiles/test_ring_buffer.dir/test_ring_buffer.c.o
#10 3.555 [ 59%] Building C object src/workloads/CMakeFiles/io_stress.dir/io_stress.c.o
#10 3.562 [ 61%] Building C object tests/CMakeFiles/test_sampler_mem.dir/test_sampler_mem.c.o
#10 3.582 [ 63%] Building C object src/workloads/CMakeFiles/cpu_stress_nosampler.dir/cpu_stress.c.o
#10 3.598 [ 65%] Building C object tests/CMakeFiles/test_profiler.dir/test_profiler.c.o
#10 3.632 /src/src/server/dashboard.c:255:1: warning: string length '9524' is greater than the length '4095' ISO C99 compilers are required to support [-Woverlength-strings]
#10 3.632   255 | "</html>\n";
#10 3.632       | ^~~~~~~~~~~
#10 3.640 [ 68%] Building C object tests/CMakeFiles/test_exporter.dir/test_exporter.c.o
#10 3.783 /src/tests/test_sampler_io.c:8:6: warning: no previous prototype for 'test_io_read_ok' [-Wmissing-prototypes]
#10 3.783     8 | void test_io_read_ok(void)
#10 3.783       |      ^~~~~~~~~~~~~~~
#10 3.790 /src/tests/test_sampler_io.c:17:6: warning: no previous prototype for 'test_io_bad_path' [-Wmissing-prototypes]
#10 3.790    17 | void test_io_bad_path(void)
#10 3.790       |      ^~~~~~~~~~~~~~~~
#10 3.864 [ 70%] Linking C executable mem_stress_nosampler
#10 3.911 [ 72%] Linking C executable test_sampler_io
#10 3.955 /src/tests/test_exporter.c:8:6: warning: no previous prototype for 'test_sample_to_json_contains_keys' [-Wmissing-prototypes]
#10 3.955     8 | void test_sample_to_json_contains_keys(void)
#10 3.955       |      ^~~~~~~~~~~~~~~~~~~~~~~~~~~~~~~~~
#10 3.960 /src/tests/test_exporter.c:24:6: warning: no previous prototype for 'test_sample_to_json_buffer_too_small' [-Wmissing-prototypes]
#10 3.960    24 | void test_sample_to_json_buffer_too_small(void)
#10 3.960       |      ^~~~~~~~~~~~~~~~~~~~~~~~~~~~~~~~~~~~
#10 3.962 /src/tests/test_exporter.c:33:6: warning: no previous prototype for 'test_series_to_json_empty' [-Wmissing-prototypes]
#10 3.962    33 | void test_series_to_json_empty(void)
#10 3.962       |      ^~~~~~~~~~~~~~~~~~~~~~~~~
#10 3.999 /src/tests/test_sampler_mem.c:8:6: warning: no previous prototype for 'test_mem_read_nonzero' [-Wmissing-prototypes]
#10 3.999     8 | void test_mem_read_nonzero(void)
#10 3.999       |      ^~~~~~~~~~~~~~~~~~~~~
#10 4.034 /src/tests/test_ring_buffer.c:8:6: warning: no previous prototype for 'test_ring_push_drain' [-Wmissing-prototypes]
#10 4.034     8 | void test_ring_push_drain(void)
#10 4.034       |      ^~~~~~~~~~~~~~~~~~~~
#10 4.095 /src/tests/test_sampler_mem.c:17:6: warning: no previous prototype for 'test_mem_peak_ge_rss' [-Wmissing-prototypes]
#10 4.095    17 | void test_mem_peak_ge_rss(void)
#10 4.095       |      ^~~~~~~~~~~~~~~~~~~~
#10 4.106 /src/tests/test_sampler_mem.c:25:6: warning: no previous prototype for 'test_mem_bad_path' [-Wmissing-prototypes]
#10 4.106    25 | void test_mem_bad_path(void)
#10 4.106       |      ^~~~~~~~~~~~~~~~~
#10 4.109 /src/tests/test_sampler_cpu.c:8:6: warning: no previous prototype for 'test_cpu_read_self' [-Wmissing-prototypes]
#10 4.109     8 | void test_cpu_read_self(void)
#10 4.109       |      ^~~~~~~~~~~~~~~~~~
#10 4.110 /src/tests/test_sampler_cpu.c:17:6: warning: no previous prototype for 'test_cpu_percent_negative_on_first' [-Wmissing-prototypes]
#10 4.110    17 | void test_cpu_percent_negative_on_first(void)
#10 4.110       |      ^~~~~~~~~~~~~~~~~~~~~~~~~~~~~~~~~~
#10 4.111 /src/tests/test_sampler_cpu.c:23:6: warning: no previous prototype for 'test_cpu_percent_range' [-Wmissing-prototypes]
#10 4.111    23 | void test_cpu_percent_range(void)
#10 4.111       |      ^~~~~~~~~~~~~~~~~~~~~~
#10 4.114 /src/tests/test_sampler_cpu.c: In function 'test_cpu_percent_range':
#10 4.116 /src/tests/test_sampler_cpu.c:31:5: warning: implicit declaration of function 'nanosleep' [-Wimplicit-function-declaration]
#10 4.116    31 |     nanosleep(&ts, NULL);
#10 4.116       |     ^~~~~~~~~
#10 4.165 /src/tests/test_ring_buffer.c:25:6: warning: no previous prototype for 'test_ring_empty_drain' [-Wmissing-prototypes]
#10 4.165    25 | void test_ring_empty_drain(void)
#10 4.165       |      ^~~~~~~~~~~~~~~~~~~~~
#10 4.166 /src/tests/test_ring_buffer.c:35:6: warning: no previous prototype for 'test_ring_overflow_keeps_newest' [-Wmissing-prototypes]
#10 4.166    35 | void test_ring_overflow_keeps_newest(void)
#10 4.166       |      ^~~~~~~~~~~~~~~~~~~~~~~~~~~~~~~
#10 4.181 [ 75%] Linking C executable cpu_stress
#10 4.227 /src/tests/test_profiler.c:13:6: warning: no previous prototype for 'test_probe_begin_end' [-Wmissing-prototypes]
#10 4.227    13 | void test_probe_begin_end(void)
#10 4.227       |      ^~~~~~~~~~~~~~~~~~~~
#10 4.229 /src/tests/test_profiler.c: In function 'test_probe_begin_end':
#10 4.229 /src/tests/test_profiler.c:22:13: warning: implicit declaration of function 'nanosleep' [-Wimplicit-function-declaration]
#10 4.229    22 |             nanosleep(&ts, NULL);
#10 4.229       |             ^~~~~~~~~
#10 4.242 /src/tests/test_profiler.c: At top level:
#10 4.250 /src/tests/test_profiler.c:41:6: warning: no previous prototype for 'test_probe_reset' [-Wmissing-prototypes]
#10 4.250    41 | void test_probe_reset(void)
#10 4.250       |      ^~~~~~~~~~~~~~~~
#10 4.251 /src/tests/test_profiler.c:61:6: warning: no previous prototype for 'test_probe_percentiles' [-Wmissing-prototypes]
#10 4.251    61 | void test_probe_percentiles(void)
#10 4.251       |      ^~~~~~~~~~~~~~~~~~~~~~
#10 4.265 /src/tests/test_profiler.c: In function 'test_probe_percentiles':
#10 4.274 /src/tests/test_profiler.c:76:33: warning: implicit declaration of function 'malloc' [-Wimplicit-function-declaration]
#10 4.274    76 |     perf_probe_stats_t *stats = malloc(n * sizeof(*stats));
#10 4.274       |                                 ^~~~~~
#10 4.275 /src/tests/test_profiler.c:7:1: note: include '<stdlib.h>' or provide a declaration of 'malloc'
#10 4.275     6 | #include <string.h>
#10 4.275   +++ |+#include <stdlib.h>
#10 4.275     7 | 
#10 4.277 /src/tests/test_profiler.c:76:33: warning: incompatible implicit declaration of built-in function 'malloc' [-Wbuiltin-declaration-mismatch]
#10 4.277    76 |     perf_probe_stats_t *stats = malloc(n * sizeof(*stats));
#10 4.277       |                                 ^~~~~~
#10 4.278 /src/tests/test_profiler.c:76:33: note: include '<stdlib.h>' or provide a declaration of 'malloc'
#10 4.281 /src/tests/test_profiler.c:83:5: warning: implicit declaration of function 'free' [-Wimplicit-function-declaration]
#10 4.281    83 |     free(stats);
#10 4.281       |     ^~~~
#10 4.283 /src/tests/test_profiler.c:83:5: note: include '<stdlib.h>' or provide a declaration of 'free'
#10 4.285 /src/tests/test_profiler.c:83:5: warning: incompatible implicit declaration of built-in function 'free' [-Wbuiltin-declaration-mismatch]
#10 4.286 /src/tests/test_profiler.c:83:5: note: include '<stdlib.h>' or provide a declaration of 'free'
#10 4.408 [ 77%] Linking C executable test_sampler_mem
#10 4.459 [ 79%] Linking C executable cpu_stress_nosampler
#10 4.459 [ 81%] Linking C executable mem_stress
#10 4.459 [ 84%] Linking C executable test_exporter
#10 4.487 [ 86%] Linking C executable io_stress_nosampler
#10 4.498 [ 88%] Linking C executable test_sampler_cpu
#10 4.544 [ 90%] Linking C executable io_stress
#10 4.691 [ 93%] Linking C executable test_ring_buffer
#10 4.707 [ 95%] Linking C executable perfctl
#10 4.738 [ 97%] Linking C executable perfanalyzer_server
#10 4.823 [100%] Linking C executable test_profiler
#10 5.178 [100%] Built target container_monitor
#10 6.222 [100%] Built target io_stress_nosampler
#10 6.294 [100%] Built target test_sampler_io
#10 6.321 [100%] Built target test_sampler_cpu
#10 6.473 [100%] Built target perfctl
#10 6.599 [100%] Built target test_sampler_mem
#10 6.605 [100%] Built target test_exporter
#10 6.642 [100%] Built target test_ring_buffer
#10 6.660 [100%] Built target mem_stress_nosampler
#10 6.881 [100%] Built target test_profiler
#10 6.968 [100%] Built target cpu_stress
#10 7.059 [100%] Built target io_stress
#10 7.099 [100%] Built target cpu_stress_nosampler
#10 7.112 [100%] Built target mem_stress
#10 7.525 [100%] Built target perfanalyzer_server
#10 DONE 7.8s

#11 [runtime 7/9] COPY --from=builder /src/build/src/workloads/cpu_stress         ./cpu_stress
#11 CACHED

#12 [runtime 8/9] COPY --from=builder /src/build/src/workloads/mem_stress         ./mem_stress
#12 CACHED

#13 [runtime 2/9] RUN apt-get update && apt-get install -y --no-install-recommends     wget     && rm -rf /var/lib/apt/lists/*
#13 CACHED

#14 [runtime 3/9] WORKDIR /app
#14 CACHED

#15 [runtime 4/9] COPY --from=builder /src/build/src/server/perfanalyzer_server   ./perfanalyzer_server
#15 CACHED

#16 [runtime 5/9] COPY --from=builder /src/build/src/cli/perfctl                  ./perfctl
#16 CACHED

#17 [runtime 6/9] COPY --from=builder /src/build/src/tools/container_monitor      ./container_monitor
#17 CACHED

#18 [runtime 9/9] COPY --from=builder /src/build/src/workloads/io_stress          ./io_stress
#18 CACHED

#19 exporting to image
#19 exporting layers 0.0s done
#19 exporting manifest sha256:902f01a4ea3a666cffa524fe10a9497e83b7eee85acc5aab5baf4130d84d8a22 done
#19 exporting config sha256:7f00aea0b4c61ce74bfef873a63debe28fbf469f2109e758273a42769b7821f6 0.0s done
#19 exporting attestation manifest sha256:7f3a9b86f854ab1b81725adc80fc95703d3906d4c5f6bb85b7dcbec2aaab58ef
#19 exporting attestation manifest sha256:7f3a9b86f854ab1b81725adc80fc95703d3906d4c5f6bb85b7dcbec2aaab58ef 0.1s done
#19 exporting manifest list sha256:df1caae8ab830cd06ce562e77ee17499de30a1e5afeee9c2ffff21d19f2ef3a1
#19 exporting manifest list sha256:df1caae8ab830cd06ce562e77ee17499de30a1e5afeee9c2ffff21d19f2ef3a1 0.1s done
#19 naming to docker.io/library/docker-baseline:latest 0.0s done
#19 unpacking to docker.io/library/docker-baseline:latest 0.0s done
#19 DONE 0.6s

#20 resolving provenance for metadata file
#20 DONE 0.1s
#1 [internal] load local bake definitions
#1 reading from stdin 561B done
#1 DONE 0.0s

#2 [internal] load build definition from Dockerfile.app
#2 transferring dockerfile: 1.81kB 0.0s done
#2 DONE 0.1s

#3 [internal] load metadata for docker.io/library/debian:bookworm-slim
#3 DONE 0.3s

#4 [internal] load .dockerignore
#4 transferring context: 68B 0.0s done
#4 DONE 0.1s

#5 [internal] load build context
#5 DONE 0.0s

#6 [builder 1/5] FROM docker.io/library/debian:bookworm-slim@sha256:0104b334637a5f19aa9c983a91b54c89887c0984081f2068983107a6f6c21eeb
#6 resolve docker.io/library/debian:bookworm-slim@sha256:0104b334637a5f19aa9c983a91b54c89887c0984081f2068983107a6f6c21eeb
#6 resolve docker.io/library/debian:bookworm-slim@sha256:0104b334637a5f19aa9c983a91b54c89887c0984081f2068983107a6f6c21eeb 0.2s done
#6 DONE 0.2s

#5 [internal] load build context
#5 transferring context: 351.62kB 0.1s done
#5 DONE 0.1s

#7 [builder 2/5] RUN apt-get update && apt-get install -y     build-essential     cmake     && rm -rf /var/lib/apt/lists/*
#7 CACHED

#8 [builder 3/5] WORKDIR /src
#8 CACHED

#9 [builder 4/5] COPY . .
#9 DONE 0.4s

#10 [builder 5/5] RUN cmake -B build -DCMAKE_BUILD_TYPE=Release . &&     cmake --build build --parallel
#10 1.187 -- The C compiler identification is GNU 12.2.0
#10 1.235 -- Detecting C compiler ABI info
#10 1.561 -- Detecting C compiler ABI info - done
#10 1.574 -- Check for working C compiler: /usr/bin/cc - skipped
#10 1.575 -- Detecting C compile features
#10 1.575 -- Detecting C compile features - done
#10 1.585 -- Configuring done
#10 1.674 -- Generating done
#10 1.690 -- Build files have been written to: /src/build
#10 1.961 [  2%] Building C object src/core/CMakeFiles/perfanalyzer_core.dir/ring_buffer.c.o
#10 1.961 [  4%] Building C object src/core/CMakeFiles/perfanalyzer_core.dir/sampler_cpu.c.o
#10 1.961 [  6%] Building C object src/core/CMakeFiles/perfanalyzer_core.dir/perf.c.o
#10 1.969 [  9%] Building C object src/core/CMakeFiles/perfanalyzer_core.dir/sampler_io.c.o
#10 1.969 [ 11%] Building C object src/core/CMakeFiles/perfanalyzer_core.dir/sampler_cgroup.c.o
#10 1.975 [ 15%] Building C object src/core/CMakeFiles/perfanalyzer_core.dir/profiler.c.o
#10 1.981 [ 13%] Building C object src/tools/CMakeFiles/container_monitor.dir/container_monitor.c.o
#10 1.994 [ 18%] Building C object src/core/CMakeFiles/perfanalyzer_core.dir/sampler_mem.c.o
#10 2.004 [ 20%] Building C object tests/CMakeFiles/unity.dir/unity/unity.c.o
#10 2.018 [ 22%] Building C object src/core/CMakeFiles/perfanalyzer_core.dir/exporter_json.c.o
#10 2.388 [ 25%] Linking C executable container_monitor
#10 2.503 [ 27%] Linking C static library libperfanalyzer_core.a
#10 2.551 [ 29%] Linking C static library libunity.a
#10 2.696 [ 29%] Built target perfanalyzer_core
#10 2.708 [ 29%] Built target unity
#10 2.878 [ 31%] Building C object src/cli/CMakeFiles/perfctl.dir/perfctl.c.o
#10 2.951 [ 34%] Building C object tests/CMakeFiles/test_sampler_io.dir/test_sampler_io.c.o
#10 2.957 [ 36%] Building C object src/workloads/CMakeFiles/cpu_stress_nosampler.dir/cpu_stress.c.o
#10 2.969 [ 38%] Building C object src/server/CMakeFiles/perfanalyzer_server.dir/dashboard.c.o
#10 2.980 [ 43%] Building C object src/workloads/CMakeFiles/io_stress.dir/io_stress.c.o
#10 2.984 [ 40%] Building C object src/server/CMakeFiles/perfanalyzer_server.dir/routes.c.o
#10 3.005 [ 47%] Building C object src/workloads/CMakeFiles/mem_stress_nosampler.dir/mem_stress.c.o
#10 3.006 [ 50%] Building C object src/server/CMakeFiles/perfanalyzer_server.dir/http.c.o
#10 3.013 [ 50%] Building C object tests/CMakeFiles/test_sampler_mem.dir/test_sampler_mem.c.o
#10 3.028 [ 52%] Building C object src/workloads/CMakeFiles/mem_stress.dir/mem_stress.c.o
#10 3.051 [ 54%] Building C object tests/CMakeFiles/test_profiler.dir/test_profiler.c.o
#10 3.136 [ 56%] Building C object tests/CMakeFiles/test_ring_buffer.dir/test_ring_buffer.c.o
#10 3.139 [ 59%] Building C object src/server/CMakeFiles/perfanalyzer_server.dir/main.c.o
#10 3.163 [ 61%] Building C object src/workloads/CMakeFiles/io_stress_nosampler.dir/io_stress.c.o
#10 3.169 [ 65%] Building C object tests/CMakeFiles/test_sampler_cpu.dir/test_sampler_cpu.c.o
#10 3.173 [ 65%] Building C object tests/CMakeFiles/test_exporter.dir/test_exporter.c.o
#10 3.178 [ 68%] Building C object src/workloads/CMakeFiles/cpu_stress.dir/cpu_stress.c.o
#10 3.202 /src/src/server/dashboard.c:255:1: warning: string length '9524' is greater than the length '4095' ISO C99 compilers are required to support [-Woverlength-strings]
#10 3.202   255 | "</html>\n";
#10 3.202       | ^~~~~~~~~~~
#10 3.359 /src/tests/test_sampler_cpu.c:8:6: warning: no previous prototype for 'test_cpu_read_self' [-Wmissing-prototypes]
#10 3.359     8 | void test_cpu_read_self(void)
#10 3.359       |      ^~~~~~~~~~~~~~~~~~
#10 3.369 /src/tests/test_sampler_io.c:8:6: warning: no previous prototype for 'test_io_read_ok' [-Wmissing-prototypes]
#10 3.369     8 | void test_io_read_ok(void)
#10 3.369       |      ^~~~~~~~~~~~~~~
#10 3.379 /src/tests/test_sampler_io.c:17:6: warning: no previous prototype for 'test_io_bad_path' [-Wmissing-prototypes]
#10 3.379    17 | void test_io_bad_path(void)
#10 3.379       |      ^~~~~~~~~~~~~~~~
#10 3.379 /src/tests/test_profiler.c:13:6: warning: no previous prototype for 'test_probe_begin_end' [-Wmissing-prototypes]
#10 3.379    13 | void test_probe_begin_end(void)
#10 3.379       |      ^~~~~~~~~~~~~~~~~~~~
#10 3.386 /src/tests/test_profiler.c: In function 'test_probe_begin_end':
#10 3.386 /src/tests/test_profiler.c:22:13: warning: implicit declaration of function 'nanosleep' [-Wimplicit-function-declaration]
#10 3.386    22 |             nanosleep(&ts, NULL);
#10 3.386       |             ^~~~~~~~~
#10 3.386 /src/tests/test_profiler.c: At top level:
#10 3.386 /src/tests/test_sampler_cpu.c:17:6: warning: no previous prototype for 'test_cpu_percent_negative_on_first' [-Wmissing-prototypes]
#10 3.386    17 | void test_cpu_percent_negative_on_first(void)
#10 3.386       |      ^~~~~~~~~~~~~~~~~~~~~~~~~~~~~~~~~~
#10 3.386 /src/tests/test_sampler_cpu.c:23:6: warning: no previous prototype for 'test_cpu_percent_range' [-Wmissing-prototypes]
#10 3.386    23 | void test_cpu_percent_range(void)
#10 3.386       |      ^~~~~~~~~~~~~~~~~~~~~~
#10 3.386 /src/tests/test_profiler.c:41:6: warning: no previous prototype for 'test_probe_reset' [-Wmissing-prototypes]
#10 3.386    41 | void test_probe_reset(void)
#10 3.386       |      ^~~~~~~~~~~~~~~~
#10 3.386 /src/tests/test_profiler.c:61:6: warning: no previous prototype for 'test_probe_percentiles' [-Wmissing-prototypes]
#10 3.386    61 | void test_probe_percentiles(void)
#10 3.386       |      ^~~~~~~~~~~~~~~~~~~~~~
#10 3.393 /src/tests/test_sampler_cpu.c: In function 'test_cpu_percent_range':
#10 3.393 /src/tests/test_sampler_cpu.c:31:5: warning: implicit declaration of function 'nanosleep' [-Wimplicit-function-declaration]
#10 3.393    31 |     nanosleep(&ts, NULL);
#10 3.393       |     ^~~~~~~~~
#10 3.406 /src/tests/test_profiler.c: In function 'test_probe_percentiles':
#10 3.406 /src/tests/test_profiler.c:76:33: warning: implicit declaration of function 'malloc' [-Wimplicit-function-declaration]
#10 3.406    76 |     perf_probe_stats_t *stats = malloc(n * sizeof(*stats));
#10 3.406       |                                 ^~~~~~
#10 3.409 /src/tests/test_profiler.c:7:1: note: include '<stdlib.h>' or provide a declaration of 'malloc'
#10 3.409     6 | #include <string.h>
#10 3.409   +++ |+#include <stdlib.h>
#10 3.409     7 | 
#10 3.412 /src/tests/test_profiler.c:76:33: warning: incompatible implicit declaration of built-in function 'malloc' [-Wbuiltin-declaration-mismatch]
#10 3.412    76 |     perf_probe_stats_t *stats = malloc(n * sizeof(*stats));
#10 3.412       |                                 ^~~~~~
#10 3.412 /src/tests/test_profiler.c:76:33: note: include '<stdlib.h>' or provide a declaration of 'malloc'
#10 3.412 /src/tests/test_profiler.c:83:5: warning: implicit declaration of function 'free' [-Wimplicit-function-declaration]
#10 3.412    83 |     free(stats);
#10 3.412       |     ^~~~
#10 3.412 /src/tests/test_profiler.c:83:5: note: include '<stdlib.h>' or provide a declaration of 'free'
#10 3.412 /src/tests/test_profiler.c:83:5: warning: incompatible implicit declaration of built-in function 'free' [-Wbuiltin-declaration-mismatch]
#10 3.412 /src/tests/test_profiler.c:83:5: note: include '<stdlib.h>' or provide a declaration of 'free'
#10 3.497 /src/tests/test_ring_buffer.c:8:6: warning: no previous prototype for 'test_ring_push_drain' [-Wmissing-prototypes]
#10 3.497     8 | void test_ring_push_drain(void)
#10 3.497       |      ^~~~~~~~~~~~~~~~~~~~
#10 3.499 /src/tests/test_ring_buffer.c:25:6: warning: no previous prototype for 'test_ring_empty_drain' [-Wmissing-prototypes]
#10 3.499    25 | void test_ring_empty_drain(void)
#10 3.499       |      ^~~~~~~~~~~~~~~~~~~~~
#10 3.501 /src/tests/test_ring_buffer.c:35:6: warning: no previous prototype for 'test_ring_overflow_keeps_newest' [-Wmissing-prototypes]
#10 3.501    35 | void test_ring_overflow_keeps_newest(void)
#10 3.501       |      ^~~~~~~~~~~~~~~~~~~~~~~~~~~~~~~
#10 3.530 /src/tests/test_sampler_mem.c:8:6: warning: no previous prototype for 'test_mem_read_nonzero' [-Wmissing-prototypes]
#10 3.530     8 | void test_mem_read_nonzero(void)
#10 3.530       |      ^~~~~~~~~~~~~~~~~~~~~
#10 3.557 /src/tests/test_sampler_mem.c:17:6: warning: no previous prototype for 'test_mem_peak_ge_rss' [-Wmissing-prototypes]
#10 3.557    17 | void test_mem_peak_ge_rss(void)
#10 3.557       |      ^~~~~~~~~~~~~~~~~~~~
#10 3.557 /src/tests/test_sampler_mem.c:25:6: warning: no previous prototype for 'test_mem_bad_path' [-Wmissing-prototypes]
#10 3.557    25 | void test_mem_bad_path(void)
#10 3.557       |      ^~~~~~~~~~~~~~~~~
#10 3.614 [ 70%] Linking C executable mem_stress_nosampler
#10 3.614 [ 72%] Linking C executable perfctl
#10 3.679 [ 75%] Linking C executable test_profiler
#10 3.720 [ 77%] Linking C executable test_sampler_cpu
#10 3.732 /src/tests/test_exporter.c:8:6: warning: no previous prototype for 'test_sample_to_json_contains_keys' [-Wmissing-prototypes]
#10 3.732     8 | void test_sample_to_json_contains_keys(void)
#10 3.732       |      ^~~~~~~~~~~~~~~~~~~~~~~~~~~~~~~~~
#10 3.732 /src/tests/test_exporter.c:24:6: warning: no previous prototype for 'test_sample_to_json_buffer_too_small' [-Wmissing-prototypes]
#10 3.732    24 | void test_sample_to_json_buffer_too_small(void)
#10 3.732       |      ^~~~~~~~~~~~~~~~~~~~~~~~~~~~~~~~~~~~
#10 3.741 /src/tests/test_exporter.c:33:6: warning: no previous prototype for 'test_series_to_json_empty' [-Wmissing-prototypes]
#10 3.741    33 | void test_series_to_json_empty(void)
#10 3.741       |      ^~~~~~~~~~~~~~~~~~~~~~~~~
#10 3.760 [ 79%] Linking C executable io_stress
#10 3.791 [ 81%] Linking C executable test_ring_buffer
#10 3.813 [ 84%] Linking C executable test_sampler_io
#10 3.982 [ 86%] Linking C executable cpu_stress
#10 3.993 [ 88%] Linking C executable mem_stress
#10 4.041 [ 90%] Linking C executable cpu_stress_nosampler
#10 4.087 [ 93%] Linking C executable test_sampler_mem
#10 4.125 [ 95%] Linking C executable test_exporter
#10 4.149 [ 97%] Linking C executable perfanalyzer_server
#10 4.162 [100%] Linking C executable io_stress_nosampler
#10 4.210 [100%] Built target container_monitor
#10 5.336 [100%] Built target test_sampler_io
#10 5.454 [100%] Built target mem_stress_nosampler
#10 5.504 [100%] Built target test_ring_buffer
#10 5.534 [100%] Built target test_sampler_mem
#10 5.570 [100%] Built target test_sampler_cpu
#10 5.811 [100%] Built target perfctl
#10 5.887 [100%] Built target test_exporter
#10 5.930 [100%] Built target io_stress_nosampler
#10 5.961 [100%] Built target mem_stress
#10 6.056 [100%] Built target io_stress
#10 6.067 [100%] Built target cpu_stress_nosampler
#10 6.266 [100%] Built target test_profiler
#10 6.411 [100%] Built target cpu_stress
#10 6.644 [100%] Built target perfanalyzer_server
#10 DONE 7.0s

#11 [runtime 7/9] COPY --from=builder /src/build/src/workloads/cpu_stress         ./cpu_stress
#11 CACHED

#12 [runtime 8/9] COPY --from=builder /src/build/src/workloads/mem_stress         ./mem_stress
#12 CACHED

#13 [runtime 2/9] RUN apt-get update && apt-get install -y --no-install-recommends     wget     && rm -rf /var/lib/apt/lists/*
#13 CACHED

#14 [runtime 3/9] WORKDIR /app
#14 CACHED

#15 [runtime 4/9] COPY --from=builder /src/build/src/server/perfanalyzer_server   ./perfanalyzer_server
#15 CACHED

#16 [runtime 5/9] COPY --from=builder /src/build/src/cli/perfctl                  ./perfctl
#16 CACHED

#17 [runtime 6/9] COPY --from=builder /src/build/src/tools/container_monitor      ./container_monitor
#17 CACHED

#18 [runtime 9/9] COPY --from=builder /src/build/src/workloads/io_stress          ./io_stress
#18 CACHED

#19 exporting to image
#19 exporting layers 0.0s done
#19 exporting manifest sha256:902f01a4ea3a666cffa524fe10a9497e83b7eee85acc5aab5baf4130d84d8a22 0.0s done
#19 exporting config sha256:7f00aea0b4c61ce74bfef873a63debe28fbf469f2109e758273a42769b7821f6 0.0s done
#19 exporting attestation manifest sha256:a35b5f7444c5823552a29f0eedcad738260a6c9581602fe2f3baabc0a4203766
#19 exporting attestation manifest sha256:a35b5f7444c5823552a29f0eedcad738260a6c9581602fe2f3baabc0a4203766 0.2s done
#19 exporting manifest list sha256:4ae7943b285ec5d19a0616af19288ea564be9a0ba66c66f0982560bea7513633
#19 exporting manifest list sha256:4ae7943b285ec5d19a0616af19288ea564be9a0ba66c66f0982560bea7513633 0.1s done
#19 naming to docker.io/library/docker-baseline:latest
#19 naming to docker.io/library/docker-baseline:latest 0.0s done
#19 unpacking to docker.io/library/docker-baseline:latest 0.1s done
#19 DONE 0.7s

#20 resolving provenance for metadata file
#20 DONE 0.1s
..............................
[0;32m[EXP][0m ─── DOCKER:cpu-limit | io_stress | intensidad=1 ───
#1 [internal] load local bake definitions
#1 reading from stdin 565B done
#1 DONE 0.0s

#2 [internal] load build definition from Dockerfile.app
#2 transferring dockerfile: 1.81kB done
#2 DONE 0.0s

#3 [internal] load metadata for docker.io/library/debian:bookworm-slim
#3 DONE 0.8s

#4 [internal] load .dockerignore
#4 transferring context: 68B done
#4 DONE 0.1s

#5 [internal] load build context
#5 DONE 0.0s

#6 [builder 1/5] FROM docker.io/library/debian:bookworm-slim@sha256:0104b334637a5f19aa9c983a91b54c89887c0984081f2068983107a6f6c21eeb
#6 resolve docker.io/library/debian:bookworm-slim@sha256:0104b334637a5f19aa9c983a91b54c89887c0984081f2068983107a6f6c21eeb 0.1s done
#6 DONE 0.1s

#5 [internal] load build context
#5 transferring context: 405.41kB 0.1s done
#5 DONE 0.1s

#7 [builder 2/5] RUN apt-get update && apt-get install -y     build-essential     cmake     && rm -rf /var/lib/apt/lists/*
#7 CACHED

#8 [builder 3/5] WORKDIR /src
#8 CACHED

#9 [builder 4/5] COPY . .
#9 DONE 0.4s

#10 [builder 5/5] RUN cmake -B build -DCMAKE_BUILD_TYPE=Release . &&     cmake --build build --parallel
#10 1.002 -- The C compiler identification is GNU 12.2.0
#10 1.048 -- Detecting C compiler ABI info
#10 1.293 -- Detecting C compiler ABI info - done
#10 1.306 -- Check for working C compiler: /usr/bin/cc - skipped
#10 1.307 -- Detecting C compile features
#10 1.309 -- Detecting C compile features - done
#10 1.318 -- Configuring done
#10 1.397 -- Generating done
#10 1.412 -- Build files have been written to: /src/build
#10 1.625 [  2%] Building C object src/core/CMakeFiles/perfanalyzer_core.dir/perf.c.o
#10 1.639 [  4%] Building C object src/core/CMakeFiles/perfanalyzer_core.dir/sampler_cpu.c.o
#10 1.639 [  6%] Building C object src/core/CMakeFiles/perfanalyzer_core.dir/sampler_io.c.o
#10 1.657 [  9%] Building C object src/core/CMakeFiles/perfanalyzer_core.dir/profiler.c.o
#10 1.675 [ 11%] Building C object src/core/CMakeFiles/perfanalyzer_core.dir/ring_buffer.c.o
#10 1.691 [ 13%] Building C object src/core/CMakeFiles/perfanalyzer_core.dir/sampler_cgroup.c.o
#10 1.712 [ 15%] Building C object src/tools/CMakeFiles/container_monitor.dir/container_monitor.c.o
#10 1.712 [ 18%] Building C object src/core/CMakeFiles/perfanalyzer_core.dir/sampler_mem.c.o
#10 1.744 [ 20%] Building C object tests/CMakeFiles/unity.dir/unity/unity.c.o
#10 1.759 [ 22%] Building C object src/core/CMakeFiles/perfanalyzer_core.dir/exporter_json.c.o
#10 2.242 [ 25%] Linking C static library libunity.a
#10 2.277 [ 27%] Linking C static library libperfanalyzer_core.a
#10 2.367 [ 29%] Linking C executable container_monitor
#10 2.388 [ 29%] Built target unity
#10 2.437 [ 29%] Built target perfanalyzer_core
#10 2.674 [ 31%] Building C object src/server/CMakeFiles/perfanalyzer_server.dir/dashboard.c.o
#10 2.677 [ 34%] Building C object src/workloads/CMakeFiles/cpu_stress_nosampler.dir/cpu_stress.c.o
#10 2.687 [ 36%] Building C object src/cli/CMakeFiles/perfctl.dir/perfctl.c.o
#10 2.693 [ 38%] Building C object src/workloads/CMakeFiles/mem_stress_nosampler.dir/mem_stress.c.o
#10 2.744 [ 40%] Building C object src/server/CMakeFiles/perfanalyzer_server.dir/main.c.o
#10 2.756 [ 45%] Building C object src/server/CMakeFiles/perfanalyzer_server.dir/http.c.o
#10 2.759 [ 43%] Building C object src/server/CMakeFiles/perfanalyzer_server.dir/routes.c.o
#10 2.802 [ 47%] Building C object tests/CMakeFiles/test_profiler.dir/test_profiler.c.o
#10 2.830 [ 50%] Building C object tests/CMakeFiles/test_ring_buffer.dir/test_ring_buffer.c.o
#10 2.830 [ 52%] Building C object src/workloads/CMakeFiles/io_stress_nosampler.dir/io_stress.c.o
#10 2.840 [ 54%] Building C object src/workloads/CMakeFiles/cpu_stress.dir/cpu_stress.c.o
#10 2.855 [ 56%] Building C object src/workloads/CMakeFiles/mem_stress.dir/mem_stress.c.o
#10 2.875 [ 59%] Building C object tests/CMakeFiles/test_sampler_cpu.dir/test_sampler_cpu.c.o
#10 2.885 [ 61%] Building C object src/workloads/CMakeFiles/io_stress.dir/io_stress.c.o
#10 2.951 [ 63%] Building C object tests/CMakeFiles/test_sampler_mem.dir/test_sampler_mem.c.o
#10 3.014 [ 65%] Building C object tests/CMakeFiles/test_sampler_io.dir/test_sampler_io.c.o
#10 3.016 /src/src/server/dashboard.c:255:1: warning: string length '9524' is greater than the length '4095' ISO C99 compilers are required to support [-Woverlength-strings]
#10 3.016   255 | "</html>\n";
#10 3.016       | ^~~~~~~~~~~
#10 3.029 [ 68%] Building C object tests/CMakeFiles/test_exporter.dir/test_exporter.c.o
#10 3.117 [ 70%] Linking C executable perfctl
#10 3.219 /src/tests/test_sampler_cpu.c:8:6: warning: no previous prototype for 'test_cpu_read_self' [-Wmissing-prototypes]
#10 3.219     8 | void test_cpu_read_self(void)
#10 3.219       |      ^~~~~~~~~~~~~~~~~~
#10 3.226 /src/tests/test_ring_buffer.c:8:6: warning: no previous prototype for 'test_ring_push_drain' [-Wmissing-prototypes]
#10 3.226     8 | void test_ring_push_drain(void)
#10 3.226       |      ^~~~~~~~~~~~~~~~~~~~
#10 3.226 /src/tests/test_ring_buffer.c:25:6: warning: no previous prototype for 'test_ring_empty_drain' [-Wmissing-prototypes]
#10 3.226    25 | void test_ring_empty_drain(void)
#10 3.226       |      ^~~~~~~~~~~~~~~~~~~~~
#10 3.226 /src/tests/test_ring_buffer.c:35:6: warning: no previous prototype for 'test_ring_overflow_keeps_newest' [-Wmissing-prototypes]
#10 3.226    35 | void test_ring_overflow_keeps_newest(void)
#10 3.226       |      ^~~~~~~~~~~~~~~~~~~~~~~~~~~~~~~
#10 3.240 /src/tests/test_profiler.c:13:6: warning: no previous prototype for 'test_probe_begin_end' [-Wmissing-prototypes]
#10 3.240    13 | void test_probe_begin_end(void)
#10 3.240       |      ^~~~~~~~~~~~~~~~~~~~
#10 3.245 /src/tests/test_profiler.c: In function 'test_probe_begin_end':
#10 3.245 /src/tests/test_profiler.c:22:13: warning: implicit declaration of function 'nanosleep' [-Wimplicit-function-declaration]
#10 3.245    22 |             nanosleep(&ts, NULL);
#10 3.245       |             ^~~~~~~~~
#10 3.245 /src/tests/test_profiler.c: At top level:
#10 3.245 /src/tests/test_profiler.c:41:6: warning: no previous prototype for 'test_probe_reset' [-Wmissing-prototypes]
#10 3.245    41 | void test_probe_reset(void)
#10 3.245       |      ^~~~~~~~~~~~~~~~
#10 3.245 /src/tests/test_profiler.c:61:6: warning: no previous prototype for 'test_probe_percentiles' [-Wmissing-prototypes]
#10 3.245    61 | void test_probe_percentiles(void)
#10 3.245       |      ^~~~~~~~~~~~~~~~~~~~~~
#10 3.245 /src/tests/test_profiler.c: In function 'test_probe_percentiles':
#10 3.246 /src/tests/test_profiler.c:76:33: warning: implicit declaration of function 'malloc' [-Wimplicit-function-declaration]
#10 3.246    76 |     perf_probe_stats_t *stats = malloc(n * sizeof(*stats));
#10 3.246       |                                 ^~~~~~
#10 3.246 /src/tests/test_profiler.c:7:1: note: include '<stdlib.h>' or provide a declaration of 'malloc'
#10 3.246     6 | #include <string.h>
#10 3.246   +++ |+#include <stdlib.h>
#10 3.246     7 | 
#10 3.246 /src/tests/test_profiler.c:76:33: warning: incompatible implicit declaration of built-in function 'malloc' [-Wbuiltin-declaration-mismatch]
#10 3.246    76 |     perf_probe_stats_t *stats = malloc(n * sizeof(*stats));
#10 3.246       |                                 ^~~~~~
#10 3.246 /src/tests/test_profiler.c:76:33: note: include '<stdlib.h>' or provide a declaration of 'malloc'
#10 3.247 /src/tests/test_profiler.c:83:5: warning: implicit declaration of function 'free' [-Wimplicit-function-declaration]
#10 3.247    83 |     free(stats);
#10 3.247       |     ^~~~
#10 3.247 /src/tests/test_sampler_cpu.c:17:6: warning: no previous prototype for 'test_cpu_percent_negative_on_first' [-Wmissing-prototypes]
#10 3.247    17 | void test_cpu_percent_negative_on_first(void)
#10 3.247       |      ^~~~~~~~~~~~~~~~~~~~~~~~~~~~~~~~~~
#10 3.247 /src/tests/test_sampler_cpu.c:23:6: warning: no previous prototype for 'test_cpu_percent_range' [-Wmissing-prototypes]
#10 3.247    23 | void test_cpu_percent_range(void)
#10 3.247       |      ^~~~~~~~~~~~~~~~~~~~~~
#10 3.247 /src/tests/test_profiler.c:83:5: note: include '<stdlib.h>' or provide a declaration of 'free'
#10 3.247 /src/tests/test_profiler.c:83:5: warning: incompatible implicit declaration of built-in function 'free' [-Wbuiltin-declaration-mismatch]
#10 3.247 /src/tests/test_profiler.c:83:5: note: include '<stdlib.h>' or provide a declaration of 'free'
#10 3.249 /src/tests/test_sampler_cpu.c: In function 'test_cpu_percent_range':
#10 3.250 /src/tests/test_sampler_cpu.c:31:5: warning: implicit declaration of function 'nanosleep' [-Wimplicit-function-declaration]
#10 3.250    31 |     nanosleep(&ts, NULL);
#10 3.250       |     ^~~~~~~~~
#10 3.283 [ 72%] Linking C executable mem_stress_nosampler
#10 3.307 /src/tests/test_exporter.c:8:6: warning: no previous prototype for 'test_sample_to_json_contains_keys' [-Wmissing-prototypes]
#10 3.307     8 | void test_sample_to_json_contains_keys(void)
#10 3.307       |      ^~~~~~~~~~~~~~~~~~~~~~~~~~~~~~~~~
#10 3.345 /src/tests/test_sampler_mem.c:8:6: warning: no previous prototype for 'test_mem_read_nonzero' [-Wmissing-prototypes]
#10 3.345     8 | void test_mem_read_nonzero(void)
#10 3.345       |      ^~~~~~~~~~~~~~~~~~~~~
#10 3.383 [ 75%] Linking C executable test_ring_buffer
#10 3.383 [ 77%] Linking C executable mem_stress
#10 3.383 /src/tests/test_sampler_io.c:8:6: warning: no previous prototype for 'test_io_read_ok' [-Wmissing-prototypes]
#10 3.383     8 | void test_io_read_ok(void)
#10 3.383       |      ^~~~~~~~~~~~~~~
#10 3.383 /src/tests/test_exporter.c:24:6: warning: no previous prototype for 'test_sample_to_json_buffer_too_small' [-Wmissing-prototypes]
#10 3.383    24 | void test_sample_to_json_buffer_too_small(void)
#10 3.383       |      ^~~~~~~~~~~~~~~~~~~~~~~~~~~~~~~~~~~~
#10 3.383 /src/tests/test_exporter.c:33:6: warning: no previous prototype for 'test_series_to_json_empty' [-Wmissing-prototypes]
#10 3.383    33 | void test_series_to_json_empty(void)
#10 3.383       |      ^~~~~~~~~~~~~~~~~~~~~~~~~
#10 3.427 /src/tests/test_sampler_mem.c:17:6: warning: no previous prototype for 'test_mem_peak_ge_rss' [-Wmissing-prototypes]
#10 3.427    17 | void test_mem_peak_ge_rss(void)
#10 3.427       |      ^~~~~~~~~~~~~~~~~~~~
#10 3.427 /src/tests/test_sampler_mem.c:25:6: warning: no previous prototype for 'test_mem_bad_path' [-Wmissing-prototypes]
#10 3.427    25 | void test_mem_bad_path(void)
#10 3.427       |      ^~~~~~~~~~~~~~~~~
#10 3.454 [ 79%] Linking C executable test_profiler
#10 3.455 /src/tests/test_sampler_io.c:17:6: warning: no previous prototype for 'test_io_bad_path' [-Wmissing-prototypes]
#10 3.455    17 | void test_io_bad_path(void)
#10 3.455       |      ^~~~~~~~~~~~~~~~
#10 3.464 [ 81%] Linking C executable io_stress_nosampler
#10 3.510 [ 84%] Linking C executable cpu_stress_nosampler
#10 3.575 [ 86%] Linking C executable test_sampler_cpu
#10 3.616 [ 90%] Linking C executable io_stress
#10 3.616 [ 90%] Linking C executable cpu_stress
#10 3.638 [ 93%] Linking C executable test_exporter
#10 3.664 [ 95%] Linking C executable test_sampler_mem
#10 3.677 [ 97%] Linking C executable perfanalyzer_server
#10 3.713 [100%] Linking C executable test_sampler_io
#10 3.803 [100%] Built target container_monitor
#10 4.571 [100%] Built target test_ring_buffer
#10 4.651 [100%] Built target io_stress_nosampler
#10 4.716 [100%] Built target test_sampler_io
#10 4.751 [100%] Built target mem_stress_nosampler
#10 4.800 [100%] Built target test_sampler_mem
#10 4.864 [100%] Built target cpu_stress_nosampler
#10 4.922 [100%] Built target perfctl
#10 4.928 [100%] Built target test_sampler_cpu
#10 4.953 [100%] Built target test_exporter
#10 5.115 [100%] Built target io_stress
#10 5.194 [100%] Built target mem_stress
#10 5.223 [100%] Built target test_profiler
#10 5.248 [100%] Built target cpu_stress
#10 5.556 [100%] Built target perfanalyzer_server
#10 DONE 5.8s

#11 [runtime 4/9] COPY --from=builder /src/build/src/server/perfanalyzer_server   ./perfanalyzer_server
#11 CACHED

#12 [runtime 5/9] COPY --from=builder /src/build/src/cli/perfctl                  ./perfctl
#12 CACHED

#13 [runtime 6/9] COPY --from=builder /src/build/src/tools/container_monitor      ./container_monitor
#13 CACHED

#14 [runtime 7/9] COPY --from=builder /src/build/src/workloads/cpu_stress         ./cpu_stress
#14 CACHED

#15 [runtime 8/9] COPY --from=builder /src/build/src/workloads/mem_stress         ./mem_stress
#15 CACHED

#16 [runtime 2/9] RUN apt-get update && apt-get install -y --no-install-recommends     wget     && rm -rf /var/lib/apt/lists/*
#16 CACHED

#17 [runtime 3/9] WORKDIR /app
#17 CACHED

#18 [runtime 9/9] COPY --from=builder /src/build/src/workloads/io_stress          ./io_stress
#18 CACHED

#19 exporting to image
#19 exporting layers 0.0s done
#19 exporting manifest sha256:f3573c3c5a52ae41d4b61afc565f1f7998c40771df25e27385303c4b2ff3d12b 0.0s done
#19 exporting config sha256:b670cb7e8a89894e732aafbd53de9ede0f182e60d0c9d1547acad0b199695aff 0.0s done
#19 exporting attestation manifest sha256:bdd713c5a11a34a39ed37df33abac891fb588bd11b8a6fdaeecaa1a3e3954c86
#19 exporting attestation manifest sha256:bdd713c5a11a34a39ed37df33abac891fb588bd11b8a6fdaeecaa1a3e3954c86 0.2s done
#19 exporting manifest list sha256:01f788cc1d3d23de280755b04eb74bff37cc3b99a7e4a2a04b703222adb5a59f
#19 exporting manifest list sha256:01f788cc1d3d23de280755b04eb74bff37cc3b99a7e4a2a04b703222adb5a59f 0.1s done
#19 naming to docker.io/library/docker-cpu-limit:latest 0.0s done
#19 unpacking to docker.io/library/docker-cpu-limit:latest
#19 unpacking to docker.io/library/docker-cpu-limit:latest 0.0s done
#19 DONE 0.6s

#20 resolving provenance for metadata file
#20 DONE 0.2s
#1 [internal] load local bake definitions
#1 reading from stdin 565B done
#1 DONE 0.0s

#2 [internal] load build definition from Dockerfile.app
#2 transferring dockerfile: 1.81kB 0.0s done
#2 DONE 0.1s

#3 [internal] load metadata for docker.io/library/debian:bookworm-slim
#3 DONE 0.3s

#4 [internal] load .dockerignore
#4 transferring context: 68B done
#4 DONE 0.1s

#5 [internal] load build context
#5 DONE 0.0s

#6 [builder 1/5] FROM docker.io/library/debian:bookworm-slim@sha256:0104b334637a5f19aa9c983a91b54c89887c0984081f2068983107a6f6c21eeb
#6 resolve docker.io/library/debian:bookworm-slim@sha256:0104b334637a5f19aa9c983a91b54c89887c0984081f2068983107a6f6c21eeb
#6 resolve docker.io/library/debian:bookworm-slim@sha256:0104b334637a5f19aa9c983a91b54c89887c0984081f2068983107a6f6c21eeb 0.2s done
#6 DONE 0.2s

#5 [internal] load build context
#5 transferring context: 379.29kB 0.1s done
#5 DONE 0.1s

#7 [builder 2/5] RUN apt-get update && apt-get install -y     build-essential     cmake     && rm -rf /var/lib/apt/lists/*
#7 CACHED

#8 [builder 3/5] WORKDIR /src
#8 CACHED

#9 [builder 4/5] COPY . .
#9 DONE 0.5s

#10 [builder 5/5] RUN cmake -B build -DCMAKE_BUILD_TYPE=Release . &&     cmake --build build --parallel
#10 0.948 -- The C compiler identification is GNU 12.2.0
#10 0.976 -- Detecting C compiler ABI info
#10 1.250 -- Detecting C compiler ABI info - done
#10 1.268 -- Check for working C compiler: /usr/bin/cc - skipped
#10 1.271 -- Detecting C compile features
#10 1.271 -- Detecting C compile features - done
#10 1.286 -- Configuring done
#10 1.392 -- Generating done
#10 1.408 -- Build files have been written to: /src/build
#10 1.603 [  2%] Building C object src/core/CMakeFiles/perfanalyzer_core.dir/perf.c.o
#10 1.622 [  4%] Building C object src/core/CMakeFiles/perfanalyzer_core.dir/sampler_cpu.c.o
#10 1.630 [  6%] Building C object src/tools/CMakeFiles/container_monitor.dir/container_monitor.c.o
#10 1.650 [  9%] Building C object src/core/CMakeFiles/perfanalyzer_core.dir/sampler_io.c.o
#10 1.660 [ 11%] Building C object src/core/CMakeFiles/perfanalyzer_core.dir/sampler_mem.c.o
#10 1.670 [ 13%] Building C object tests/CMakeFiles/unity.dir/unity/unity.c.o
#10 1.716 [ 15%] Building C object src/core/CMakeFiles/perfanalyzer_core.dir/profiler.c.o
#10 1.721 [ 18%] Building C object src/core/CMakeFiles/perfanalyzer_core.dir/sampler_cgroup.c.o
#10 1.737 [ 20%] Building C object src/core/CMakeFiles/perfanalyzer_core.dir/ring_buffer.c.o
#10 1.796 [ 22%] Building C object src/core/CMakeFiles/perfanalyzer_core.dir/exporter_json.c.o
#10 2.003 [ 25%] Linking C executable container_monitor
#10 2.070 [ 27%] Linking C static library libunity.a
#10 2.079 [ 29%] Linking C static library libperfanalyzer_core.a
#10 2.212 [ 29%] Built target unity
#10 2.227 [ 29%] Built target perfanalyzer_core
#10 2.309 [ 31%] Building C object src/cli/CMakeFiles/perfctl.dir/perfctl.c.o
#10 2.360 [ 34%] Building C object src/server/CMakeFiles/perfanalyzer_server.dir/main.c.o
#10 2.397 [ 36%] Building C object src/workloads/CMakeFiles/cpu_stress_nosampler.dir/cpu_stress.c.o
#10 2.403 [ 38%] Building C object src/workloads/CMakeFiles/cpu_stress.dir/cpu_stress.c.o
#10 2.416 [ 40%] Building C object src/workloads/CMakeFiles/mem_stress.dir/mem_stress.c.o
#10 2.437 [ 43%] Building C object src/server/CMakeFiles/perfanalyzer_server.dir/http.c.o
#10 2.465 [ 45%] Building C object src/server/CMakeFiles/perfanalyzer_server.dir/routes.c.o
#10 2.483 [ 47%] Building C object tests/CMakeFiles/test_sampler_cpu.dir/test_sampler_cpu.c.o
#10 2.491 [ 50%] Building C object src/workloads/CMakeFiles/io_stress_nosampler.dir/io_stress.c.o
#10 2.494 [ 52%] Building C object src/workloads/CMakeFiles/mem_stress_nosampler.dir/mem_stress.c.o
#10 2.511 [ 54%] Building C object src/workloads/CMakeFiles/io_stress.dir/io_stress.c.o
#10 2.541 [ 56%] Building C object src/server/CMakeFiles/perfanalyzer_server.dir/dashboard.c.o
#10 2.627 [ 59%] Building C object tests/CMakeFiles/test_sampler_io.dir/test_sampler_io.c.o
#10 2.661 [ 61%] Building C object tests/CMakeFiles/test_sampler_mem.dir/test_sampler_mem.c.o
#10 2.668 [ 63%] Building C object tests/CMakeFiles/test_exporter.dir/test_exporter.c.o
#10 2.704 /src/src/server/dashboard.c:255:1: warning: string length '9524' is greater than the length '4095' ISO C99 compilers are required to support [-Woverlength-strings]
#10 2.704   255 | "</html>\n";
#10 2.704       | ^~~~~~~~~~~
#10 2.775 [ 65%] Building C object tests/CMakeFiles/test_profiler.dir/test_profiler.c.o
#10 2.838 [ 68%] Building C object tests/CMakeFiles/test_ring_buffer.dir/test_ring_buffer.c.o
#10 2.845 [ 70%] Linking C executable cpu_stress_nosampler
#10 2.875 /src/tests/test_sampler_cpu.c:8:6: warning: no previous prototype for 'test_cpu_read_self' [-Wmissing-prototypes]
#10 2.875     8 | void test_cpu_read_self(void)
#10 2.875       |      ^~~~~~~~~~~~~~~~~~
#10 2.883 /src/tests/test_sampler_cpu.c:17:6: warning: no previous prototype for 'test_cpu_percent_negative_on_first' [-Wmissing-prototypes]
#10 2.883    17 | void test_cpu_percent_negative_on_first(void)
#10 2.883       |      ^~~~~~~~~~~~~~~~~~~~~~~~~~~~~~~~~~
#10 2.883 /src/tests/test_sampler_cpu.c:23:6: warning: no previous prototype for 'test_cpu_percent_range' [-Wmissing-prototypes]
#10 2.883    23 | void test_cpu_percent_range(void)
#10 2.883       |      ^~~~~~~~~~~~~~~~~~~~~~
#10 2.885 /src/tests/test_sampler_cpu.c: In function 'test_cpu_percent_range':
#10 2.890 /src/tests/test_sampler_cpu.c:31:5: warning: implicit declaration of function 'nanosleep' [-Wimplicit-function-declaration]
#10 2.890    31 |     nanosleep(&ts, NULL);
#10 2.890       |     ^~~~~~~~~
#10 2.912 /src/tests/test_exporter.c:8:6: warning: no previous prototype for 'test_sample_to_json_contains_keys' [-Wmissing-prototypes]
#10 2.912     8 | void test_sample_to_json_contains_keys(void)
#10 2.912       |      ^~~~~~~~~~~~~~~~~~~~~~~~~~~~~~~~~
#10 2.912 /src/tests/test_exporter.c:24:6: warning: no previous prototype for 'test_sample_to_json_buffer_too_small' [-Wmissing-prototypes]
#10 2.912    24 | void test_sample_to_json_buffer_too_small(void)
#10 2.912       |      ^~~~~~~~~~~~~~~~~~~~~~~~~~~~~~~~~~~~
#10 2.912 /src/tests/test_exporter.c:33:6: warning: no previous prototype for 'test_series_to_json_empty' [-Wmissing-prototypes]
#10 2.912    33 | void test_series_to_json_empty(void)
#10 2.912       |      ^~~~~~~~~~~~~~~~~~~~~~~~~
#10 2.933 [ 75%] Linking C executable io_stress_nosampler
#10 2.942 [ 72%] Linking C executable perfctl
#10 3.004 [ 77%] Linking C executable io_stress
#10 3.015 /src/tests/test_sampler_mem.c:8:6: warning: no previous prototype for 'test_mem_read_nonzero' [-Wmissing-prototypes]
#10 3.015     8 | void test_mem_read_nonzero(void)
#10 3.015       |      ^~~~~~~~~~~~~~~~~~~~~
#10 3.015 /src/tests/test_sampler_mem.c:17:6: warning: no previous prototype for 'test_mem_peak_ge_rss' [-Wmissing-prototypes]
#10 3.015    17 | void test_mem_peak_ge_rss(void)
#10 3.015       |      ^~~~~~~~~~~~~~~~~~~~
#10 3.015 /src/tests/test_sampler_mem.c:25:6: warning: no previous prototype for 'test_mem_bad_path' [-Wmissing-prototypes]
#10 3.015    25 | void test_mem_bad_path(void)
#10 3.015       |      ^~~~~~~~~~~~~~~~~
#10 3.078 [ 79%] Linking C executable test_sampler_cpu
#10 3.079 /src/tests/test_profiler.c:13:6: warning: no previous prototype for 'test_probe_begin_end' [-Wmissing-prototypes]
#10 3.079    13 | void test_probe_begin_end(void)
#10 3.079       |      ^~~~~~~~~~~~~~~~~~~~
#10 3.081 [ 81%] Linking C executable mem_stress
#10 3.123 /src/tests/test_profiler.c: In function 'test_probe_begin_end':
#10 3.142 /src/tests/test_profiler.c:22:13: warning: implicit declaration of function 'nanosleep' [-Wimplicit-function-declaration]
#10 3.142    22 |             nanosleep(&ts, NULL);
#10 3.142       |             ^~~~~~~~~
#10 3.148 /src/tests/test_profiler.c: At top level:
#10 3.162 /src/tests/test_ring_buffer.c:8:6: warning: no previous prototype for 'test_ring_push_drain' [-Wmissing-prototypes]
#10 3.162     8 | void test_ring_push_drain(void)
#10 3.162       |      ^~~~~~~~~~~~~~~~~~~~
#10 3.162 /src/tests/test_profiler.c:41:6: warning: no previous prototype for 'test_probe_reset' [-Wmissing-prototypes]
#10 3.162    41 | void test_probe_reset(void)
#10 3.162       |      ^~~~~~~~~~~~~~~~
#10 3.167 /src/tests/test_profiler.c:61:6: warning: no previous prototype for 'test_probe_percentiles' [-Wmissing-prototypes]
#10 3.167    61 | void test_probe_percentiles(void)
#10 3.167       |      ^~~~~~~~~~~~~~~~~~~~~~
#10 3.182 /src/tests/test_profiler.c: In function 'test_probe_percentiles':
#10 3.182 /src/tests/test_ring_buffer.c:25:6: warning: no previous prototype for 'test_ring_empty_drain' [-Wmissing-prototypes]
#10 3.182    25 | void test_ring_empty_drain(void)
#10 3.182       |      ^~~~~~~~~~~~~~~~~~~~~
#10 3.182 /src/tests/test_ring_buffer.c:35:6: warning: no previous prototype for 'test_ring_overflow_keeps_newest' [-Wmissing-prototypes]
#10 3.182    35 | void test_ring_overflow_keeps_newest(void)
#10 3.182       |      ^~~~~~~~~~~~~~~~~~~~~~~~~~~~~~~
#10 3.183 [ 84%] Linking C executable mem_stress_nosampler
#10 3.193 /src/tests/test_profiler.c:76:33: warning: implicit declaration of function 'malloc' [-Wimplicit-function-declaration]
#10 3.193    76 |     perf_probe_stats_t *stats = malloc(n * sizeof(*stats));
#10 3.193       |                                 ^~~~~~
#10 3.193 /src/tests/test_profiler.c:7:1: note: include '<stdlib.h>' or provide a declaration of 'malloc'
#10 3.193     6 | #include <string.h>
#10 3.193   +++ |+#include <stdlib.h>
#10 3.193     7 | 
#10 3.193 /src/tests/test_profiler.c:76:33: warning: incompatible implicit declaration of built-in function 'malloc' [-Wbuiltin-declaration-mismatch]
#10 3.193    76 |     perf_probe_stats_t *stats = malloc(n * sizeof(*stats));
#10 3.193       |                                 ^~~~~~
#10 3.193 /src/tests/test_profiler.c:76:33: note: include '<stdlib.h>' or provide a declaration of 'malloc'
#10 3.193 /src/tests/test_profiler.c:83:5: warning: implicit declaration of function 'free' [-Wimplicit-function-declaration]
#10 3.193    83 |     free(stats);
#10 3.193       |     ^~~~
#10 3.195 /src/tests/test_profiler.c:83:5: note: include '<stdlib.h>' or provide a declaration of 'free'
#10 3.195 /src/tests/test_profiler.c:83:5: warning: incompatible implicit declaration of built-in function 'free' [-Wbuiltin-declaration-mismatch]
#10 3.195 /src/tests/test_profiler.c:83:5: note: include '<stdlib.h>' or provide a declaration of 'free'
#10 3.274 /src/tests/test_sampler_io.c:8:6: warning: no previous prototype for 'test_io_read_ok' [-Wmissing-prototypes]
#10 3.274     8 | void test_io_read_ok(void)
#10 3.274       |      ^~~~~~~~~~~~~~~
#10 3.274 /src/tests/test_sampler_io.c:17:6: warning: no previous prototype for 'test_io_bad_path' [-Wmissing-prototypes]
#10 3.274    17 | void test_io_bad_path(void)
#10 3.274       |      ^~~~~~~~~~~~~~~~
#10 3.314 [ 86%] Linking C executable test_sampler_mem
#10 3.334 [ 88%] Linking C executable cpu_stress
#10 3.375 [ 90%] Linking C executable test_ring_buffer
#10 3.375 [ 93%] Linking C executable test_exporter
#10 3.470 [ 95%] Linking C executable perfanalyzer_server
#10 3.521 [ 97%] Linking C executable test_sampler_io
#10 3.645 [ 97%] Built target container_monitor
#10 3.686 [100%] Linking C executable test_profiler
#10 4.525 [100%] Built target test_sampler_io
#10 4.655 [100%] Built target io_stress_nosampler
#10 4.744 [100%] Built target test_sampler_cpu
#10 4.752 [100%] Built target test_sampler_mem
#10 4.809 [100%] Built target test_ring_buffer
#10 4.835 [100%] Built target test_exporter
#10 4.941 [100%] Built target mem_stress_nosampler
#10 4.963 [100%] Built target cpu_stress_nosampler
#10 4.991 [100%] Built target perfctl
#10 5.185 [100%] Built target test_profiler
#10 5.220 [100%] Built target mem_stress
#10 5.255 [100%] Built target cpu_stress
#10 5.306 [100%] Built target io_stress
#10 5.397 [100%] Built target perfanalyzer_server
#10 DONE 5.7s

#11 [runtime 2/9] RUN apt-get update && apt-get install -y --no-install-recommends     wget     && rm -rf /var/lib/apt/lists/*
#11 CACHED

#12 [runtime 3/9] WORKDIR /app
#12 CACHED

#13 [runtime 4/9] COPY --from=builder /src/build/src/server/perfanalyzer_server   ./perfanalyzer_server
#13 CACHED

#14 [runtime 5/9] COPY --from=builder /src/build/src/cli/perfctl                  ./perfctl
#14 CACHED

#15 [runtime 6/9] COPY --from=builder /src/build/src/tools/container_monitor      ./container_monitor
#15 CACHED

#16 [runtime 7/9] COPY --from=builder /src/build/src/workloads/cpu_stress         ./cpu_stress
#16 CACHED

#17 [runtime 8/9] COPY --from=builder /src/build/src/workloads/mem_stress         ./mem_stress
#17 CACHED

#18 [runtime 9/9] COPY --from=builder /src/build/src/workloads/io_stress          ./io_stress
#18 CACHED

#19 exporting to image
#19 exporting layers 0.0s done
#19 exporting manifest sha256:f3573c3c5a52ae41d4b61afc565f1f7998c40771df25e27385303c4b2ff3d12b 0.0s done
#19 exporting config sha256:b670cb7e8a89894e732aafbd53de9ede0f182e60d0c9d1547acad0b199695aff 0.0s done
#19 exporting attestation manifest sha256:57c75a895dd44fd1f37dbb8721401e28865d606fa93edfc3df08479cee3c4cb8
#19 exporting attestation manifest sha256:57c75a895dd44fd1f37dbb8721401e28865d606fa93edfc3df08479cee3c4cb8 0.2s done
#19 exporting manifest list sha256:a59d31bed8bb4996640dc0e7eadb2da96d2f5670a1fc5836d621344fe992e8ba
#19 exporting manifest list sha256:a59d31bed8bb4996640dc0e7eadb2da96d2f5670a1fc5836d621344fe992e8ba 0.1s done
#19 naming to docker.io/library/docker-cpu-limit:latest 0.0s done
#19 unpacking to docker.io/library/docker-cpu-limit:latest 0.1s done
#19 DONE 0.6s

#20 resolving provenance for metadata file
#20 DONE 0.1s
..............................
[0;32m[EXP][0m ─── DOCKER:mem-limit | io_stress | intensidad=1 ───
#1 [internal] load local bake definitions
#1 reading from stdin 565B done
#1 DONE 0.0s

#2 [internal] load build definition from Dockerfile.app
#2 transferring dockerfile: 1.81kB 0.0s done
#2 DONE 0.0s

#3 [internal] load metadata for docker.io/library/debian:bookworm-slim
#3 DONE 0.8s

#4 [internal] load .dockerignore
#4 transferring context: 68B 0.0s done
#4 DONE 0.1s

#5 [internal] load build context
#5 DONE 0.0s

#6 [builder 1/5] FROM docker.io/library/debian:bookworm-slim@sha256:0104b334637a5f19aa9c983a91b54c89887c0984081f2068983107a6f6c21eeb
#6 resolve docker.io/library/debian:bookworm-slim@sha256:0104b334637a5f19aa9c983a91b54c89887c0984081f2068983107a6f6c21eeb 0.1s done
#6 DONE 0.1s

#5 [internal] load build context
#5 transferring context: 435.33kB 0.1s done
#5 DONE 0.1s

#7 [builder 2/5] RUN apt-get update && apt-get install -y     build-essential     cmake     && rm -rf /var/lib/apt/lists/*
#7 CACHED

#8 [builder 3/5] WORKDIR /src
#8 CACHED

#9 [builder 4/5] COPY . .
#9 DONE 0.3s

#10 [builder 5/5] RUN cmake -B build -DCMAKE_BUILD_TYPE=Release . &&     cmake --build build --parallel
#10 0.948 -- The C compiler identification is GNU 12.2.0
#10 0.986 -- Detecting C compiler ABI info
#10 1.238 -- Detecting C compiler ABI info - done
#10 1.257 -- Check for working C compiler: /usr/bin/cc - skipped
#10 1.261 -- Detecting C compile features
#10 1.261 -- Detecting C compile features - done
#10 1.270 -- Configuring done
#10 1.358 -- Generating done
#10 1.374 -- Build files have been written to: /src/build
#10 1.577 [  2%] Building C object src/core/CMakeFiles/perfanalyzer_core.dir/sampler_cpu.c.o
#10 1.601 [  4%] Building C object src/core/CMakeFiles/perfanalyzer_core.dir/perf.c.o
#10 1.601 [  6%] Building C object src/core/CMakeFiles/perfanalyzer_core.dir/sampler_cgroup.c.o
#10 1.603 [ 11%] Building C object src/tools/CMakeFiles/container_monitor.dir/container_monitor.c.o
#10 1.604 [ 11%] Building C object tests/CMakeFiles/unity.dir/unity/unity.c.o
#10 1.615 [ 13%] Building C object src/core/CMakeFiles/perfanalyzer_core.dir/ring_buffer.c.o
#10 1.619 [ 15%] Building C object src/core/CMakeFiles/perfanalyzer_core.dir/exporter_json.c.o
#10 1.626 [ 18%] Building C object src/core/CMakeFiles/perfanalyzer_core.dir/sampler_mem.c.o
#10 1.643 [ 22%] Building C object src/core/CMakeFiles/perfanalyzer_core.dir/sampler_io.c.o
#10 1.649 [ 22%] Building C object src/core/CMakeFiles/perfanalyzer_core.dir/profiler.c.o
#10 2.140 [ 25%] Linking C executable container_monitor
#10 2.156 [ 27%] Linking C static library libperfanalyzer_core.a
#10 2.170 [ 29%] Linking C static library libunity.a
#10 2.300 [ 29%] Built target perfanalyzer_core
#10 2.334 [ 29%] Built target unity
#10 2.471 [ 31%] Building C object src/server/CMakeFiles/perfanalyzer_server.dir/http.c.o
#10 2.481 [ 34%] Building C object src/server/CMakeFiles/perfanalyzer_server.dir/main.c.o
#10 2.490 [ 36%] Building C object src/server/CMakeFiles/perfanalyzer_server.dir/routes.c.o
#10 2.503 [ 38%] Building C object src/workloads/CMakeFiles/mem_stress.dir/mem_stress.c.o
#10 2.528 [ 40%] Building C object src/server/CMakeFiles/perfanalyzer_server.dir/dashboard.c.o
#10 2.561 [ 45%] Building C object tests/CMakeFiles/test_sampler_cpu.dir/test_sampler_cpu.c.o
#10 2.561 [ 45%] Building C object src/cli/CMakeFiles/perfctl.dir/perfctl.c.o
#10 2.594 [ 47%] Building C object src/workloads/CMakeFiles/mem_stress_nosampler.dir/mem_stress.c.o
#10 2.625 [ 50%] Building C object src/workloads/CMakeFiles/cpu_stress.dir/cpu_stress.c.o
#10 2.648 [ 52%] Building C object tests/CMakeFiles/test_sampler_mem.dir/test_sampler_mem.c.o
#10 2.683 [ 54%] Building C object src/workloads/CMakeFiles/io_stress_nosampler.dir/io_stress.c.o
#10 2.718 [ 56%] Building C object tests/CMakeFiles/test_exporter.dir/test_exporter.c.o
#10 2.728 [ 59%] Building C object src/workloads/CMakeFiles/cpu_stress_nosampler.dir/cpu_stress.c.o
#10 2.735 /src/src/server/dashboard.c:255:1: warning: string length '9524' is greater than the length '4095' ISO C99 compilers are required to support [-Woverlength-strings]
#10 2.735   255 | "</html>\n";
#10 2.735       | ^~~~~~~~~~~
#10 2.766 [ 61%] Building C object src/workloads/CMakeFiles/io_stress.dir/io_stress.c.o
#10 2.799 [ 63%] Building C object tests/CMakeFiles/test_profiler.dir/test_profiler.c.o
#10 2.878 /src/tests/test_sampler_cpu.c:8:6: warning: no previous prototype for 'test_cpu_read_self' [-Wmissing-prototypes]
#10 2.878     8 | void test_cpu_read_self(void)
#10 2.878       |      ^~~~~~~~~~~~~~~~~~
#10 2.878 /src/tests/test_sampler_cpu.c:17:6: warning: no previous prototype for 'test_cpu_percent_negative_on_first' [-Wmissing-prototypes]
#10 2.878    17 | void test_cpu_percent_negative_on_first(void)
#10 2.878       |      ^~~~~~~~~~~~~~~~~~~~~~~~~~~~~~~~~~
#10 2.878 /src/tests/test_sampler_cpu.c:23:6: warning: no previous prototype for 'test_cpu_percent_range' [-Wmissing-prototypes]
#10 2.878    23 | void test_cpu_percent_range(void)
#10 2.878       |      ^~~~~~~~~~~~~~~~~~~~~~
#10 2.945 [ 65%] Building C object tests/CMakeFiles/test_sampler_io.dir/test_sampler_io.c.o
#10 2.967 [ 68%] Building C object tests/CMakeFiles/test_ring_buffer.dir/test_ring_buffer.c.o
#10 2.996 /src/tests/test_sampler_mem.c:8:6: warning: no previous prototype for 'test_mem_read_nonzero' [-Wmissing-prototypes]
#10 2.996     8 | void test_mem_read_nonzero(void)
#10 2.996       |      ^~~~~~~~~~~~~~~~~~~~~
#10 3.027 /src/tests/test_sampler_cpu.c: In function 'test_cpu_percent_range':
#10 3.027 /src/tests/test_sampler_cpu.c:31:5: warning: implicit declaration of function 'nanosleep' [-Wimplicit-function-declaration]
#10 3.027    31 |     nanosleep(&ts, NULL);
#10 3.027       |     ^~~~~~~~~
#10 3.090 /src/tests/test_sampler_mem.c:17:6: warning: no previous prototype for 'test_mem_peak_ge_rss' [-Wmissing-prototypes]
#10 3.090    17 | void test_mem_peak_ge_rss(void)
#10 3.090       |      ^~~~~~~~~~~~~~~~~~~~
#10 3.090 /src/tests/test_sampler_mem.c:25:6: warning: no previous prototype for 'test_mem_bad_path' [-Wmissing-prototypes]
#10 3.090    25 | void test_mem_bad_path(void)
#10 3.090       |      ^~~~~~~~~~~~~~~~~
#10 3.126 [ 70%] Linking C executable mem_stress
#10 3.137 [ 72%] Linking C executable io_stress
#10 3.155 /src/tests/test_exporter.c:8:6: warning: no previous prototype for 'test_sample_to_json_contains_keys' [-Wmissing-prototypes]
#10 3.155     8 | void test_sample_to_json_contains_keys(void)
#10 3.155       |      ^~~~~~~~~~~~~~~~~~~~~~~~~~~~~~~~~
#10 3.160 /src/tests/test_exporter.c:24:6: warning: no previous prototype for 'test_sample_to_json_buffer_too_small' [-Wmissing-prototypes]
#10 3.160    24 | void test_sample_to_json_buffer_too_small(void)
#10 3.160       |      ^~~~~~~~~~~~~~~~~~~~~~~~~~~~~~~~~~~~
#10 3.161 /src/tests/test_exporter.c:33:6: warning: no previous prototype for 'test_series_to_json_empty' [-Wmissing-prototypes]
#10 3.161    33 | void test_series_to_json_empty(void)
#10 3.161       |      ^~~~~~~~~~~~~~~~~~~~~~~~~
#10 3.168 [ 75%] Linking C executable perfctl
#10 3.186 [ 77%] Linking C executable cpu_stress
#10 3.201 [ 79%] Linking C executable mem_stress_nosampler
#10 3.219 /src/tests/test_profiler.c:13:6: warning: no previous prototype for 'test_probe_begin_end' [-Wmissing-prototypes]
#10 3.219    13 | void test_probe_begin_end(void)
#10 3.219       |      ^~~~~~~~~~~~~~~~~~~~
#10 3.225 /src/tests/test_profiler.c: In function 'test_probe_begin_end':
#10 3.225 /src/tests/test_profiler.c:22:13: warning: implicit declaration of function 'nanosleep' [-Wimplicit-function-declaration]
#10 3.225    22 |             nanosleep(&ts, NULL);
#10 3.225       |             ^~~~~~~~~
#10 3.235 /src/tests/test_profiler.c: At top level:
#10 3.235 /src/tests/test_profiler.c:41:6: warning: no previous prototype for 'test_probe_reset' [-Wmissing-prototypes]
#10 3.235    41 | void test_probe_reset(void)
#10 3.235       |      ^~~~~~~~~~~~~~~~
#10 3.249 /src/tests/test_profiler.c:61:6: warning: no previous prototype for 'test_probe_percentiles' [-Wmissing-prototypes]
#10 3.249    61 | void test_probe_percentiles(void)
#10 3.249       |      ^~~~~~~~~~~~~~~~~~~~~~
#10 3.258 /src/tests/test_profiler.c: In function 'test_probe_percentiles':
#10 3.261 /src/tests/test_profiler.c:76:33: warning: implicit declaration of function 'malloc' [-Wimplicit-function-declaration]
#10 3.261    76 |     perf_probe_stats_t *stats = malloc(n * sizeof(*stats));
#10 3.261       |                                 ^~~~~~
#10 3.261 /src/tests/test_profiler.c:7:1: note: include '<stdlib.h>' or provide a declaration of 'malloc'
#10 3.261     6 | #include <string.h>
#10 3.261   +++ |+#include <stdlib.h>
#10 3.261     7 | 
#10 3.266 /src/tests/test_profiler.c:76:33: warning: incompatible implicit declaration of built-in function 'malloc' [-Wbuiltin-declaration-mismatch]
#10 3.266    76 |     perf_probe_stats_t *stats = malloc(n * sizeof(*stats));
#10 3.266       |                                 ^~~~~~
#10 3.277 /src/tests/test_profiler.c:76:33: note: include '<stdlib.h>' or provide a declaration of 'malloc'
#10 3.277 /src/tests/test_profiler.c:83:5: warning: implicit declaration of function 'free' [-Wimplicit-function-declaration]
#10 3.277    83 |     free(stats);
#10 3.277       |     ^~~~
#10 3.277 /src/tests/test_profiler.c:83:5: note: include '<stdlib.h>' or provide a declaration of 'free'
#10 3.277 /src/tests/test_profiler.c:83:5: warning: incompatible implicit declaration of built-in function 'free' [-Wbuiltin-declaration-mismatch]
#10 3.277 /src/tests/test_profiler.c:83:5: note: include '<stdlib.h>' or provide a declaration of 'free'
#10 3.313 /src/tests/test_ring_buffer.c:8:6: warning: no previous prototype for 'test_ring_push_drain' [-Wmissing-prototypes]
#10 3.313     8 | void test_ring_push_drain(void)
#10 3.313       |      ^~~~~~~~~~~~~~~~~~~~
#10 3.344 [ 81%] Linking C executable test_sampler_cpu
#10 3.349 /src/tests/test_ring_buffer.c:25:6: warning: no previous prototype for 'test_ring_empty_drain' [-Wmissing-prototypes]
#10 3.349    25 | void test_ring_empty_drain(void)
#10 3.349       |      ^~~~~~~~~~~~~~~~~~~~~
#10 3.349 /src/tests/test_ring_buffer.c:35:6: warning: no previous prototype for 'test_ring_overflow_keeps_newest' [-Wmissing-prototypes]
#10 3.349    35 | void test_ring_overflow_keeps_newest(void)
#10 3.349       |      ^~~~~~~~~~~~~~~~~~~~~~~~~~~~~~~
#10 3.374 /src/tests/test_sampler_io.c:8:6: warning: no previous prototype for 'test_io_read_ok' [-Wmissing-prototypes]
#10 3.374     8 | void test_io_read_ok(void)
#10 3.374       |      ^~~~~~~~~~~~~~~
#10 3.374 /src/tests/test_sampler_io.c:17:6: warning: no previous prototype for 'test_io_bad_path' [-Wmissing-prototypes]
#10 3.374    17 | void test_io_bad_path(void)
#10 3.374       |      ^~~~~~~~~~~~~~~~
#10 3.386 [ 84%] Linking C executable io_stress_nosampler
#10 3.409 [ 86%] Linking C executable test_exporter
#10 3.425 [ 88%] Linking C executable test_sampler_mem
#10 3.458 [ 88%] Built target container_monitor
#10 3.576 [ 90%] Linking C executable perfanalyzer_server
#10 3.613 [ 93%] Linking C executable test_sampler_io
#10 3.648 [ 95%] Linking C executable test_profiler
#10 3.661 [ 97%] Linking C executable test_ring_buffer
#10 3.700 [100%] Linking C executable cpu_stress_nosampler
#10 4.622 [100%] Built target perfctl
#10 4.681 [100%] Built target mem_stress_nosampler
#10 4.697 [100%] Built target test_exporter
#10 4.730 [100%] Built target test_sampler_cpu
#10 4.737 [100%] Built target io_stress_nosampler
#10 4.761 [100%] Built target test_sampler_io
#10 5.125 [100%] Built target test_sampler_mem
#10 5.232 [100%] Built target io_stress
#10 5.232 [100%] Built target test_ring_buffer
#10 5.266 [100%] Built target cpu_stress_nosampler
#10 5.308 [100%] Built target cpu_stress
#10 5.386 [100%] Built target mem_stress
#10 5.397 [100%] Built target test_profiler
#10 5.546 [100%] Built target perfanalyzer_server
#10 DONE 5.8s

#11 [runtime 8/9] COPY --from=builder /src/build/src/workloads/mem_stress         ./mem_stress
#11 CACHED

#12 [runtime 2/9] RUN apt-get update && apt-get install -y --no-install-recommends     wget     && rm -rf /var/lib/apt/lists/*
#12 CACHED

#13 [runtime 3/9] WORKDIR /app
#13 CACHED

#14 [runtime 4/9] COPY --from=builder /src/build/src/server/perfanalyzer_server   ./perfanalyzer_server
#14 CACHED

#15 [runtime 5/9] COPY --from=builder /src/build/src/cli/perfctl                  ./perfctl
#15 CACHED

#16 [runtime 6/9] COPY --from=builder /src/build/src/tools/container_monitor      ./container_monitor
#16 CACHED

#17 [runtime 7/9] COPY --from=builder /src/build/src/workloads/cpu_stress         ./cpu_stress
#17 CACHED

#18 [runtime 9/9] COPY --from=builder /src/build/src/workloads/io_stress          ./io_stress
#18 CACHED

#19 exporting to image
#19 exporting layers 0.0s done
#19 exporting manifest sha256:70b9c00a929874891d1b3a0f6f337ceafd8af45fc33fe912a242a9305b80aa03 0.0s done
#19 exporting config sha256:ea99691dffd255a776197280dd5949ebe82e4b1700cbce83290b03264c9ce92a 0.0s done
#19 exporting attestation manifest sha256:916228fdae36535a9745df223592e11f139b9b8ca0f92d7fa36a59eb90e76916
#19 exporting attestation manifest sha256:916228fdae36535a9745df223592e11f139b9b8ca0f92d7fa36a59eb90e76916 0.2s done
#19 exporting manifest list sha256:37660a0381afa3e0598bb307a06f9b5f632beceb4e3d3b37d1db5da06a3b3e56
#19 exporting manifest list sha256:37660a0381afa3e0598bb307a06f9b5f632beceb4e3d3b37d1db5da06a3b3e56 0.1s done
#19 naming to docker.io/library/docker-mem-limit:latest 0.0s done
#19 unpacking to docker.io/library/docker-mem-limit:latest 0.1s done
#19 DONE 0.6s

#20 resolving provenance for metadata file
#20 DONE 0.1s
#1 [internal] load local bake definitions
#1 reading from stdin 565B done
#1 DONE 0.0s

#2 [internal] load build definition from Dockerfile.app
#2 transferring dockerfile: 1.81kB 0.0s done
#2 DONE 0.0s

#3 [internal] load metadata for docker.io/library/debian:bookworm-slim
#3 DONE 0.3s

#4 [internal] load .dockerignore
#4 transferring context: 68B 0.0s done
#4 DONE 0.1s

#5 [internal] load build context
#5 DONE 0.0s

#6 [builder 1/5] FROM docker.io/library/debian:bookworm-slim@sha256:0104b334637a5f19aa9c983a91b54c89887c0984081f2068983107a6f6c21eeb
#6 resolve docker.io/library/debian:bookworm-slim@sha256:0104b334637a5f19aa9c983a91b54c89887c0984081f2068983107a6f6c21eeb 0.1s done
#6 DONE 0.1s

#5 [internal] load build context
#5 transferring context: 406.77kB 0.1s done
#5 DONE 0.1s

#7 [builder 2/5] RUN apt-get update && apt-get install -y     build-essential     cmake     && rm -rf /var/lib/apt/lists/*
#7 CACHED

#8 [builder 3/5] WORKDIR /src
#8 CACHED

#9 [builder 4/5] COPY . .
#9 DONE 0.4s

#10 [builder 5/5] RUN cmake -B build -DCMAKE_BUILD_TYPE=Release . &&     cmake --build build --parallel
#10 0.935 -- The C compiler identification is GNU 12.2.0
#10 0.975 -- Detecting C compiler ABI info
#10 1.235 -- Detecting C compiler ABI info - done
#10 1.258 -- Check for working C compiler: /usr/bin/cc - skipped
#10 1.262 -- Detecting C compile features
#10 1.262 -- Detecting C compile features - done
#10 1.280 -- Configuring done
#10 1.373 -- Generating done
#10 1.393 -- Build files have been written to: /src/build
#10 1.590 [  2%] Building C object src/core/CMakeFiles/perfanalyzer_core.dir/sampler_cgroup.c.o
#10 1.591 [  4%] Building C object src/core/CMakeFiles/perfanalyzer_core.dir/perf.c.o
#10 1.601 [  6%] Building C object src/tools/CMakeFiles/container_monitor.dir/container_monitor.c.o
#10 1.604 [  9%] Building C object src/core/CMakeFiles/perfanalyzer_core.dir/sampler_mem.c.o
#10 1.613 [ 11%] Building C object tests/CMakeFiles/unity.dir/unity/unity.c.o
#10 1.636 [ 13%] Building C object src/core/CMakeFiles/perfanalyzer_core.dir/exporter_json.c.o
#10 1.640 [ 15%] Building C object src/core/CMakeFiles/perfanalyzer_core.dir/ring_buffer.c.o
#10 1.658 [ 18%] Building C object src/core/CMakeFiles/perfanalyzer_core.dir/sampler_cpu.c.o
#10 1.664 [ 20%] Building C object src/core/CMakeFiles/perfanalyzer_core.dir/sampler_io.c.o
#10 1.675 [ 22%] Building C object src/core/CMakeFiles/perfanalyzer_core.dir/profiler.c.o
#10 1.940 [ 25%] Linking C static library libunity.a
#10 1.945 [ 27%] Linking C executable container_monitor
#10 2.074 [ 29%] Linking C static library libperfanalyzer_core.a
#10 2.123 [ 29%] Built target unity
#10 2.227 [ 29%] Built target perfanalyzer_core
#10 2.380 [ 31%] Building C object src/server/CMakeFiles/perfanalyzer_server.dir/main.c.o
#10 2.446 [ 34%] Building C object src/server/CMakeFiles/perfanalyzer_server.dir/dashboard.c.o
#10 2.459 [ 36%] Building C object src/workloads/CMakeFiles/mem_stress_nosampler.dir/mem_stress.c.o
#10 2.468 [ 38%] Building C object src/server/CMakeFiles/perfanalyzer_server.dir/http.c.o
#10 2.471 [ 40%] Building C object src/server/CMakeFiles/perfanalyzer_server.dir/routes.c.o
#10 2.477 [ 43%] Building C object src/workloads/CMakeFiles/mem_stress.dir/mem_stress.c.o
#10 2.540 [ 45%] Building C object src/workloads/CMakeFiles/cpu_stress.dir/cpu_stress.c.o
#10 2.548 [ 47%] Building C object tests/CMakeFiles/test_sampler_mem.dir/test_sampler_mem.c.o
#10 2.553 [ 50%] Building C object tests/CMakeFiles/test_sampler_cpu.dir/test_sampler_cpu.c.o
#10 2.574 [ 52%] Building C object src/workloads/CMakeFiles/io_stress_nosampler.dir/io_stress.c.o
#10 2.575 /src/src/server/dashboard.c:255:1: warning: string length '9524' is greater than the length '4095' ISO C99 compilers are required to support [-Woverlength-strings]
#10 2.575   255 | "</html>\n";
#10 2.575       | ^~~~~~~~~~~
#10 2.595 [ 54%] Building C object src/workloads/CMakeFiles/cpu_stress_nosampler.dir/cpu_stress.c.o
#10 2.614 [ 56%] Building C object src/workloads/CMakeFiles/io_stress.dir/io_stress.c.o
#10 2.623 [ 59%] Building C object src/cli/CMakeFiles/perfctl.dir/perfctl.c.o
#10 2.663 [ 61%] Building C object tests/CMakeFiles/test_exporter.dir/test_exporter.c.o
#10 2.727 [ 63%] Building C object tests/CMakeFiles/test_sampler_io.dir/test_sampler_io.c.o
#10 2.737 [ 65%] Building C object tests/CMakeFiles/test_ring_buffer.dir/test_ring_buffer.c.o
#10 2.740 [ 68%] Building C object tests/CMakeFiles/test_profiler.dir/test_profiler.c.o
#10 2.752 [ 70%] Linking C executable mem_stress
#10 2.836 [ 72%] Linking C executable mem_stress_nosampler
#10 2.886 /src/tests/test_sampler_mem.c:8:6: warning: no previous prototype for 'test_mem_read_nonzero' [-Wmissing-prototypes]
#10 2.886     8 | void test_mem_read_nonzero(void)
#10 2.886       |      ^~~~~~~~~~~~~~~~~~~~~
#10 2.887 /src/tests/test_sampler_mem.c:17:6: warning: no previous prototype for 'test_mem_peak_ge_rss' [-Wmissing-prototypes]
#10 2.887    17 | void test_mem_peak_ge_rss(void)
#10 2.887       |      ^~~~~~~~~~~~~~~~~~~~
#10 2.888 /src/tests/test_sampler_mem.c:25:6: warning: no previous prototype for 'test_mem_bad_path' [-Wmissing-prototypes]
#10 2.888    25 | void test_mem_bad_path(void)
#10 2.888       |      ^~~~~~~~~~~~~~~~~
#10 2.911 /src/tests/test_sampler_cpu.c:8:6: warning: no previous prototype for 'test_cpu_read_self' [-Wmissing-prototypes]
#10 2.911     8 | void test_cpu_read_self(void)
#10 2.911       |      ^~~~~~~~~~~~~~~~~~
#10 2.932 /src/tests/test_sampler_cpu.c:17:6: warning: no previous prototype for 'test_cpu_percent_negative_on_first' [-Wmissing-prototypes]
#10 2.932    17 | void test_cpu_percent_negative_on_first(void)
#10 2.932       |      ^~~~~~~~~~~~~~~~~~~~~~~~~~~~~~~~~~
#10 2.934 /src/tests/test_sampler_cpu.c:23:6: warning: no previous prototype for 'test_cpu_percent_range' [-Wmissing-prototypes]
#10 2.934    23 | void test_cpu_percent_range(void)
#10 2.934       |      ^~~~~~~~~~~~~~~~~~~~~~
#10 2.937 /src/tests/test_sampler_cpu.c: In function 'test_cpu_percent_range':
#10 2.937 /src/tests/test_sampler_cpu.c:31:5: warning: implicit declaration of function 'nanosleep' [-Wimplicit-function-declaration]
#10 2.937    31 |     nanosleep(&ts, NULL);
#10 2.937       |     ^~~~~~~~~
#10 2.953 /src/tests/test_profiler.c:13:6: warning: no previous prototype for 'test_probe_begin_end' [-Wmissing-prototypes]
#10 2.953    13 | void test_probe_begin_end(void)
#10 2.953       |      ^~~~~~~~~~~~~~~~~~~~
#10 2.966 /src/tests/test_profiler.c: In function 'test_probe_begin_end':
#10 2.971 /src/tests/test_profiler.c:22:13: warning: implicit declaration of function 'nanosleep' [-Wimplicit-function-declaration]
#10 2.971    22 |             nanosleep(&ts, NULL);
#10 2.971       |             ^~~~~~~~~
#10 2.973 /src/tests/test_profiler.c: At top level:
#10 2.974 /src/tests/test_profiler.c:41:6: warning: no previous prototype for 'test_probe_reset' [-Wmissing-prototypes]
#10 2.974    41 | void test_probe_reset(void)
#10 2.974       |      ^~~~~~~~~~~~~~~~
#10 2.979 /src/tests/test_profiler.c:61:6: warning: no previous prototype for 'test_probe_percentiles' [-Wmissing-prototypes]
#10 2.979    61 | void test_probe_percentiles(void)
#10 2.979       |      ^~~~~~~~~~~~~~~~~~~~~~
#10 2.988 /src/tests/test_profiler.c: In function 'test_probe_percentiles':
#10 2.993 /src/tests/test_profiler.c:76:33: warning: implicit declaration of function 'malloc' [-Wimplicit-function-declaration]
#10 2.993    76 |     perf_probe_stats_t *stats = malloc(n * sizeof(*stats));
#10 2.993       |                                 ^~~~~~
#10 2.994 /src/tests/test_profiler.c:7:1: note: include '<stdlib.h>' or provide a declaration of 'malloc'
#10 2.994     6 | #include <string.h>
#10 2.994   +++ |+#include <stdlib.h>
#10 2.994     7 | 
#10 2.994 /src/tests/test_profiler.c:76:33: warning: incompatible implicit declaration of built-in function 'malloc' [-Wbuiltin-declaration-mismatch]
#10 2.994    76 |     perf_probe_stats_t *stats = malloc(n * sizeof(*stats));
#10 2.994       |                                 ^~~~~~
#10 2.998 /src/tests/test_profiler.c:76:33: note: include '<stdlib.h>' or provide a declaration of 'malloc'
#10 3.004 /src/tests/test_profiler.c:83:5: warning: implicit declaration of function 'free' [-Wimplicit-function-declaration]
#10 3.004    83 |     free(stats);
#10 3.004       |     ^~~~
#10 3.009 /src/tests/test_profiler.c:83:5: note: include '<stdlib.h>' or provide a declaration of 'free'
#10 3.011 /src/tests/test_profiler.c:83:5: warning: incompatible implicit declaration of built-in function 'free' [-Wbuiltin-declaration-mismatch]
#10 3.011 /src/tests/test_profiler.c:83:5: note: include '<stdlib.h>' or provide a declaration of 'free'
#10 3.042 /src/tests/test_exporter.c:8:6: warning: no previous prototype for 'test_sample_to_json_contains_keys' [-Wmissing-prototypes]
#10 3.042     8 | void test_sample_to_json_contains_keys(void)
#10 3.042       |      ^~~~~~~~~~~~~~~~~~~~~~~~~~~~~~~~~
#10 3.043 /src/tests/test_exporter.c:24:6: warning: no previous prototype for 'test_sample_to_json_buffer_too_small' [-Wmissing-prototypes]
#10 3.043    24 | void test_sample_to_json_buffer_too_small(void)
#10 3.043       |      ^~~~~~~~~~~~~~~~~~~~~~~~~~~~~~~~~~~~
#10 3.043 /src/tests/test_exporter.c:33:6: warning: no previous prototype for 'test_series_to_json_empty' [-Wmissing-prototypes]
#10 3.043    33 | void test_series_to_json_empty(void)
#10 3.043       |      ^~~~~~~~~~~~~~~~~~~~~~~~~
#10 3.085 [ 75%] Linking C executable test_sampler_mem
#10 3.154 [ 77%] Linking C executable test_sampler_cpu
#10 3.162 [ 79%] Linking C executable perfanalyzer_server
#10 3.170 /src/tests/test_ring_buffer.c:8:6: warning: no previous prototype for 'test_ring_push_drain' [-Wmissing-prototypes]
#10 3.170     8 | void test_ring_push_drain(void)
#10 3.170       |      ^~~~~~~~~~~~~~~~~~~~
#10 3.176 /src/tests/test_ring_buffer.c:25:6: warning: no previous prototype for 'test_ring_empty_drain' [-Wmissing-prototypes]
#10 3.176    25 | void test_ring_empty_drain(void)
#10 3.176       |      ^~~~~~~~~~~~~~~~~~~~~
#10 3.176 /src/tests/test_ring_buffer.c:35:6: warning: no previous prototype for 'test_ring_overflow_keeps_newest' [-Wmissing-prototypes]
#10 3.176    35 | void test_ring_overflow_keeps_newest(void)
#10 3.176       |      ^~~~~~~~~~~~~~~~~~~~~~~~~~~~~~~
#10 3.182 [ 81%] Linking C executable io_stress_nosampler
#10 3.190 [ 84%] Linking C executable perfctl
#10 3.193 [ 84%] Built target container_monitor
#10 3.210 [ 86%] Linking C executable test_profiler
#10 3.245 [ 88%] Linking C executable io_stress
#10 3.284 /src/tests/test_sampler_io.c:8:6: warning: no previous prototype for 'test_io_read_ok' [-Wmissing-prototypes]
#10 3.284     8 | void test_io_read_ok(void)
#10 3.284       |      ^~~~~~~~~~~~~~~
#10 3.293 /src/tests/test_sampler_io.c:17:6: warning: no previous prototype for 'test_io_bad_path' [-Wmissing-prototypes]
#10 3.293    17 | void test_io_bad_path(void)
#10 3.293       |      ^~~~~~~~~~~~~~~~
#10 3.311 [ 90%] Linking C executable test_exporter
#10 3.348 [ 93%] Linking C executable cpu_stress_nosampler
#10 3.417 [ 95%] Linking C executable test_ring_buffer
#10 3.468 [ 97%] Linking C executable cpu_stress
#10 3.599 [100%] Linking C executable test_sampler_io
#10 4.537 [100%] Built target mem_stress_nosampler
#10 4.584 [100%] Built target test_sampler_mem
#10 4.626 [100%] Built target test_exporter
#10 4.678 [100%] Built target test_sampler_cpu
#10 4.809 [100%] Built target test_ring_buffer
#10 4.816 [100%] Built target io_stress_nosampler
#10 4.858 [100%] Built target test_profiler
#10 4.859 [100%] Built target test_sampler_io
#10 4.861 [100%] Built target cpu_stress_nosampler
#10 4.895 [100%] Built target mem_stress
#10 4.930 [100%] Built target perfctl
#10 4.991 [100%] Built target io_stress
#10 5.188 [100%] Built target cpu_stress
#10 5.290 [100%] Built target perfanalyzer_server
#10 DONE 5.6s

#11 [runtime 4/9] COPY --from=builder /src/build/src/server/perfanalyzer_server   ./perfanalyzer_server
#11 CACHED

#12 [runtime 5/9] COPY --from=builder /src/build/src/cli/perfctl                  ./perfctl
#12 CACHED

#13 [runtime 6/9] COPY --from=builder /src/build/src/tools/container_monitor      ./container_monitor
#13 CACHED

#14 [runtime 7/9] COPY --from=builder /src/build/src/workloads/cpu_stress         ./cpu_stress
#14 CACHED

#15 [runtime 8/9] COPY --from=builder /src/build/src/workloads/mem_stress         ./mem_stress
#15 CACHED

#16 [runtime 2/9] RUN apt-get update && apt-get install -y --no-install-recommends     wget     && rm -rf /var/lib/apt/lists/*
#16 CACHED

#17 [runtime 3/9] WORKDIR /app
#17 CACHED

#18 [runtime 9/9] COPY --from=builder /src/build/src/workloads/io_stress          ./io_stress
#18 CACHED

#19 exporting to image
#19 exporting layers 0.0s done
#19 exporting manifest sha256:70b9c00a929874891d1b3a0f6f337ceafd8af45fc33fe912a242a9305b80aa03 0.0s done
#19 exporting config sha256:ea99691dffd255a776197280dd5949ebe82e4b1700cbce83290b03264c9ce92a 0.0s done
#19 exporting attestation manifest sha256:46598dda5e6773198d4629b2cf78a8118fe5734446f402bfd7be7ab0a472753e
#19 exporting attestation manifest sha256:46598dda5e6773198d4629b2cf78a8118fe5734446f402bfd7be7ab0a472753e 0.2s done
#19 exporting manifest list sha256:c99099929051e590e40b057c197a8bfffe474f26bc562421cc314b834cfa18b6
#19 exporting manifest list sha256:c99099929051e590e40b057c197a8bfffe474f26bc562421cc314b834cfa18b6 0.1s done
#19 naming to docker.io/library/docker-mem-limit:latest 0.0s done
#19 unpacking to docker.io/library/docker-mem-limit:latest 0.1s done
#19 DONE 0.6s

#20 resolving provenance for metadata file
#20 DONE 0.1s
..............................
[0;32m[EXP][0m ─── HOST | io_stress | intensidad=2 ───
..............................
[0;32m[EXP][0m ─── DOCKER:baseline | io_stress | intensidad=2 ───
#1 [internal] load local bake definitions
#1 reading from stdin 561B done
#1 DONE 0.0s

#2 [internal] load build definition from Dockerfile.app
#2 transferring dockerfile: 1.81kB 0.0s done
#2 DONE 0.0s

#3 [internal] load metadata for docker.io/library/debian:bookworm-slim
#3 DONE 0.8s

#4 [internal] load .dockerignore
#4 transferring context: 68B done
#4 DONE 0.1s

#5 [internal] load build context
#5 DONE 0.0s

#6 [builder 1/5] FROM docker.io/library/debian:bookworm-slim@sha256:0104b334637a5f19aa9c983a91b54c89887c0984081f2068983107a6f6c21eeb
#6 resolve docker.io/library/debian:bookworm-slim@sha256:0104b334637a5f19aa9c983a91b54c89887c0984081f2068983107a6f6c21eeb
#6 resolve docker.io/library/debian:bookworm-slim@sha256:0104b334637a5f19aa9c983a91b54c89887c0984081f2068983107a6f6c21eeb 0.2s done
#6 DONE 0.2s

#5 [internal] load build context
#5 transferring context: 467.39kB 0.1s done
#5 DONE 0.1s

#7 [builder 2/5] RUN apt-get update && apt-get install -y     build-essential     cmake     && rm -rf /var/lib/apt/lists/*
#7 CACHED

#8 [builder 3/5] WORKDIR /src
#8 CACHED

#9 [builder 4/5] COPY . .
#9 DONE 0.4s

#10 [builder 5/5] RUN cmake -B build -DCMAKE_BUILD_TYPE=Release . &&     cmake --build build --parallel
#10 0.895 -- The C compiler identification is GNU 12.2.0
#10 0.932 -- Detecting C compiler ABI info
#10 1.177 -- Detecting C compiler ABI info - done
#10 1.203 -- Check for working C compiler: /usr/bin/cc - skipped
#10 1.203 -- Detecting C compile features
#10 1.204 -- Detecting C compile features - done
#10 1.222 -- Configuring done
#10 1.322 -- Generating done
#10 1.338 -- Build files have been written to: /src/build
#10 1.511 [  2%] Building C object src/core/CMakeFiles/perfanalyzer_core.dir/perf.c.o
#10 1.515 [  4%] Building C object src/core/CMakeFiles/perfanalyzer_core.dir/sampler_cpu.c.o
#10 1.515 [  6%] Building C object tests/CMakeFiles/unity.dir/unity/unity.c.o
#10 1.526 [  9%] Building C object src/tools/CMakeFiles/container_monitor.dir/container_monitor.c.o
#10 1.533 [ 11%] Building C object src/core/CMakeFiles/perfanalyzer_core.dir/sampler_mem.c.o
#10 1.545 [ 13%] Building C object src/core/CMakeFiles/perfanalyzer_core.dir/sampler_io.c.o
#10 1.550 [ 15%] Building C object src/core/CMakeFiles/perfanalyzer_core.dir/profiler.c.o
#10 1.568 [ 18%] Building C object src/core/CMakeFiles/perfanalyzer_core.dir/sampler_cgroup.c.o
#10 1.581 [ 20%] Building C object src/core/CMakeFiles/perfanalyzer_core.dir/ring_buffer.c.o
#10 1.646 [ 22%] Building C object src/core/CMakeFiles/perfanalyzer_core.dir/exporter_json.c.o
#10 1.940 [ 25%] Linking C static library libunity.a
#10 1.966 [ 27%] Linking C executable container_monitor
#10 1.974 [ 29%] Linking C static library libperfanalyzer_core.a
#10 2.071 [ 29%] Built target unity
#10 2.110 [ 29%] Built target perfanalyzer_core
#10 2.278 [ 31%] Building C object src/workloads/CMakeFiles/mem_stress.dir/mem_stress.c.o
#10 2.371 [ 34%] Building C object src/cli/CMakeFiles/perfctl.dir/perfctl.c.o
#10 2.459 [ 38%] Building C object src/workloads/CMakeFiles/io_stress_nosampler.dir/io_stress.c.o
#10 2.459 [ 38%] Building C object tests/CMakeFiles/test_sampler_io.dir/test_sampler_io.c.o
#10 2.484 [ 43%] Building C object tests/CMakeFiles/test_sampler_cpu.dir/test_sampler_cpu.c.o
#10 2.484 [ 43%] Building C object tests/CMakeFiles/test_profiler.dir/test_profiler.c.o
#10 2.494 [ 45%] Building C object tests/CMakeFiles/test_sampler_mem.dir/test_sampler_mem.c.o
#10 2.515 [ 47%] Building C object src/server/CMakeFiles/perfanalyzer_server.dir/http.c.o
#10 2.551 [ 50%] Building C object src/workloads/CMakeFiles/mem_stress_nosampler.dir/mem_stress.c.o
#10 2.561 [ 52%] Building C object src/server/CMakeFiles/perfanalyzer_server.dir/dashboard.c.o
#10 2.569 [ 54%] Building C object src/server/CMakeFiles/perfanalyzer_server.dir/main.c.o
#10 2.584 [ 56%] Building C object tests/CMakeFiles/test_ring_buffer.dir/test_ring_buffer.c.o
#10 2.608 [ 61%] Building C object tests/CMakeFiles/test_exporter.dir/test_exporter.c.o
#10 2.614 [ 63%] Building C object src/server/CMakeFiles/perfanalyzer_server.dir/routes.c.o
#10 2.628 [ 65%] Building C object src/workloads/CMakeFiles/cpu_stress.dir/cpu_stress.c.o
#10 2.628 [ 65%] Building C object src/workloads/CMakeFiles/io_stress.dir/io_stress.c.o
#10 2.642 [ 68%] Building C object src/workloads/CMakeFiles/cpu_stress_nosampler.dir/cpu_stress.c.o
#10 2.676 /src/tests/test_sampler_cpu.c:8:6: warning: no previous prototype for 'test_cpu_read_self' [-Wmissing-prototypes]
#10 2.676     8 | void test_cpu_read_self(void)
#10 2.676       |      ^~~~~~~~~~~~~~~~~~
#10 2.692 /src/src/server/dashboard.c:255:1: warning: string length '9524' is greater than the length '4095' ISO C99 compilers are required to support [-Woverlength-strings]
#10 2.692   255 | "</html>\n";
#10 2.692       | ^~~~~~~~~~~
#10 2.769 /src/tests/test_sampler_cpu.c:17:6: warning: no previous prototype for 'test_cpu_percent_negative_on_first' [-Wmissing-prototypes]
#10 2.769    17 | void test_cpu_percent_negative_on_first(void)
#10 2.769       |      ^~~~~~~~~~~~~~~~~~~~~~~~~~~~~~~~~~
#10 2.769 /src/tests/test_sampler_cpu.c:23:6: warning: no previous prototype for 'test_cpu_percent_range' [-Wmissing-prototypes]
#10 2.769    23 | void test_cpu_percent_range(void)
#10 2.769       |      ^~~~~~~~~~~~~~~~~~~~~~
#10 2.770 /src/tests/test_sampler_cpu.c: In function 'test_cpu_percent_range':
#10 2.770 /src/tests/test_sampler_cpu.c:31:5: warning: implicit declaration of function 'nanosleep' [-Wimplicit-function-declaration]
#10 2.770    31 |     nanosleep(&ts, NULL);
#10 2.770       |     ^~~~~~~~~
#10 2.788 /src/tests/test_profiler.c:13:6: warning: no previous prototype for 'test_probe_begin_end' [-Wmissing-prototypes]
#10 2.788    13 | void test_probe_begin_end(void)
#10 2.788       |      ^~~~~~~~~~~~~~~~~~~~
#10 2.793 /src/tests/test_profiler.c: In function 'test_probe_begin_end':
#10 2.793 /src/tests/test_profiler.c:22:13: warning: implicit declaration of function 'nanosleep' [-Wimplicit-function-declaration]
#10 2.793    22 |             nanosleep(&ts, NULL);
#10 2.793       |             ^~~~~~~~~
#10 2.793 /src/tests/test_profiler.c: At top level:
#10 2.793 /src/tests/test_profiler.c:41:6: warning: no previous prototype for 'test_probe_reset' [-Wmissing-prototypes]
#10 2.793    41 | void test_probe_reset(void)
#10 2.793       |      ^~~~~~~~~~~~~~~~
#10 2.793 /src/tests/test_profiler.c:61:6: warning: no previous prototype for 'test_probe_percentiles' [-Wmissing-prototypes]
#10 2.793    61 | void test_probe_percentiles(void)
#10 2.793       |      ^~~~~~~~~~~~~~~~~~~~~~
#10 2.796 /src/tests/test_profiler.c: In function 'test_probe_percentiles':
#10 2.796 /src/tests/test_profiler.c:76:33: warning: implicit declaration of function 'malloc' [-Wimplicit-function-declaration]
#10 2.796    76 |     perf_probe_stats_t *stats = malloc(n * sizeof(*stats));
#10 2.796       |                                 ^~~~~~
#10 2.796 /src/tests/test_profiler.c:7:1: note: include '<stdlib.h>' or provide a declaration of 'malloc'
#10 2.796     6 | #include <string.h>
#10 2.796   +++ |+#include <stdlib.h>
#10 2.796     7 | 
#10 2.796 /src/tests/test_profiler.c:76:33: warning: incompatible implicit declaration of built-in function 'malloc' [-Wbuiltin-declaration-mismatch]
#10 2.796    76 |     perf_probe_stats_t *stats = malloc(n * sizeof(*stats));
#10 2.796       |                                 ^~~~~~
#10 2.796 /src/tests/test_profiler.c:76:33: note: include '<stdlib.h>' or provide a declaration of 'malloc'
#10 2.796 /src/tests/test_profiler.c:83:5: warning: implicit declaration of function 'free' [-Wimplicit-function-declaration]
#10 2.796    83 |     free(stats);
#10 2.796       |     ^~~~
#10 2.796 /src/tests/test_profiler.c:83:5: note: include '<stdlib.h>' or provide a declaration of 'free'
#10 2.796 /src/tests/test_profiler.c:83:5: warning: incompatible implicit declaration of built-in function 'free' [-Wbuiltin-declaration-mismatch]
#10 2.796 /src/tests/test_profiler.c:83:5: note: include '<stdlib.h>' or provide a declaration of 'free'
#10 2.806 /src/tests/test_sampler_mem.c:8:6: warning: no previous prototype for 'test_mem_read_nonzero' [-Wmissing-prototypes]
#10 2.806     8 | void test_mem_read_nonzero(void)
#10 2.806       |      ^~~~~~~~~~~~~~~~~~~~~
#10 2.815 /src/tests/test_sampler_mem.c:17:6: warning: no previous prototype for 'test_mem_peak_ge_rss' [-Wmissing-prototypes]
#10 2.815    17 | void test_mem_peak_ge_rss(void)
#10 2.815       |      ^~~~~~~~~~~~~~~~~~~~
#10 2.815 /src/tests/test_sampler_mem.c:25:6: warning: no previous prototype for 'test_mem_bad_path' [-Wmissing-prototypes]
#10 2.815    25 | void test_mem_bad_path(void)
#10 2.815       |      ^~~~~~~~~~~~~~~~~
#10 2.880 /src/tests/test_ring_buffer.c:8:6: warning: no previous prototype for 'test_ring_push_drain' [-Wmissing-prototypes]
#10 2.880     8 | void test_ring_push_drain(void)
#10 2.880       |      ^~~~~~~~~~~~~~~~~~~~
#10 2.880 /src/tests/test_ring_buffer.c:25:6: warning: no previous prototype for 'test_ring_empty_drain' [-Wmissing-prototypes]
#10 2.880    25 | void test_ring_empty_drain(void)
#10 2.880       |      ^~~~~~~~~~~~~~~~~~~~~
#10 2.886 /src/tests/test_ring_buffer.c:35:6: warning: no previous prototype for 'test_ring_overflow_keeps_newest' [-Wmissing-prototypes]
#10 2.886    35 | void test_ring_overflow_keeps_newest(void)
#10 2.886       |      ^~~~~~~~~~~~~~~~~~~~~~~~~~~~~~~
#10 2.969 /src/tests/test_exporter.c:8:6: warning: no previous prototype for 'test_sample_to_json_contains_keys' [-Wmissing-prototypes]
#10 2.969     8 | void test_sample_to_json_contains_keys(void)
#10 2.969       |      ^~~~~~~~~~~~~~~~~~~~~~~~~~~~~~~~~
#10 2.985 /src/tests/test_exporter.c:24:6: warning: no previous prototype for 'test_sample_to_json_buffer_too_small' [-Wmissing-prototypes]
#10 2.985    24 | void test_sample_to_json_buffer_too_small(void)
#10 2.985       |      ^~~~~~~~~~~~~~~~~~~~~~~~~~~~~~~~~~~~
#10 2.985 /src/tests/test_exporter.c:33:6: warning: no previous prototype for 'test_series_to_json_empty' [-Wmissing-prototypes]
#10 2.985    33 | void test_series_to_json_empty(void)
#10 2.985       |      ^~~~~~~~~~~~~~~~~~~~~~~~~
#10 3.016 [ 70%] Linking C executable test_sampler_cpu
#10 3.023 [ 72%] Linking C executable test_sampler_mem
#10 3.027 [ 75%] Linking C executable test_ring_buffer
#10 3.033 /src/tests/test_sampler_io.c:8:6: warning: no previous prototype for 'test_io_read_ok' [-Wmissing-prototypes]
#10 3.033     8 | void test_io_read_ok(void)
#10 3.033       |      ^~~~~~~~~~~~~~~
#10 3.033 /src/tests/test_sampler_io.c:17:6: warning: no previous prototype for 'test_io_bad_path' [-Wmissing-prototypes]
#10 3.033    17 | void test_io_bad_path(void)
#10 3.033       |      ^~~~~~~~~~~~~~~~
#10 3.034 [ 77%] Linking C executable perfctl
#10 3.041 [ 79%] Linking C executable mem_stress
#10 3.050 [ 81%] Linking C executable mem_stress_nosampler
#10 3.117 [ 84%] Linking C executable test_profiler
#10 3.132 [ 86%] Linking C executable io_stress_nosampler
#10 3.170 [ 88%] Linking C executable test_exporter
#10 3.290 [ 90%] Linking C executable io_stress
#10 3.340 [ 93%] Linking C executable test_sampler_io
#10 3.352 [ 95%] Linking C executable cpu_stress_nosampler
#10 3.365 [ 97%] Linking C executable cpu_stress
#10 3.455 [100%] Linking C executable perfanalyzer_server
#10 3.794 [100%] Built target container_monitor
#10 4.450 [100%] Built target test_sampler_mem
#10 4.559 [100%] Built target test_sampler_io
#10 4.704 [100%] Built target test_ring_buffer
#10 4.830 [100%] Built target io_stress_nosampler
#10 4.880 [100%] Built target mem_stress_nosampler
#10 4.880 [100%] Built target test_exporter
#10 4.917 [100%] Built target test_sampler_cpu
#10 5.092 [100%] Built target mem_stress
#10 5.098 [100%] Built target cpu_stress
#10 5.111 [100%] Built target perfctl
#10 5.146 [100%] Built target cpu_stress_nosampler
#10 5.253 [100%] Built target test_profiler
#10 5.367 [100%] Built target io_stress
#10 5.460 [100%] Built target perfanalyzer_server
#10 DONE 5.7s

#11 [runtime 5/9] COPY --from=builder /src/build/src/cli/perfctl                  ./perfctl
#11 CACHED

#12 [runtime 6/9] COPY --from=builder /src/build/src/tools/container_monitor      ./container_monitor
#12 CACHED

#13 [runtime 7/9] COPY --from=builder /src/build/src/workloads/cpu_stress         ./cpu_stress
#13 CACHED

#14 [runtime 8/9] COPY --from=builder /src/build/src/workloads/mem_stress         ./mem_stress
#14 CACHED

#15 [runtime 2/9] RUN apt-get update && apt-get install -y --no-install-recommends     wget     && rm -rf /var/lib/apt/lists/*
#15 CACHED

#16 [runtime 3/9] WORKDIR /app
#16 CACHED

#17 [runtime 4/9] COPY --from=builder /src/build/src/server/perfanalyzer_server   ./perfanalyzer_server
#17 CACHED

#18 [runtime 9/9] COPY --from=builder /src/build/src/workloads/io_stress          ./io_stress
#18 CACHED

#19 exporting to image
#19 exporting layers 0.0s done
#19 exporting manifest sha256:902f01a4ea3a666cffa524fe10a9497e83b7eee85acc5aab5baf4130d84d8a22 0.0s done
#19 exporting config sha256:7f00aea0b4c61ce74bfef873a63debe28fbf469f2109e758273a42769b7821f6 0.0s done
#19 exporting attestation manifest sha256:cac6aab00d729431ac98268a6231d07be25199047f82cf486d35bff0cdd561b5
#19 exporting attestation manifest sha256:cac6aab00d729431ac98268a6231d07be25199047f82cf486d35bff0cdd561b5 0.2s done
#19 exporting manifest list sha256:2fc355d8448d9128e3ca57db23da8a9762891fc039b82f279dd16a5611741b10
#19 exporting manifest list sha256:2fc355d8448d9128e3ca57db23da8a9762891fc039b82f279dd16a5611741b10 0.1s done
#19 naming to docker.io/library/docker-baseline:latest 0.0s done
#19 unpacking to docker.io/library/docker-baseline:latest 0.1s done
#19 DONE 0.5s

#20 resolving provenance for metadata file
#20 DONE 0.1s
#1 [internal] load local bake definitions
#1 reading from stdin 561B done
#1 DONE 0.0s

#2 [internal] load build definition from Dockerfile.app
#2 transferring dockerfile: 1.81kB 0.0s done
#2 DONE 0.1s

#3 [internal] load metadata for docker.io/library/debian:bookworm-slim
#3 DONE 0.3s

#4 [internal] load .dockerignore
#4 transferring context: 68B done
#4 DONE 0.1s

#5 [internal] load build context
#5 DONE 0.0s

#6 [builder 1/5] FROM docker.io/library/debian:bookworm-slim@sha256:0104b334637a5f19aa9c983a91b54c89887c0984081f2068983107a6f6c21eeb
#6 resolve docker.io/library/debian:bookworm-slim@sha256:0104b334637a5f19aa9c983a91b54c89887c0984081f2068983107a6f6c21eeb 0.1s done
#6 DONE 0.1s

#5 [internal] load build context
#5 transferring context: 434.47kB 0.1s done
#5 DONE 0.1s

#7 [builder 2/5] RUN apt-get update && apt-get install -y     build-essential     cmake     && rm -rf /var/lib/apt/lists/*
#7 CACHED

#8 [builder 3/5] WORKDIR /src
#8 CACHED

#9 [builder 4/5] COPY . .
#9 DONE 0.4s

#10 [builder 5/5] RUN cmake -B build -DCMAKE_BUILD_TYPE=Release . &&     cmake --build build --parallel
#10 1.017 -- The C compiler identification is GNU 12.2.0
#10 1.053 -- Detecting C compiler ABI info
#10 1.283 -- Detecting C compiler ABI info - done
#10 1.303 -- Check for working C compiler: /usr/bin/cc - skipped
#10 1.303 -- Detecting C compile features
#10 1.306 -- Detecting C compile features - done
#10 1.318 -- Configuring done
#10 1.427 -- Generating done
#10 1.446 -- Build files have been written to: /src/build
#10 1.623 [  2%] Building C object src/core/CMakeFiles/perfanalyzer_core.dir/perf.c.o
#10 1.628 [  4%] Building C object src/core/CMakeFiles/perfanalyzer_core.dir/sampler_cpu.c.o
#10 1.632 [  6%] Building C object src/tools/CMakeFiles/container_monitor.dir/container_monitor.c.o
#10 1.654 [ 11%] Building C object tests/CMakeFiles/unity.dir/unity/unity.c.o
#10 1.654 [  9%] Building C object src/core/CMakeFiles/perfanalyzer_core.dir/profiler.c.o
#10 1.662 [ 13%] Building C object src/core/CMakeFiles/perfanalyzer_core.dir/sampler_io.c.o
#10 1.668 [ 15%] Building C object src/core/CMakeFiles/perfanalyzer_core.dir/sampler_mem.c.o
#10 1.677 [ 18%] Building C object src/core/CMakeFiles/perfanalyzer_core.dir/sampler_cgroup.c.o
#10 1.679 [ 20%] Building C object src/core/CMakeFiles/perfanalyzer_core.dir/ring_buffer.c.o
#10 1.742 [ 22%] Building C object src/core/CMakeFiles/perfanalyzer_core.dir/exporter_json.c.o
#10 1.965 [ 25%] Linking C executable container_monitor
#10 2.082 [ 27%] Linking C static library libunity.a
#10 2.101 [ 29%] Linking C static library libperfanalyzer_core.a
#10 2.226 [ 29%] Built target unity
#10 2.257 [ 29%] Built target perfanalyzer_core
#10 2.360 [ 31%] Building C object src/workloads/CMakeFiles/cpu_stress.dir/cpu_stress.c.o
#10 2.428 [ 34%] Building C object src/server/CMakeFiles/perfanalyzer_server.dir/main.c.o
#10 2.485 [ 36%] Building C object src/workloads/CMakeFiles/cpu_stress_nosampler.dir/cpu_stress.c.o
#10 2.497 [ 38%] Building C object src/workloads/CMakeFiles/mem_stress.dir/mem_stress.c.o
#10 2.501 [ 40%] Building C object tests/CMakeFiles/test_sampler_cpu.dir/test_sampler_cpu.c.o
#10 2.513 [ 43%] Building C object src/server/CMakeFiles/perfanalyzer_server.dir/routes.c.o
#10 2.536 [ 47%] Building C object src/server/CMakeFiles/perfanalyzer_server.dir/dashboard.c.o
#10 2.543 [ 50%] Building C object src/cli/CMakeFiles/perfctl.dir/perfctl.c.o
#10 2.558 [ 52%] Building C object tests/CMakeFiles/test_sampler_mem.dir/test_sampler_mem.c.o
#10 2.569 [ 45%] Building C object src/workloads/CMakeFiles/io_stress_nosampler.dir/io_stress.c.o
#10 2.587 [ 54%] Building C object tests/CMakeFiles/test_ring_buffer.dir/test_ring_buffer.c.o
#10 2.592 [ 56%] Building C object tests/CMakeFiles/test_profiler.dir/test_profiler.c.o
#10 2.610 [ 59%] Building C object src/workloads/CMakeFiles/io_stress.dir/io_stress.c.o
#10 2.636 [ 61%] Building C object src/server/CMakeFiles/perfanalyzer_server.dir/http.c.o
#10 2.637 [ 63%] Building C object tests/CMakeFiles/test_sampler_io.dir/test_sampler_io.c.o
#10 2.648 [ 65%] Building C object tests/CMakeFiles/test_exporter.dir/test_exporter.c.o
#10 2.677 /src/tests/test_sampler_cpu.c:8:6: warning: no previous prototype for 'test_cpu_read_self' [-Wmissing-prototypes]
#10 2.677     8 | void test_cpu_read_self(void)
#10 2.677       |      ^~~~~~~~~~~~~~~~~~
#10 2.700 [ 68%] Building C object src/workloads/CMakeFiles/mem_stress_nosampler.dir/mem_stress.c.o
#10 2.716 /src/src/server/dashboard.c:255:1: warning: string length '9524' is greater than the length '4095' ISO C99 compilers are required to support [-Woverlength-strings]
#10 2.716   255 | "</html>\n";
#10 2.716       | ^~~~~~~~~~~
#10 2.768 /src/tests/test_profiler.c:13:6: warning: no previous prototype for 'test_probe_begin_end' [-Wmissing-prototypes]
#10 2.768    13 | void test_probe_begin_end(void)
#10 2.768       |      ^~~~~~~~~~~~~~~~~~~~
#10 2.840 /src/tests/test_profiler.c: In function 'test_probe_begin_end':
#10 2.840 /src/tests/test_profiler.c:22:13: warning: implicit declaration of function 'nanosleep' [-Wimplicit-function-declaration]
#10 2.840    22 |             nanosleep(&ts, NULL);
#10 2.840       |             ^~~~~~~~~
#10 2.840 /src/tests/test_profiler.c: At top level:
#10 2.840 /src/tests/test_profiler.c:41:6: warning: no previous prototype for 'test_probe_reset' [-Wmissing-prototypes]
#10 2.840    41 | void test_probe_reset(void)
#10 2.840       |      ^~~~~~~~~~~~~~~~
#10 2.845 /src/tests/test_profiler.c:61:6: warning: no previous prototype for 'test_probe_percentiles' [-Wmissing-prototypes]
#10 2.845    61 | void test_probe_percentiles(void)
#10 2.845       |      ^~~~~~~~~~~~~~~~~~~~~~
#10 2.845 /src/tests/test_profiler.c: In function 'test_probe_percentiles':
#10 2.845 /src/tests/test_profiler.c:76:33: warning: implicit declaration of function 'malloc' [-Wimplicit-function-declaration]
#10 2.845    76 |     perf_probe_stats_t *stats = malloc(n * sizeof(*stats));
#10 2.845       |                                 ^~~~~~
#10 2.845 /src/tests/test_profiler.c:7:1: note: include '<stdlib.h>' or provide a declaration of 'malloc'
#10 2.845     6 | #include <string.h>
#10 2.845   +++ |+#include <stdlib.h>
#10 2.845     7 | 
#10 2.845 /src/tests/test_profiler.c:76:33: warning: incompatible implicit declaration of built-in function 'malloc' [-Wbuiltin-declaration-mismatch]
#10 2.845    76 |     perf_probe_stats_t *stats = malloc(n * sizeof(*stats));
#10 2.845       |                                 ^~~~~~
#10 2.845 /src/tests/test_profiler.c:76:33: note: include '<stdlib.h>' or provide a declaration of 'malloc'
#10 2.845 /src/tests/test_profiler.c:83:5: warning: implicit declaration of function 'free' [-Wimplicit-function-declaration]
#10 2.845    83 |     free(stats);
#10 2.845       |     ^~~~
#10 2.845 /src/tests/test_profiler.c:83:5: note: include '<stdlib.h>' or provide a declaration of 'free'
#10 2.845 /src/tests/test_profiler.c:83:5: warning: incompatible implicit declaration of built-in function 'free' [-Wbuiltin-declaration-mismatch]
#10 2.845 /src/tests/test_profiler.c:83:5: note: include '<stdlib.h>' or provide a declaration of 'free'
#10 2.861 /src/tests/test_ring_buffer.c:8:6: warning: no previous prototype for 'test_ring_push_drain' [-Wmissing-prototypes]
#10 2.861     8 | void test_ring_push_drain(void)
#10 2.861       |      ^~~~~~~~~~~~~~~~~~~~
#10 2.863 /src/tests/test_ring_buffer.c:25:6: warning: no previous prototype for 'test_ring_empty_drain' [-Wmissing-prototypes]
#10 2.863    25 | void test_ring_empty_drain(void)
#10 2.863       |      ^~~~~~~~~~~~~~~~~~~~~
#10 2.865 /src/tests/test_ring_buffer.c:35:6: warning: no previous prototype for 'test_ring_overflow_keeps_newest' [-Wmissing-prototypes]
#10 2.865    35 | void test_ring_overflow_keeps_newest(void)
#10 2.865       |      ^~~~~~~~~~~~~~~~~~~~~~~~~~~~~~~
#10 2.875 /src/tests/test_sampler_io.c:8:6: warning: no previous prototype for 'test_io_read_ok' [-Wmissing-prototypes]
#10 2.875     8 | void test_io_read_ok(void)
#10 2.875       |      ^~~~~~~~~~~~~~~
#10 2.895 [ 70%] Linking C executable cpu_stress
#10 2.900 [ 70%] Built target container_monitor
#10 2.904 /src/tests/test_sampler_cpu.c:17:6: warning: no previous prototype for 'test_cpu_percent_negative_on_first' [-Wmissing-prototypes]
#10 2.904    17 | void test_cpu_percent_negative_on_first(void)
#10 2.904       |      ^~~~~~~~~~~~~~~~~~~~~~~~~~~~~~~~~~
#10 2.904 /src/tests/test_sampler_cpu.c:23:6: warning: no previous prototype for 'test_cpu_percent_range' [-Wmissing-prototypes]
#10 2.904    23 | void test_cpu_percent_range(void)
#10 2.904       |      ^~~~~~~~~~~~~~~~~~~~~~
#10 2.905 /src/tests/test_sampler_cpu.c: In function 'test_cpu_percent_range':
#10 2.907 /src/tests/test_sampler_mem.c:8:6: warning: no previous prototype for 'test_mem_read_nonzero' [-Wmissing-prototypes]
#10 2.907     8 | void test_mem_read_nonzero(void)
#10 2.907       |      ^~~~~~~~~~~~~~~~~~~~~
#10 2.907 /src/tests/test_sampler_mem.c:17:6: warning: no previous prototype for 'test_mem_peak_ge_rss' [-Wmissing-prototypes]
#10 2.907    17 | void test_mem_peak_ge_rss(void)
#10 2.907       |      ^~~~~~~~~~~~~~~~~~~~
#10 2.907 /src/tests/test_sampler_mem.c:25:6: warning: no previous prototype for 'test_mem_bad_path' [-Wmissing-prototypes]
#10 2.907    25 | void test_mem_bad_path(void)
#10 2.907       |      ^~~~~~~~~~~~~~~~~
#10 2.913 /src/tests/test_sampler_cpu.c:31:5: warning: implicit declaration of function 'nanosleep' [-Wimplicit-function-declaration]
#10 2.913    31 |     nanosleep(&ts, NULL);
#10 2.913       |     ^~~~~~~~~
#10 2.943 /src/tests/test_exporter.c:8:6: warning: no previous prototype for 'test_sample_to_json_contains_keys' [-Wmissing-prototypes]
#10 2.943     8 | void test_sample_to_json_contains_keys(void)
#10 2.943       |      ^~~~~~~~~~~~~~~~~~~~~~~~~~~~~~~~~
#10 2.967 /src/tests/test_exporter.c:24:6: warning: no previous prototype for 'test_sample_to_json_buffer_too_small' [-Wmissing-prototypes]
#10 2.967    24 | void test_sample_to_json_buffer_too_small(void)
#10 2.967       |      ^~~~~~~~~~~~~~~~~~~~~~~~~~~~~~~~~~~~
#10 2.998 [ 72%] Linking C executable test_sampler_mem
#10 3.007 [ 75%] Linking C executable perfctl
#10 3.008 [ 77%] Linking C executable io_stress_nosampler
#10 3.018 /src/tests/test_sampler_io.c:17:6: warning: no previous prototype for 'test_io_bad_path' [-Wmissing-prototypes]
#10 3.018    17 | void test_io_bad_path(void)
#10 3.018       |      ^~~~~~~~~~~~~~~~
#10 3.026 /src/tests/test_exporter.c:33:6: warning: no previous prototype for 'test_series_to_json_empty' [-Wmissing-prototypes]
#10 3.026    33 | void test_series_to_json_empty(void)
#10 3.026       |      ^~~~~~~~~~~~~~~~~~~~~~~~~
#10 3.038 [ 79%] Linking C executable test_profiler
#10 3.081 [ 81%] Linking C executable test_ring_buffer
#10 3.091 [ 84%] Linking C executable mem_stress
#10 3.106 [ 86%] Linking C executable mem_stress_nosampler
#10 3.212 [ 88%] Linking C executable cpu_stress_nosampler
#10 3.278 [ 93%] Linking C executable io_stress
#10 3.278 [ 93%] Linking C executable test_sampler_cpu
#10 3.314 [ 95%] Linking C executable perfanalyzer_server
#10 3.314 [ 97%] Linking C executable test_exporter
#10 3.346 [100%] Linking C executable test_sampler_io
#10 4.310 [100%] Built target test_ring_buffer
#10 4.348 [100%] Built target test_sampler_mem
#10 4.497 [100%] Built target test_sampler_io
#10 4.802 [100%] Built target io_stress_nosampler
#10 4.844 [100%] Built target mem_stress_nosampler
#10 4.863 [100%] Built target perfctl
#10 4.875 [100%] Built target cpu_stress
#10 4.891 [100%] Built target test_exporter
#10 4.893 [100%] Built target test_sampler_cpu
#10 4.928 [100%] Built target test_profiler
#10 4.935 [100%] Built target cpu_stress_nosampler
#10 4.980 [100%] Built target mem_stress
#10 5.038 [100%] Built target io_stress
#10 5.255 [100%] Built target perfanalyzer_server
#10 DONE 5.5s

#11 [runtime 3/9] WORKDIR /app
#11 CACHED

#12 [runtime 4/9] COPY --from=builder /src/build/src/server/perfanalyzer_server   ./perfanalyzer_server
#12 CACHED

#13 [runtime 5/9] COPY --from=builder /src/build/src/cli/perfctl                  ./perfctl
#13 CACHED

#14 [runtime 6/9] COPY --from=builder /src/build/src/tools/container_monitor      ./container_monitor
#14 CACHED

#15 [runtime 7/9] COPY --from=builder /src/build/src/workloads/cpu_stress         ./cpu_stress
#15 CACHED

#16 [runtime 8/9] COPY --from=builder /src/build/src/workloads/mem_stress         ./mem_stress
#16 CACHED

#17 [runtime 2/9] RUN apt-get update && apt-get install -y --no-install-recommends     wget     && rm -rf /var/lib/apt/lists/*
#17 CACHED

#18 [runtime 9/9] COPY --from=builder /src/build/src/workloads/io_stress          ./io_stress
#18 CACHED

#19 exporting to image
#19 exporting layers 0.0s done
#19 exporting manifest sha256:902f01a4ea3a666cffa524fe10a9497e83b7eee85acc5aab5baf4130d84d8a22 0.0s done
#19 exporting config sha256:7f00aea0b4c61ce74bfef873a63debe28fbf469f2109e758273a42769b7821f6 0.0s done
#19 exporting attestation manifest sha256:8176f6c96ab5b700822214c4ac1a677907923bb431bba9b2bc63d1fb56821473
#19 exporting attestation manifest sha256:8176f6c96ab5b700822214c4ac1a677907923bb431bba9b2bc63d1fb56821473 0.2s done
#19 exporting manifest list sha256:4ddd9d5f72936886a1afcb405c7389a704624744e403b6dbe287e4d02d4605cc
#19 exporting manifest list sha256:4ddd9d5f72936886a1afcb405c7389a704624744e403b6dbe287e4d02d4605cc 0.1s done
#19 naming to docker.io/library/docker-baseline:latest 0.0s done
#19 unpacking to docker.io/library/docker-baseline:latest
#19 unpacking to docker.io/library/docker-baseline:latest 0.1s done
#19 DONE 0.6s

#20 resolving provenance for metadata file
#20 DONE 0.2s
..............................
[0;32m[EXP][0m ─── DOCKER:cpu-limit | io_stress | intensidad=2 ───
#1 [internal] load local bake definitions
#1 reading from stdin 565B done
#1 DONE 0.0s

#2 [internal] load build definition from Dockerfile.app
#2 transferring dockerfile: 1.81kB 0.0s done
#2 DONE 0.0s

#3 [internal] load metadata for docker.io/library/debian:bookworm-slim
#3 DONE 0.8s

#4 [internal] load .dockerignore
#4 transferring context: 68B done
#4 DONE 0.1s

#5 [internal] load build context
#5 DONE 0.0s

#6 [builder 1/5] FROM docker.io/library/debian:bookworm-slim@sha256:0104b334637a5f19aa9c983a91b54c89887c0984081f2068983107a6f6c21eeb
#6 resolve docker.io/library/debian:bookworm-slim@sha256:0104b334637a5f19aa9c983a91b54c89887c0984081f2068983107a6f6c21eeb 0.1s done
#6 DONE 0.2s

#5 [internal] load build context
#5 transferring context: 5.10MB 0.3s done
#5 DONE 0.5s

#7 [builder 2/5] RUN apt-get update && apt-get install -y     build-essential     cmake     && rm -rf /var/lib/apt/lists/*
#7 CACHED

#8 [builder 3/5] WORKDIR /src
#8 CACHED

#9 [builder 4/5] COPY . .
#9 DONE 0.4s

#10 [builder 5/5] RUN cmake -B build -DCMAKE_BUILD_TYPE=Release . &&     cmake --build build --parallel
#10 0.954 -- The C compiler identification is GNU 12.2.0
#10 0.986 -- Detecting C compiler ABI info
#10 1.226 -- Detecting C compiler ABI info - done
#10 1.256 -- Check for working C compiler: /usr/bin/cc - skipped
#10 1.256 -- Detecting C compile features
#10 1.256 -- Detecting C compile features - done
#10 1.266 -- Configuring done
#10 1.365 -- Generating done
#10 1.383 -- Build files have been written to: /src/build
#10 1.554 [  2%] Building C object src/core/CMakeFiles/perfanalyzer_core.dir/perf.c.o
#10 1.560 [  4%] Building C object src/core/CMakeFiles/perfanalyzer_core.dir/sampler_io.c.o
#10 1.567 [  6%] Building C object src/core/CMakeFiles/perfanalyzer_core.dir/sampler_mem.c.o
#10 1.593 [ 11%] Building C object src/tools/CMakeFiles/container_monitor.dir/container_monitor.c.o
#10 1.593 [  9%] Building C object src/core/CMakeFiles/perfanalyzer_core.dir/sampler_cpu.c.o
#10 1.597 [ 13%] Building C object tests/CMakeFiles/unity.dir/unity/unity.c.o
#10 1.604 [ 15%] Building C object src/core/CMakeFiles/perfanalyzer_core.dir/profiler.c.o
#10 1.611 [ 18%] Building C object src/core/CMakeFiles/perfanalyzer_core.dir/sampler_cgroup.c.o
#10 1.655 [ 20%] Building C object src/core/CMakeFiles/perfanalyzer_core.dir/ring_buffer.c.o
#10 1.660 [ 22%] Building C object src/core/CMakeFiles/perfanalyzer_core.dir/exporter_json.c.o
#10 1.972 [ 25%] Linking C static library libunity.a
#10 2.009 [ 27%] Linking C static library libperfanalyzer_core.a
#10 2.069 [ 29%] Linking C executable container_monitor
#10 2.102 [ 29%] Built target unity
#10 2.144 [ 29%] Built target perfanalyzer_core
#10 2.422 [ 31%] Building C object src/workloads/CMakeFiles/io_stress.dir/io_stress.c.o
#10 2.478 [ 34%] Building C object src/server/CMakeFiles/perfanalyzer_server.dir/routes.c.o
#10 2.488 [ 36%] Building C object src/workloads/CMakeFiles/mem_stress_nosampler.dir/mem_stress.c.o
#10 2.509 [ 38%] Building C object src/server/CMakeFiles/perfanalyzer_server.dir/http.c.o
#10 2.514 [ 40%] Building C object src/server/CMakeFiles/perfanalyzer_server.dir/main.c.o
#10 2.532 [ 43%] Building C object src/workloads/CMakeFiles/mem_stress.dir/mem_stress.c.o
#10 2.552 [ 45%] Building C object src/workloads/CMakeFiles/io_stress_nosampler.dir/io_stress.c.o
#10 2.564 [ 47%] Building C object src/server/CMakeFiles/perfanalyzer_server.dir/dashboard.c.o
#10 2.571 [ 50%] Building C object tests/CMakeFiles/test_profiler.dir/test_profiler.c.o
#10 2.604 [ 52%] Building C object src/workloads/CMakeFiles/cpu_stress_nosampler.dir/cpu_stress.c.o
#10 2.604 [ 54%] Building C object tests/CMakeFiles/test_exporter.dir/test_exporter.c.o
#10 2.618 [ 56%] Building C object src/cli/CMakeFiles/perfctl.dir/perfctl.c.o
#10 2.626 [ 59%] Building C object src/workloads/CMakeFiles/cpu_stress.dir/cpu_stress.c.o
#10 2.630 [ 61%] Building C object tests/CMakeFiles/test_ring_buffer.dir/test_ring_buffer.c.o
#10 2.646 [ 63%] Building C object tests/CMakeFiles/test_sampler_cpu.dir/test_sampler_cpu.c.o
#10 2.655 [ 65%] Building C object tests/CMakeFiles/test_sampler_io.dir/test_sampler_io.c.o
#10 2.782 /src/tests/test_exporter.c:8:6: warning: no previous prototype for 'test_sample_to_json_contains_keys' [-Wmissing-prototypes]
#10 2.782     8 | void test_sample_to_json_contains_keys(void)
#10 2.782       |      ^~~~~~~~~~~~~~~~~~~~~~~~~~~~~~~~~
#10 2.784 [ 68%] Building C object tests/CMakeFiles/test_sampler_mem.dir/test_sampler_mem.c.o
#10 2.829 /src/src/server/dashboard.c:255:1: warning: string length '9524' is greater than the length '4095' ISO C99 compilers are required to support [-Woverlength-strings]
#10 2.829   255 | "</html>\n";
#10 2.829       | ^~~~~~~~~~~
#10 2.839 /src/tests/test_exporter.c:24:6: warning: no previous prototype for 'test_sample_to_json_buffer_too_small' [-Wmissing-prototypes]
#10 2.839    24 | void test_sample_to_json_buffer_too_small(void)
#10 2.839       |      ^~~~~~~~~~~~~~~~~~~~~~~~~~~~~~~~~~~~
#10 2.843 /src/tests/test_exporter.c:33:6: warning: no previous prototype for 'test_series_to_json_empty' [-Wmissing-prototypes]
#10 2.843    33 | void test_series_to_json_empty(void)
#10 2.843       |      ^~~~~~~~~~~~~~~~~~~~~~~~~
#10 2.904 [ 70%] Linking C executable io_stress_nosampler
#10 2.922 /src/tests/test_ring_buffer.c:8:6: warning: no previous prototype for 'test_ring_push_drain' [-Wmissing-prototypes]
#10 2.922     8 | void test_ring_push_drain(void)
#10 2.922       |      ^~~~~~~~~~~~~~~~~~~~
#10 2.922 /src/tests/test_ring_buffer.c:25:6: warning: no previous prototype for 'test_ring_empty_drain' [-Wmissing-prototypes]
#10 2.922    25 | void test_ring_empty_drain(void)
#10 2.922       |      ^~~~~~~~~~~~~~~~~~~~~
#10 2.925 /src/tests/test_ring_buffer.c:35:6: warning: no previous prototype for 'test_ring_overflow_keeps_newest' [-Wmissing-prototypes]
#10 2.925    35 | void test_ring_overflow_keeps_newest(void)
#10 2.925       |      ^~~~~~~~~~~~~~~~~~~~~~~~~~~~~~~
#10 2.937 /src/tests/test_profiler.c:13:6: warning: no previous prototype for 'test_probe_begin_end' [-Wmissing-prototypes]
#10 2.937    13 | void test_probe_begin_end(void)
#10 2.937       |      ^~~~~~~~~~~~~~~~~~~~
#10 2.941 /src/tests/test_profiler.c: In function 'test_probe_begin_end':
#10 2.941 /src/tests/test_profiler.c:22:13: warning: implicit declaration of function 'nanosleep' [-Wimplicit-function-declaration]
#10 2.941    22 |             nanosleep(&ts, NULL);
#10 2.941       |             ^~~~~~~~~
#10 2.942 /src/tests/test_profiler.c: At top level:
#10 2.942 /src/tests/test_profiler.c:41:6: warning: no previous prototype for 'test_probe_reset' [-Wmissing-prototypes]
#10 2.942    41 | void test_probe_reset(void)
#10 2.942       |      ^~~~~~~~~~~~~~~~
#10 2.956 /src/tests/test_profiler.c:61:6: warning: no previous prototype for 'test_probe_percentiles' [-Wmissing-prototypes]
#10 2.956    61 | void test_probe_percentiles(void)
#10 2.956       |      ^~~~~~~~~~~~~~~~~~~~~~
#10 2.959 /src/tests/test_profiler.c: In function 'test_probe_percentiles':
#10 2.959 /src/tests/test_profiler.c:76:33: warning: implicit declaration of function 'malloc' [-Wimplicit-function-declaration]
#10 2.959    76 |     perf_probe_stats_t *stats = malloc(n * sizeof(*stats));
#10 2.959       |                                 ^~~~~~
#10 2.959 /src/tests/test_profiler.c:7:1: note: include '<stdlib.h>' or provide a declaration of 'malloc'
#10 2.959     6 | #include <string.h>
#10 2.959   +++ |+#include <stdlib.h>
#10 2.959     7 | 
#10 2.976 /src/tests/test_profiler.c:76:33: warning: incompatible implicit declaration of built-in function 'malloc' [-Wbuiltin-declaration-mismatch]
#10 2.976    76 |     perf_probe_stats_t *stats = malloc(n * sizeof(*stats));
#10 2.976       |                                 ^~~~~~
#10 2.976 /src/tests/test_profiler.c:76:33: note: include '<stdlib.h>' or provide a declaration of 'malloc'
#10 2.979 /src/tests/test_profiler.c:83:5: warning: implicit declaration of function 'free' [-Wimplicit-function-declaration]
#10 2.979    83 |     free(stats);
#10 2.979       |     ^~~~
#10 2.979 /src/tests/test_profiler.c:83:5: note: include '<stdlib.h>' or provide a declaration of 'free'
#10 2.979 /src/tests/test_profiler.c:83:5: warning: incompatible implicit declaration of built-in function 'free' [-Wbuiltin-declaration-mismatch]
#10 2.979 /src/tests/test_profiler.c:83:5: note: include '<stdlib.h>' or provide a declaration of 'free'
#10 3.061 /src/tests/test_sampler_cpu.c:8:6: warning: no previous prototype for 'test_cpu_read_self' [-Wmissing-prototypes]
#10 3.061     8 | void test_cpu_read_self(void)
#10 3.061       |      ^~~~~~~~~~~~~~~~~~
#10 3.070 [ 72%] Linking C executable test_exporter
#10 3.079 /src/tests/test_sampler_io.c:8:6: warning: no previous prototype for 'test_io_read_ok' [-Wmissing-prototypes]
#10 3.079     8 | void test_io_read_ok(void)
#10 3.079       |      ^~~~~~~~~~~~~~~
#10 3.083 [ 75%] Linking C executable mem_stress_nosampler
#10 3.084 /src/tests/test_sampler_cpu.c:17:6: warning: no previous prototype for 'test_cpu_percent_negative_on_first' [-Wmissing-prototypes]
#10 3.084    17 | void test_cpu_percent_negative_on_first(void)
#10 3.084       |      ^~~~~~~~~~~~~~~~~~~~~~~~~~~~~~~~~~
#10 3.084 /src/tests/test_sampler_cpu.c:23:6: warning: no previous prototype for 'test_cpu_percent_range' [-Wmissing-prototypes]
#10 3.084    23 | void test_cpu_percent_range(void)
#10 3.084       |      ^~~~~~~~~~~~~~~~~~~~~~
#10 3.085 /src/tests/test_sampler_cpu.c: In function 'test_cpu_percent_range':
#10 3.085 /src/tests/test_sampler_cpu.c:31:5: warning: implicit declaration of function 'nanosleep' [-Wimplicit-function-declaration]
#10 3.085    31 |     nanosleep(&ts, NULL);
#10 3.085       |     ^~~~~~~~~
#10 3.098 /src/tests/test_sampler_io.c:17:6: warning: no previous prototype for 'test_io_bad_path' [-Wmissing-prototypes]
#10 3.098    17 | void test_io_bad_path(void)
#10 3.098       |      ^~~~~~~~~~~~~~~~
#10 3.105 [ 77%] Linking C executable test_ring_buffer
#10 3.122 [ 79%] Linking C executable cpu_stress
#10 3.143 [ 81%] Linking C executable mem_stress
#10 3.205 /src/tests/test_sampler_mem.c:8:6: warning: no previous prototype for 'test_mem_read_nonzero' [-Wmissing-prototypes]
#10 3.205     8 | void test_mem_read_nonzero(void)
#10 3.205       |      ^~~~~~~~~~~~~~~~~~~~~
#10 3.220 /src/tests/test_sampler_mem.c:17:6: warning: no previous prototype for 'test_mem_peak_ge_rss' [-Wmissing-prototypes]
#10 3.220    17 | void test_mem_peak_ge_rss(void)
#10 3.220       |      ^~~~~~~~~~~~~~~~~~~~
#10 3.221 /src/tests/test_sampler_mem.c:25:6: warning: no previous prototype for 'test_mem_bad_path' [-Wmissing-prototypes]
#10 3.221    25 | void test_mem_bad_path(void)
#10 3.221       |      ^~~~~~~~~~~~~~~~~
#10 3.239 [ 84%] Linking C executable io_stress
#10 3.267 [ 84%] Built target container_monitor
#10 3.296 [ 86%] Linking C executable test_sampler_io
#10 3.336 [ 88%] Linking C executable test_sampler_cpu
#10 3.397 [ 90%] Linking C executable test_profiler
#10 3.452 [ 95%] Linking C executable cpu_stress_nosampler
#10 3.473 [ 97%] Linking C executable test_sampler_mem
#10 3.474 [ 97%] Linking C executable perfctl
#10 3.567 [100%] Linking C executable perfanalyzer_server
#10 4.648 [100%] Built target test_ring_buffer
#10 4.706 [100%] Built target io_stress_nosampler
#10 4.754 [100%] Built target mem_stress_nosampler
#10 4.818 [100%] Built target test_sampler_mem
#10 4.825 [100%] Built target test_sampler_io
#10 4.849 [100%] Built target test_exporter
#10 4.950 [100%] Built target test_sampler_cpu
#10 5.082 [100%] Built target test_profiler
#10 5.094 [100%] Built target mem_stress
#10 5.125 [100%] Built target cpu_stress_nosampler
#10 5.139 [100%] Built target perfctl
#10 5.272 [100%] Built target io_stress
#10 5.308 [100%] Built target cpu_stress
#10 5.626 [100%] Built target perfanalyzer_server
#10 DONE 5.9s

#11 [runtime 7/9] COPY --from=builder /src/build/src/workloads/cpu_stress         ./cpu_stress
#11 CACHED

#12 [runtime 8/9] COPY --from=builder /src/build/src/workloads/mem_stress         ./mem_stress
#12 CACHED

#13 [runtime 2/9] RUN apt-get update && apt-get install -y --no-install-recommends     wget     && rm -rf /var/lib/apt/lists/*
#13 CACHED

#14 [runtime 3/9] WORKDIR /app
#14 CACHED

#15 [runtime 4/9] COPY --from=builder /src/build/src/server/perfanalyzer_server   ./perfanalyzer_server
#15 CACHED

#16 [runtime 5/9] COPY --from=builder /src/build/src/cli/perfctl                  ./perfctl
#16 CACHED

#17 [runtime 6/9] COPY --from=builder /src/build/src/tools/container_monitor      ./container_monitor
#17 CACHED

#18 [runtime 9/9] COPY --from=builder /src/build/src/workloads/io_stress          ./io_stress
#18 CACHED

#19 exporting to image
#19 exporting layers 0.0s done
#19 exporting manifest sha256:f3573c3c5a52ae41d4b61afc565f1f7998c40771df25e27385303c4b2ff3d12b 0.0s done
#19 exporting config sha256:b670cb7e8a89894e732aafbd53de9ede0f182e60d0c9d1547acad0b199695aff 0.0s done
#19 exporting attestation manifest sha256:2a0aa923dcd58c369fddfe1b787949e1bd85446d0caed4b4929ae3be7c338bda
#19 exporting attestation manifest sha256:2a0aa923dcd58c369fddfe1b787949e1bd85446d0caed4b4929ae3be7c338bda 0.1s done
#19 exporting manifest list sha256:f42e2d20c2a3a3c8d797c92c76c6299c8f8a71a05008f88c4308f205a0cb493b
#19 exporting manifest list sha256:f42e2d20c2a3a3c8d797c92c76c6299c8f8a71a05008f88c4308f205a0cb493b 0.1s done
#19 naming to docker.io/library/docker-cpu-limit:latest 0.0s done
#19 unpacking to docker.io/library/docker-cpu-limit:latest 0.1s done
#19 DONE 0.6s

#20 resolving provenance for metadata file
#20 DONE 0.1s
#1 [internal] load local bake definitions
#1 reading from stdin 565B done
#1 DONE 0.0s

#2 [internal] load build definition from Dockerfile.app
#2 transferring dockerfile: 1.81kB done
#2 DONE 0.0s

#3 [internal] load metadata for docker.io/library/debian:bookworm-slim
#3 DONE 0.3s

#4 [internal] load .dockerignore
#4 transferring context: 68B done
#4 DONE 0.0s

#5 [internal] load build context
#5 DONE 0.0s

#6 [builder 1/5] FROM docker.io/library/debian:bookworm-slim@sha256:0104b334637a5f19aa9c983a91b54c89887c0984081f2068983107a6f6c21eeb
#6 resolve docker.io/library/debian:bookworm-slim@sha256:0104b334637a5f19aa9c983a91b54c89887c0984081f2068983107a6f6c21eeb
#6 resolve docker.io/library/debian:bookworm-slim@sha256:0104b334637a5f19aa9c983a91b54c89887c0984081f2068983107a6f6c21eeb 0.1s done
#6 DONE 0.1s

#5 [internal] load build context
#5 transferring context: 510.95kB 0.1s done
#5 DONE 0.1s

#7 [builder 2/5] RUN apt-get update && apt-get install -y     build-essential     cmake     && rm -rf /var/lib/apt/lists/*
#7 CACHED

#8 [builder 3/5] WORKDIR /src
#8 CACHED

#9 [builder 4/5] COPY . .
#9 DONE 0.4s

#10 [builder 5/5] RUN cmake -B build -DCMAKE_BUILD_TYPE=Release . &&     cmake --build build --parallel
#10 1.019 -- The C compiler identification is GNU 12.2.0
#10 1.068 -- Detecting C compiler ABI info
#10 1.321 -- Detecting C compiler ABI info - done
#10 1.341 -- Check for working C compiler: /usr/bin/cc - skipped
#10 1.345 -- Detecting C compile features
#10 1.348 -- Detecting C compile features - done
#10 1.362 -- Configuring done
#10 1.449 -- Generating done
#10 1.461 -- Build files have been written to: /src/build
#10 1.675 [  2%] Building C object src/core/CMakeFiles/perfanalyzer_core.dir/perf.c.o
#10 1.684 [  4%] Building C object src/tools/CMakeFiles/container_monitor.dir/container_monitor.c.o
#10 1.711 [  6%] Building C object tests/CMakeFiles/unity.dir/unity/unity.c.o
#10 1.738 [  9%] Building C object src/core/CMakeFiles/perfanalyzer_core.dir/sampler_cpu.c.o
#10 1.748 [ 13%] Building C object src/core/CMakeFiles/perfanalyzer_core.dir/sampler_io.c.o
#10 1.748 [ 13%] Building C object src/core/CMakeFiles/perfanalyzer_core.dir/profiler.c.o
#10 1.761 [ 15%] Building C object src/core/CMakeFiles/perfanalyzer_core.dir/sampler_mem.c.o
#10 1.767 [ 18%] Building C object src/core/CMakeFiles/perfanalyzer_core.dir/ring_buffer.c.o
#10 1.789 [ 20%] Building C object src/core/CMakeFiles/perfanalyzer_core.dir/sampler_cgroup.c.o
#10 1.866 [ 22%] Building C object src/core/CMakeFiles/perfanalyzer_core.dir/exporter_json.c.o
#10 2.223 [ 25%] Linking C static library libperfanalyzer_core.a
#10 2.269 [ 27%] Linking C static library libunity.a
#10 2.305 [ 29%] Linking C executable container_monitor
#10 2.397 [ 29%] Built target unity
#10 2.397 [ 29%] Built target perfanalyzer_core
#10 2.592 [ 31%] Building C object src/workloads/CMakeFiles/cpu_stress_nosampler.dir/cpu_stress.c.o
#10 2.600 [ 34%] Building C object src/server/CMakeFiles/perfanalyzer_server.dir/main.c.o
#10 2.618 [ 36%] Building C object tests/CMakeFiles/test_sampler_cpu.dir/test_sampler_cpu.c.o
#10 2.630 [ 38%] Building C object src/workloads/CMakeFiles/mem_stress_nosampler.dir/mem_stress.c.o
#10 2.642 [ 40%] Building C object src/server/CMakeFiles/perfanalyzer_server.dir/http.c.o
#10 2.656 [ 43%] Building C object src/server/CMakeFiles/perfanalyzer_server.dir/routes.c.o
#10 2.680 [ 45%] Building C object src/cli/CMakeFiles/perfctl.dir/perfctl.c.o
#10 2.682 [ 47%] Building C object src/server/CMakeFiles/perfanalyzer_server.dir/dashboard.c.o
#10 2.698 [ 50%] Building C object src/workloads/CMakeFiles/cpu_stress.dir/cpu_stress.c.o
#10 2.710 [ 52%] Building C object src/workloads/CMakeFiles/io_stress.dir/io_stress.c.o
#10 2.782 [ 54%] Building C object src/workloads/CMakeFiles/io_stress_nosampler.dir/io_stress.c.o
#10 2.800 [ 56%] Building C object tests/CMakeFiles/test_sampler_io.dir/test_sampler_io.c.o
#10 2.813 /src/src/server/dashboard.c:255:1: warning: string length '9524' is greater than the length '4095' ISO C99 compilers are required to support [-Woverlength-strings]
#10 2.813   255 | "</html>\n";
#10 2.813       | ^~~~~~~~~~~
#10 2.823 [ 59%] Building C object tests/CMakeFiles/test_sampler_mem.dir/test_sampler_mem.c.o
#10 2.856 [ 61%] Building C object tests/CMakeFiles/test_profiler.dir/test_profiler.c.o
#10 2.859 [ 63%] Building C object src/workloads/CMakeFiles/mem_stress.dir/mem_stress.c.o
#10 2.868 [ 65%] Building C object tests/CMakeFiles/test_ring_buffer.dir/test_ring_buffer.c.o
#10 2.877 [ 68%] Building C object tests/CMakeFiles/test_exporter.dir/test_exporter.c.o
#10 2.884 /src/tests/test_sampler_cpu.c:8:6: warning: no previous prototype for 'test_cpu_read_self' [-Wmissing-prototypes]
#10 2.884     8 | void test_cpu_read_self(void)
#10 2.884       |      ^~~~~~~~~~~~~~~~~~
#10 2.899 /src/tests/test_sampler_cpu.c:17:6: warning: no previous prototype for 'test_cpu_percent_negative_on_first' [-Wmissing-prototypes]
#10 2.899    17 | void test_cpu_percent_negative_on_first(void)
#10 2.899       |      ^~~~~~~~~~~~~~~~~~~~~~~~~~~~~~~~~~
#10 2.901 /src/tests/test_sampler_cpu.c:23:6: warning: no previous prototype for 'test_cpu_percent_range' [-Wmissing-prototypes]
#10 2.901    23 | void test_cpu_percent_range(void)
#10 2.901       |      ^~~~~~~~~~~~~~~~~~~~~~
#10 2.930 /src/tests/test_sampler_cpu.c: In function 'test_cpu_percent_range':
#10 2.932 /src/tests/test_sampler_cpu.c:31:5: warning: implicit declaration of function 'nanosleep' [-Wimplicit-function-declaration]
#10 2.932    31 |     nanosleep(&ts, NULL);
#10 2.932       |     ^~~~~~~~~
#10 3.042 /src/tests/test_ring_buffer.c:8:6: warning: no previous prototype for 'test_ring_push_drain' [-Wmissing-prototypes]
#10 3.042     8 | void test_ring_push_drain(void)
#10 3.042       |      ^~~~~~~~~~~~~~~~~~~~
#10 3.042 /src/tests/test_ring_buffer.c:25:6: warning: no previous prototype for 'test_ring_empty_drain' [-Wmissing-prototypes]
#10 3.042    25 | void test_ring_empty_drain(void)
#10 3.042       |      ^~~~~~~~~~~~~~~~~~~~~
#10 3.042 /src/tests/test_ring_buffer.c:35:6: warning: no previous prototype for 'test_ring_overflow_keeps_newest' [-Wmissing-prototypes]
#10 3.042    35 | void test_ring_overflow_keeps_newest(void)
#10 3.042       |      ^~~~~~~~~~~~~~~~~~~~~~~~~~~~~~~
#10 3.061 [ 70%] Linking C executable mem_stress_nosampler
#10 3.073 /src/tests/test_profiler.c:13:6: warning: no previous prototype for 'test_probe_begin_end' [-Wmissing-prototypes]
#10 3.073    13 | void test_probe_begin_end(void)
#10 3.073       |      ^~~~~~~~~~~~~~~~~~~~
#10 3.090 /src/tests/test_profiler.c: In function 'test_probe_begin_end':
#10 3.091 /src/tests/test_profiler.c:22:13: warning: implicit declaration of function 'nanosleep' [-Wimplicit-function-declaration]
#10 3.091    22 |             nanosleep(&ts, NULL);
#10 3.091       |             ^~~~~~~~~
#10 3.100 /src/tests/test_profiler.c: At top level:
#10 3.100 /src/tests/test_profiler.c:41:6: warning: no previous prototype for 'test_probe_reset' [-Wmissing-prototypes]
#10 3.100    41 | void test_probe_reset(void)
#10 3.100       |      ^~~~~~~~~~~~~~~~
#10 3.107 /src/tests/test_profiler.c:61:6: warning: no previous prototype for 'test_probe_percentiles' [-Wmissing-prototypes]
#10 3.107    61 | void test_probe_percentiles(void)
#10 3.107       |      ^~~~~~~~~~~~~~~~~~~~~~
#10 3.113 /src/tests/test_profiler.c: In function 'test_probe_percentiles':
#10 3.113 /src/tests/test_profiler.c:76:33: warning: implicit declaration of function 'malloc' [-Wimplicit-function-declaration]
#10 3.113    76 |     perf_probe_stats_t *stats = malloc(n * sizeof(*stats));
#10 3.113       |                                 ^~~~~~
#10 3.113 /src/tests/test_profiler.c:7:1: note: include '<stdlib.h>' or provide a declaration of 'malloc'
#10 3.113     6 | #include <string.h>
#10 3.113   +++ |+#include <stdlib.h>
#10 3.113     7 | 
#10 3.113 /src/tests/test_profiler.c:76:33: warning: incompatible implicit declaration of built-in function 'malloc' [-Wbuiltin-declaration-mismatch]
#10 3.113    76 |     perf_probe_stats_t *stats = malloc(n * sizeof(*stats));
#10 3.113       |                                 ^~~~~~
#10 3.113 /src/tests/test_profiler.c:76:33: note: include '<stdlib.h>' or provide a declaration of 'malloc'
#10 3.113 /src/tests/test_profiler.c:83:5: warning: implicit declaration of function 'free' [-Wimplicit-function-declaration]
#10 3.113    83 |     free(stats);
#10 3.113       |     ^~~~
#10 3.113 /src/tests/test_profiler.c:83:5: note: include '<stdlib.h>' or provide a declaration of 'free'
#10 3.113 /src/tests/test_profiler.c:83:5: warning: incompatible implicit declaration of built-in function 'free' [-Wbuiltin-declaration-mismatch]
#10 3.113 /src/tests/test_profiler.c:83:5: note: include '<stdlib.h>' or provide a declaration of 'free'
#10 3.207 [ 72%] Linking C executable cpu_stress_nosampler
#10 3.214 [ 75%] Linking C executable test_sampler_cpu
#10 3.222 /src/tests/test_exporter.c:8:6: warning: no previous prototype for 'test_sample_to_json_contains_keys' [-Wmissing-prototypes]
#10 3.222     8 | void test_sample_to_json_contains_keys(void)
#10 3.222       |      ^~~~~~~~~~~~~~~~~~~~~~~~~~~~~~~~~
#10 3.228 /src/tests/test_sampler_mem.c:8:6: warning: no previous prototype for 'test_mem_read_nonzero' [-Wmissing-prototypes]
#10 3.228     8 | void test_mem_read_nonzero(void)
#10 3.228       |      ^~~~~~~~~~~~~~~~~~~~~
#10 3.236 /src/tests/test_sampler_mem.c:17:6: warning: no previous prototype for 'test_mem_peak_ge_rss' [-Wmissing-prototypes]
#10 3.236    17 | void test_mem_peak_ge_rss(void)
#10 3.236       |      ^~~~~~~~~~~~~~~~~~~~
#10 3.240 /src/tests/test_sampler_io.c:8:6: warning: no previous prototype for 'test_io_read_ok' [-Wmissing-prototypes]
#10 3.240     8 | void test_io_read_ok(void)
#10 3.240       |      ^~~~~~~~~~~~~~~
#10 3.240 /src/tests/test_sampler_io.c:17:6: warning: no previous prototype for 'test_io_bad_path' [-Wmissing-prototypes]
#10 3.240    17 | void test_io_bad_path(void)
#10 3.240       |      ^~~~~~~~~~~~~~~~
#10 3.241 /src/tests/test_exporter.c:24:6: warning: no previous prototype for 'test_sample_to_json_buffer_too_small' [-Wmissing-prototypes]
#10 3.241    24 | void test_sample_to_json_buffer_too_small(void)
#10 3.241       |      ^~~~~~~~~~~~~~~~~~~~~~~~~~~~~~~~~~~~
#10 3.253 /src/tests/test_sampler_mem.c:25:6: warning: no previous prototype for 'test_mem_bad_path' [-Wmissing-prototypes]
#10 3.253    25 | void test_mem_bad_path(void)
#10 3.253       |      ^~~~~~~~~~~~~~~~~
#10 3.255 /src/tests/test_exporter.c:33:6: warning: no previous prototype for 'test_series_to_json_empty' [-Wmissing-prototypes]
#10 3.255    33 | void test_series_to_json_empty(void)
#10 3.255       |      ^~~~~~~~~~~~~~~~~~~~~~~~~
#10 3.277 [ 77%] Linking C executable perfctl
#10 3.288 [ 79%] Linking C executable io_stress_nosampler
#10 3.342 [ 81%] Linking C executable mem_stress
#10 3.353 [ 84%] Linking C executable io_stress
#10 3.368 [ 86%] Linking C executable test_sampler_io
#10 3.381 [ 88%] Linking C executable cpu_stress
#10 3.388 [ 90%] Linking C executable perfanalyzer_server
#10 3.388 [ 93%] Linking C executable test_ring_buffer
#10 3.408 [ 95%] Linking C executable test_profiler
#10 3.468 [ 97%] Linking C executable test_exporter
#10 3.479 [100%] Linking C executable test_sampler_mem
#10 3.777 [100%] Built target container_monitor
#10 4.371 [100%] Built target mem_stress_nosampler
#10 4.409 [100%] Built target test_exporter
#10 4.548 [100%] Built target test_sampler_io
#10 4.551 [100%] Built target test_sampler_cpu
#10 4.641 [100%] Built target perfctl
#10 4.678 [100%] Built target test_ring_buffer
#10 4.793 [100%] Built target io_stress_nosampler
#10 5.011 [100%] Built target cpu_stress_nosampler
#10 5.040 [100%] Built target test_sampler_mem
#10 5.083 [100%] Built target io_stress
#10 5.101 [100%] Built target mem_stress
#10 5.214 [100%] Built target test_profiler
#10 5.232 [100%] Built target cpu_stress
#10 5.284 [100%] Built target perfanalyzer_server
#10 DONE 5.6s

#11 [runtime 6/9] COPY --from=builder /src/build/src/tools/container_monitor      ./container_monitor
#11 CACHED

#12 [runtime 7/9] COPY --from=builder /src/build/src/workloads/cpu_stress         ./cpu_stress
#12 CACHED

#13 [runtime 8/9] COPY --from=builder /src/build/src/workloads/mem_stress         ./mem_stress
#13 CACHED

#14 [runtime 2/9] RUN apt-get update && apt-get install -y --no-install-recommends     wget     && rm -rf /var/lib/apt/lists/*
#14 CACHED

#15 [runtime 3/9] WORKDIR /app
#15 CACHED

#16 [runtime 4/9] COPY --from=builder /src/build/src/server/perfanalyzer_server   ./perfanalyzer_server
#16 CACHED

#17 [runtime 5/9] COPY --from=builder /src/build/src/cli/perfctl                  ./perfctl
#17 CACHED

#18 [runtime 9/9] COPY --from=builder /src/build/src/workloads/io_stress          ./io_stress
#18 CACHED

#19 exporting to image
#19 exporting layers 0.0s done
#19 exporting manifest sha256:f3573c3c5a52ae41d4b61afc565f1f7998c40771df25e27385303c4b2ff3d12b 0.0s done
#19 exporting config sha256:b670cb7e8a89894e732aafbd53de9ede0f182e60d0c9d1547acad0b199695aff 0.0s done
#19 exporting attestation manifest sha256:cfd1e5e38b8f00b63b065f1d967c5ad5bc8887c07e00ae80a19e0a01fe3acc83
#19 exporting attestation manifest sha256:cfd1e5e38b8f00b63b065f1d967c5ad5bc8887c07e00ae80a19e0a01fe3acc83 0.2s done
#19 exporting manifest list sha256:b020609fa099a0759ad202d8cd32bc5ae51eb2bb5ae11c7ffdfbd41459bdb6d8
#19 exporting manifest list sha256:b020609fa099a0759ad202d8cd32bc5ae51eb2bb5ae11c7ffdfbd41459bdb6d8 0.1s done
#19 naming to docker.io/library/docker-cpu-limit:latest 0.0s done
#19 unpacking to docker.io/library/docker-cpu-limit:latest
#19 unpacking to docker.io/library/docker-cpu-limit:latest 0.1s done
#19 DONE 0.6s

#20 resolving provenance for metadata file
#20 DONE 0.1s
..............................
[0;32m[EXP][0m ─── DOCKER:mem-limit | io_stress | intensidad=2 ───
#1 [internal] load local bake definitions
#1 reading from stdin 565B done
#1 DONE 0.0s

#2 [internal] load build definition from Dockerfile.app
#2 transferring dockerfile: 1.81kB 0.0s done
#2 DONE 0.1s

#3 [internal] load metadata for docker.io/library/debian:bookworm-slim
#3 DONE 0.8s

#4 [internal] load .dockerignore
#4 transferring context: 68B 0.0s done
#4 DONE 0.1s

#5 [internal] load build context
#5 DONE 0.0s

#6 [builder 1/5] FROM docker.io/library/debian:bookworm-slim@sha256:0104b334637a5f19aa9c983a91b54c89887c0984081f2068983107a6f6c21eeb
#6 resolve docker.io/library/debian:bookworm-slim@sha256:0104b334637a5f19aa9c983a91b54c89887c0984081f2068983107a6f6c21eeb 0.1s done
#6 DONE 0.2s

#5 [internal] load build context
#5 transferring context: 527.04kB 0.0s done
#5 DONE 0.1s

#7 [builder 2/5] RUN apt-get update && apt-get install -y     build-essential     cmake     && rm -rf /var/lib/apt/lists/*
#7 CACHED

#8 [builder 3/5] WORKDIR /src
#8 CACHED

#9 [builder 4/5] COPY . .
#9 DONE 0.3s

#10 [builder 5/5] RUN cmake -B build -DCMAKE_BUILD_TYPE=Release . &&     cmake --build build --parallel
#10 0.948 -- The C compiler identification is GNU 12.2.0
#10 0.983 -- Detecting C compiler ABI info
#10 1.246 -- Detecting C compiler ABI info - done
#10 1.280 -- Check for working C compiler: /usr/bin/cc - skipped
#10 1.283 -- Detecting C compile features
#10 1.283 -- Detecting C compile features - done
#10 1.295 -- Configuring done
#10 1.413 -- Generating done
#10 1.426 -- Build files have been written to: /src/build
#10 1.615 [  2%] Building C object src/core/CMakeFiles/perfanalyzer_core.dir/sampler_mem.c.o
#10 1.629 [  4%] Building C object src/core/CMakeFiles/perfanalyzer_core.dir/profiler.c.o
#10 1.629 [  6%] Building C object src/core/CMakeFiles/perfanalyzer_core.dir/perf.c.o
#10 1.629 [  9%] Building C object src/core/CMakeFiles/perfanalyzer_core.dir/sampler_cpu.c.o
#10 1.640 [ 11%] Building C object src/core/CMakeFiles/perfanalyzer_core.dir/ring_buffer.c.o
#10 1.645 [ 13%] Building C object tests/CMakeFiles/unity.dir/unity/unity.c.o
#10 1.653 [ 15%] Building C object src/tools/CMakeFiles/container_monitor.dir/container_monitor.c.o
#10 1.671 [ 18%] Building C object src/core/CMakeFiles/perfanalyzer_core.dir/sampler_cgroup.c.o
#10 1.678 [ 20%] Building C object src/core/CMakeFiles/perfanalyzer_core.dir/sampler_io.c.o
#10 1.709 [ 22%] Building C object src/core/CMakeFiles/perfanalyzer_core.dir/exporter_json.c.o
#10 1.986 [ 25%] Linking C static library libunity.a
#10 2.014 [ 27%] Linking C static library libperfanalyzer_core.a
#10 2.047 [ 29%] Linking C executable container_monitor
#10 2.139 [ 29%] Built target unity
#10 2.163 [ 29%] Built target perfanalyzer_core
#10 2.324 [ 31%] Building C object src/cli/CMakeFiles/perfctl.dir/perfctl.c.o
#10 2.324 [ 34%] Building C object src/workloads/CMakeFiles/io_stress_nosampler.dir/io_stress.c.o
#10 2.338 [ 36%] Building C object src/workloads/CMakeFiles/mem_stress_nosampler.dir/mem_stress.c.o
#10 2.372 [ 38%] Building C object src/workloads/CMakeFiles/mem_stress.dir/mem_stress.c.o
#10 2.434 [ 40%] Building C object src/workloads/CMakeFiles/io_stress.dir/io_stress.c.o
#10 2.473 [ 43%] Building C object src/server/CMakeFiles/perfanalyzer_server.dir/main.c.o
#10 2.482 [ 45%] Building C object src/server/CMakeFiles/perfanalyzer_server.dir/http.c.o
#10 2.494 [ 47%] Building C object tests/CMakeFiles/test_exporter.dir/test_exporter.c.o
#10 2.556 [ 54%] Building C object tests/CMakeFiles/test_profiler.dir/test_profiler.c.o
#10 2.556 [ 54%] Building C object src/server/CMakeFiles/perfanalyzer_server.dir/routes.c.o
#10 2.567 [ 52%] Building C object tests/CMakeFiles/test_sampler_mem.dir/test_sampler_mem.c.o
#10 2.572 [ 56%] Building C object src/workloads/CMakeFiles/cpu_stress.dir/cpu_stress.c.o
#10 2.573 [ 59%] Building C object src/workloads/CMakeFiles/cpu_stress_nosampler.dir/cpu_stress.c.o
#10 2.589 [ 61%] Building C object tests/CMakeFiles/test_sampler_cpu.dir/test_sampler_cpu.c.o
#10 2.690 /src/tests/test_sampler_mem.c:8:6: warning: no previous prototype for 'test_mem_read_nonzero' [-Wmissing-prototypes]
#10 2.690     8 | void test_mem_read_nonzero(void)
#10 2.690       |      ^~~~~~~~~~~~~~~~~~~~~
#10 2.690 /src/tests/test_sampler_mem.c:17:6: warning: no previous prototype for 'test_mem_peak_ge_rss' [-Wmissing-prototypes]
#10 2.690    17 | void test_mem_peak_ge_rss(void)
#10 2.690       |      ^~~~~~~~~~~~~~~~~~~~
#10 2.690 /src/tests/test_sampler_mem.c:25:6: warning: no previous prototype for 'test_mem_bad_path' [-Wmissing-prototypes]
#10 2.690    25 | void test_mem_bad_path(void)
#10 2.690       |      ^~~~~~~~~~~~~~~~~
#10 2.690 [ 63%] Building C object src/server/CMakeFiles/perfanalyzer_server.dir/dashboard.c.o
#10 2.690 [ 65%] Building C object tests/CMakeFiles/test_sampler_io.dir/test_sampler_io.c.o
#10 2.690 [ 68%] Building C object tests/CMakeFiles/test_ring_buffer.dir/test_ring_buffer.c.o
#10 2.762 /src/src/server/dashboard.c:255:1: warning: string length '9524' is greater than the length '4095' ISO C99 compilers are required to support [-Woverlength-strings]
#10 2.762   255 | "</html>\n";
#10 2.762       | ^~~~~~~~~~~
#10 2.825 [ 70%] Linking C executable mem_stress_nosampler
#10 2.840 /src/tests/test_profiler.c:13:6: warning: no previous prototype for 'test_probe_begin_end' [-Wmissing-prototypes]
#10 2.840    13 | void test_probe_begin_end(void)
#10 2.840       |      ^~~~~~~~~~~~~~~~~~~~
#10 2.860 /src/tests/test_profiler.c: In function 'test_probe_begin_end':
#10 2.860 /src/tests/test_profiler.c:22:13: warning: implicit declaration of function 'nanosleep' [-Wimplicit-function-declaration]
#10 2.860    22 |             nanosleep(&ts, NULL);
#10 2.860       |             ^~~~~~~~~
#10 2.860 /src/tests/test_profiler.c: At top level:
#10 2.860 /src/tests/test_profiler.c:41:6: warning: no previous prototype for 'test_probe_reset' [-Wmissing-prototypes]
#10 2.860    41 | void test_probe_reset(void)
#10 2.860       |      ^~~~~~~~~~~~~~~~
#10 2.860 /src/tests/test_profiler.c:61:6: warning: no previous prototype for 'test_probe_percentiles' [-Wmissing-prototypes]
#10 2.860    61 | void test_probe_percentiles(void)
#10 2.860       |      ^~~~~~~~~~~~~~~~~~~~~~
#10 2.860 /src/tests/test_profiler.c: In function 'test_probe_percentiles':
#10 2.860 /src/tests/test_profiler.c:76:33: warning: implicit declaration of function 'malloc' [-Wimplicit-function-declaration]
#10 2.860    76 |     perf_probe_stats_t *stats = malloc(n * sizeof(*stats));
#10 2.860       |                                 ^~~~~~
#10 2.860 /src/tests/test_profiler.c:7:1: note: include '<stdlib.h>' or provide a declaration of 'malloc'
#10 2.860     6 | #include <string.h>
#10 2.860   +++ |+#include <stdlib.h>
#10 2.860     7 | 
#10 2.860 /src/tests/test_profiler.c:76:33: warning: incompatible implicit declaration of built-in function 'malloc' [-Wbuiltin-declaration-mismatch]
#10 2.860    76 |     perf_probe_stats_t *stats = malloc(n * sizeof(*stats));
#10 2.860       |                                 ^~~~~~
#10 2.860 /src/tests/test_profiler.c:76:33: note: include '<stdlib.h>' or provide a declaration of 'malloc'
#10 2.860 /src/tests/test_profiler.c:83:5: warning: implicit declaration of function 'free' [-Wimplicit-function-declaration]
#10 2.860    83 |     free(stats);
#10 2.860       |     ^~~~
#10 2.860 /src/tests/test_profiler.c:83:5: note: include '<stdlib.h>' or provide a declaration of 'free'
#10 2.860 /src/tests/test_profiler.c:83:5: warning: incompatible implicit declaration of built-in function 'free' [-Wbuiltin-declaration-mismatch]
#10 2.860 /src/tests/test_profiler.c:83:5: note: include '<stdlib.h>' or provide a declaration of 'free'
#10 2.868 [ 72%] Linking C executable mem_stress
#10 2.889 [ 75%] Linking C executable io_stress_nosampler
#10 2.889 [ 77%] Linking C executable test_sampler_mem
#10 2.897 /src/tests/test_exporter.c:8:6: warning: no previous prototype for 'test_sample_to_json_contains_keys' [-Wmissing-prototypes]
#10 2.897     8 | void test_sample_to_json_contains_keys(void)
#10 2.897       |      ^~~~~~~~~~~~~~~~~~~~~~~~~~~~~~~~~
#10 2.898 /src/tests/test_exporter.c:24:6: warning: no previous prototype for 'test_sample_to_json_buffer_too_small' [-Wmissing-prototypes]
#10 2.898    24 | void test_sample_to_json_buffer_too_small(void)
#10 2.898       |      ^~~~~~~~~~~~~~~~~~~~~~~~~~~~~~~~~~~~
#10 2.898 /src/tests/test_exporter.c:33:6: warning: no previous prototype for 'test_series_to_json_empty' [-Wmissing-prototypes]
#10 2.898    33 | void test_series_to_json_empty(void)
#10 2.898       |      ^~~~~~~~~~~~~~~~~~~~~~~~~
#10 2.909 [ 79%] Linking C executable perfctl
#10 3.046 /src/tests/test_sampler_io.c:8:6: warning: no previous prototype for 'test_io_read_ok' [-Wmissing-prototypes]
#10 3.046     8 | void test_io_read_ok(void)
#10 3.046       |      ^~~~~~~~~~~~~~~
#10 3.046 /src/tests/test_sampler_io.c:17:6: warning: no previous prototype for 'test_io_bad_path' [-Wmissing-prototypes]
#10 3.046    17 | void test_io_bad_path(void)
#10 3.046       |      ^~~~~~~~~~~~~~~~
#10 3.089 /src/tests/test_ring_buffer.c:8:6: warning: no previous prototype for 'test_ring_push_drain' [-Wmissing-prototypes]
#10 3.089     8 | void test_ring_push_drain(void)
#10 3.089       |      ^~~~~~~~~~~~~~~~~~~~
#10 3.108 /src/tests/test_sampler_cpu.c:8:6: warning: no previous prototype for 'test_cpu_read_self' [-Wmissing-prototypes]
#10 3.108     8 | void test_cpu_read_self(void)
#10 3.108       |      ^~~~~~~~~~~~~~~~~~
#10 3.108 /src/tests/test_ring_buffer.c:25:6: warning: no previous prototype for 'test_ring_empty_drain' [-Wmissing-prototypes]
#10 3.108    25 | void test_ring_empty_drain(void)
#10 3.108       |      ^~~~~~~~~~~~~~~~~~~~~
#10 3.108 /src/tests/test_ring_buffer.c:35:6: warning: no previous prototype for 'test_ring_overflow_keeps_newest' [-Wmissing-prototypes]
#10 3.108    35 | void test_ring_overflow_keeps_newest(void)
#10 3.108       |      ^~~~~~~~~~~~~~~~~~~~~~~~~~~~~~~
#10 3.126 [ 81%] Linking C executable io_stress
#10 3.144 /src/tests/test_sampler_cpu.c:17:6: warning: no previous prototype for 'test_cpu_percent_negative_on_first' [-Wmissing-prototypes]
#10 3.144    17 | void test_cpu_percent_negative_on_first(void)
#10 3.144       |      ^~~~~~~~~~~~~~~~~~~~~~~~~~~~~~~~~~
#10 3.144 /src/tests/test_sampler_cpu.c:23:6: warning: no previous prototype for 'test_cpu_percent_range' [-Wmissing-prototypes]
#10 3.144    23 | void test_cpu_percent_range(void)
#10 3.144       |      ^~~~~~~~~~~~~~~~~~~~~~
#10 3.159 /src/tests/test_sampler_cpu.c: In function 'test_cpu_percent_range':
#10 3.159 /src/tests/test_sampler_cpu.c:31:5: warning: implicit declaration of function 'nanosleep' [-Wimplicit-function-declaration]
#10 3.159    31 |     nanosleep(&ts, NULL);
#10 3.159       |     ^~~~~~~~~
#10 3.172 [ 84%] Linking C executable test_profiler
#10 3.189 [ 86%] Linking C executable perfanalyzer_server
#10 3.234 [ 88%] Linking C executable test_exporter
#10 3.286 [ 90%] Linking C executable cpu_stress_nosampler
#10 3.366 [ 93%] Linking C executable cpu_stress
#10 3.382 [ 95%] Linking C executable test_ring_buffer
#10 3.417 [ 97%] Linking C executable test_sampler_io
#10 3.481 [100%] Linking C executable test_sampler_cpu
#10 4.034 [100%] Built target container_monitor
#10 4.593 [100%] Built target test_sampler_io
#10 4.594 [100%] Built target test_exporter
#10 4.682 [100%] Built target mem_stress_nosampler
#10 4.689 [100%] Built target io_stress_nosampler
#10 4.691 [100%] Built target test_sampler_mem
#10 4.731 [100%] Built target test_ring_buffer
#10 4.845 [100%] Built target test_profiler
#10 4.882 [100%] Built target perfctl
#10 4.900 [100%] Built target test_sampler_cpu
#10 4.979 [100%] Built target cpu_stress_nosampler
#10 5.012 [100%] Built target mem_stress
#10 5.066 [100%] Built target io_stress
#10 5.160 [100%] Built target cpu_stress
#10 5.342 [100%] Built target perfanalyzer_server
#10 DONE 5.6s

#11 [runtime 2/9] RUN apt-get update && apt-get install -y --no-install-recommends     wget     && rm -rf /var/lib/apt/lists/*
#11 CACHED

#12 [runtime 3/9] WORKDIR /app
#12 CACHED

#13 [runtime 4/9] COPY --from=builder /src/build/src/server/perfanalyzer_server   ./perfanalyzer_server
#13 CACHED

#14 [runtime 5/9] COPY --from=builder /src/build/src/cli/perfctl                  ./perfctl
#14 CACHED

#15 [runtime 6/9] COPY --from=builder /src/build/src/tools/container_monitor      ./container_monitor
#15 CACHED

#16 [runtime 7/9] COPY --from=builder /src/build/src/workloads/cpu_stress         ./cpu_stress
#16 CACHED

#17 [runtime 8/9] COPY --from=builder /src/build/src/workloads/mem_stress         ./mem_stress
#17 CACHED

#18 [runtime 9/9] COPY --from=builder /src/build/src/workloads/io_stress          ./io_stress
#18 CACHED

#19 exporting to image
#19 exporting layers 0.0s done
#19 exporting manifest sha256:70b9c00a929874891d1b3a0f6f337ceafd8af45fc33fe912a242a9305b80aa03 0.0s done
#19 exporting config sha256:ea99691dffd255a776197280dd5949ebe82e4b1700cbce83290b03264c9ce92a 0.0s done
#19 exporting attestation manifest sha256:d19a5b7276db3b7a5786f6ad30c6cf62a8faae2d65ec10ed74fd44a100571625
#19 exporting attestation manifest sha256:d19a5b7276db3b7a5786f6ad30c6cf62a8faae2d65ec10ed74fd44a100571625 0.1s done
#19 exporting manifest list sha256:60ecdcefa76b17d909958ee31380a4256f95a1bdec489a9b20935fafeac4bbfc
#19 exporting manifest list sha256:60ecdcefa76b17d909958ee31380a4256f95a1bdec489a9b20935fafeac4bbfc 0.1s done
#19 naming to docker.io/library/docker-mem-limit:latest 0.0s done
#19 unpacking to docker.io/library/docker-mem-limit:latest 0.1s done
#19 DONE 0.6s

#20 resolving provenance for metadata file
#20 DONE 0.1s
#1 [internal] load local bake definitions
#1 reading from stdin 565B done
#1 DONE 0.0s

#2 [internal] load build definition from Dockerfile.app
#2 transferring dockerfile: 1.81kB 0.0s done
#2 DONE 0.0s

#3 [internal] load metadata for docker.io/library/debian:bookworm-slim
#3 DONE 0.3s

#4 [internal] load .dockerignore
#4 transferring context: 68B done
#4 DONE 0.0s

#5 [internal] load build context
#5 DONE 0.0s

#6 [builder 1/5] FROM docker.io/library/debian:bookworm-slim@sha256:0104b334637a5f19aa9c983a91b54c89887c0984081f2068983107a6f6c21eeb
#6 resolve docker.io/library/debian:bookworm-slim@sha256:0104b334637a5f19aa9c983a91b54c89887c0984081f2068983107a6f6c21eeb 0.1s done
#6 DONE 0.1s

#5 [internal] load build context
#5 transferring context: 489.64kB 0.0s done
#5 DONE 0.1s

#7 [builder 2/5] RUN apt-get update && apt-get install -y     build-essential     cmake     && rm -rf /var/lib/apt/lists/*
#7 CACHED

#8 [builder 3/5] WORKDIR /src
#8 CACHED

#9 [builder 4/5] COPY . .
#9 DONE 0.4s

#10 [builder 5/5] RUN cmake -B build -DCMAKE_BUILD_TYPE=Release . &&     cmake --build build --parallel
#10 1.086 -- The C compiler identification is GNU 12.2.0
#10 1.123 -- Detecting C compiler ABI info
#10 1.383 -- Detecting C compiler ABI info - done
#10 1.405 -- Check for working C compiler: /usr/bin/cc - skipped
#10 1.405 -- Detecting C compile features
#10 1.406 -- Detecting C compile features - done
#10 1.417 -- Configuring done
#10 1.506 -- Generating done
#10 1.517 -- Build files have been written to: /src/build
#10 1.725 [  2%] Building C object src/core/CMakeFiles/perfanalyzer_core.dir/sampler_cpu.c.o
#10 1.726 [  4%] Building C object src/core/CMakeFiles/perfanalyzer_core.dir/sampler_cgroup.c.o
#10 1.745 [  9%] Building C object src/tools/CMakeFiles/container_monitor.dir/container_monitor.c.o
#10 1.745 [  9%] Building C object src/core/CMakeFiles/perfanalyzer_core.dir/sampler_mem.c.o
#10 1.751 [ 11%] Building C object src/core/CMakeFiles/perfanalyzer_core.dir/sampler_io.c.o
#10 1.767 [ 13%] Building C object src/core/CMakeFiles/perfanalyzer_core.dir/perf.c.o
#10 1.774 [ 15%] Building C object src/core/CMakeFiles/perfanalyzer_core.dir/ring_buffer.c.o
#10 1.785 [ 18%] Building C object src/core/CMakeFiles/perfanalyzer_core.dir/exporter_json.c.o
#10 1.786 [ 20%] Building C object src/core/CMakeFiles/perfanalyzer_core.dir/profiler.c.o
#10 1.795 [ 22%] Building C object tests/CMakeFiles/unity.dir/unity/unity.c.o
#10 2.023 [ 25%] Linking C executable container_monitor
#10 2.092 [ 27%] Linking C static library libperfanalyzer_core.a
#10 2.131 [ 29%] Linking C static library libunity.a
#10 2.238 [ 29%] Built target perfanalyzer_core
#10 2.248 [ 29%] Built target unity
#10 2.452 [ 34%] Building C object src/workloads/CMakeFiles/io_stress_nosampler.dir/io_stress.c.o
#10 2.477 [ 31%] Building C object src/server/CMakeFiles/perfanalyzer_server.dir/routes.c.o
#10 2.482 [ 36%] Building C object src/server/CMakeFiles/perfanalyzer_server.dir/main.c.o
#10 2.533 [ 38%] Building C object src/cli/CMakeFiles/perfctl.dir/perfctl.c.o
#10 2.545 [ 40%] Building C object src/workloads/CMakeFiles/mem_stress.dir/mem_stress.c.o
#10 2.564 [ 43%] Building C object src/workloads/CMakeFiles/io_stress.dir/io_stress.c.o
#10 2.570 [ 45%] Building C object tests/CMakeFiles/test_sampler_mem.dir/test_sampler_mem.c.o
#10 2.580 [ 47%] Building C object tests/CMakeFiles/test_sampler_io.dir/test_sampler_io.c.o
#10 2.585 [ 52%] Building C object src/workloads/CMakeFiles/cpu_stress.dir/cpu_stress.c.o
#10 2.585 [ 54%] Building C object src/server/CMakeFiles/perfanalyzer_server.dir/dashboard.c.o
#10 2.592 [ 56%] Building C object src/workloads/CMakeFiles/cpu_stress_nosampler.dir/cpu_stress.c.o
#10 2.608 [ 56%] Building C object tests/CMakeFiles/test_exporter.dir/test_exporter.c.o
#10 2.627 [ 59%] Building C object tests/CMakeFiles/test_profiler.dir/test_profiler.c.o
#10 2.632 [ 63%] Building C object src/server/CMakeFiles/perfanalyzer_server.dir/http.c.o
#10 2.635 [ 65%] Building C object tests/CMakeFiles/test_sampler_cpu.dir/test_sampler_cpu.c.o
#10 2.636 [ 65%] Building C object src/workloads/CMakeFiles/mem_stress_nosampler.dir/mem_stress.c.o
#10 2.642 [ 68%] Building C object tests/CMakeFiles/test_ring_buffer.dir/test_ring_buffer.c.o
#10 2.758 /src/tests/test_profiler.c:13:6: warning: no previous prototype for 'test_probe_begin_end' [-Wmissing-prototypes]
#10 2.758    13 | void test_probe_begin_end(void)
#10 2.758       |      ^~~~~~~~~~~~~~~~~~~~
#10 2.777 /src/src/server/dashboard.c:255:1: warning: string length '9524' is greater than the length '4095' ISO C99 compilers are required to support [-Woverlength-strings]
#10 2.777   255 | "</html>\n";
#10 2.777       | ^~~~~~~~~~~
#10 2.840 /src/tests/test_sampler_cpu.c:8:6: warning: no previous prototype for 'test_cpu_read_self' [-Wmissing-prototypes]
#10 2.840     8 | void test_cpu_read_self(void)
#10 2.840       |      ^~~~~~~~~~~~~~~~~~
#10 2.851 /src/tests/test_sampler_cpu.c:17:6: warning: no previous prototype for 'test_cpu_percent_negative_on_first' [-Wmissing-prototypes]
#10 2.851    17 | void test_cpu_percent_negative_on_first(void)
#10 2.851       |      ^~~~~~~~~~~~~~~~~~~~~~~~~~~~~~~~~~
#10 2.853 /src/tests/test_sampler_cpu.c:23:6: warning: no previous prototype for 'test_cpu_percent_range' [-Wmissing-prototypes]
#10 2.853    23 | void test_cpu_percent_range(void)
#10 2.853       |      ^~~~~~~~~~~~~~~~~~~~~~
#10 2.860 /src/tests/test_sampler_cpu.c: In function 'test_cpu_percent_range':
#10 2.860 /src/tests/test_sampler_cpu.c:31:5: warning: implicit declaration of function 'nanosleep' [-Wimplicit-function-declaration]
#10 2.860    31 |     nanosleep(&ts, NULL);
#10 2.860       |     ^~~~~~~~~
#10 2.883 /src/tests/test_sampler_mem.c:8:6: warning: no previous prototype for 'test_mem_read_nonzero' [-Wmissing-prototypes]
#10 2.883     8 | void test_mem_read_nonzero(void)
#10 2.883       |      ^~~~~~~~~~~~~~~~~~~~~
#10 2.900 /src/tests/test_sampler_mem.c:17:6: warning: no previous prototype for 'test_mem_peak_ge_rss' [-Wmissing-prototypes]
#10 2.900    17 | void test_mem_peak_ge_rss(void)
#10 2.900       |      ^~~~~~~~~~~~~~~~~~~~
#10 2.900 /src/tests/test_sampler_mem.c:25:6: warning: no previous prototype for 'test_mem_bad_path' [-Wmissing-prototypes]
#10 2.900    25 | void test_mem_bad_path(void)
#10 2.900       |      ^~~~~~~~~~~~~~~~~
#10 2.931 /src/tests/test_profiler.c: In function 'test_probe_begin_end':
#10 2.938 /src/tests/test_profiler.c:22:13: warning: implicit declaration of function 'nanosleep' [-Wimplicit-function-declaration]
#10 2.938    22 |             nanosleep(&ts, NULL);
#10 2.938       |             ^~~~~~~~~
#10 2.940 /src/tests/test_ring_buffer.c:8:6: warning: no previous prototype for 'test_ring_push_drain' [-Wmissing-prototypes]
#10 2.940     8 | void test_ring_push_drain(void)
#10 2.940       |      ^~~~~~~~~~~~~~~~~~~~
#10 2.952 /src/tests/test_profiler.c: At top level:
#10 2.952 /src/tests/test_profiler.c:41:6: warning: no previous prototype for 'test_probe_reset' [-Wmissing-prototypes]
#10 2.952    41 | void test_probe_reset(void)
#10 2.952       |      ^~~~~~~~~~~~~~~~
#10 2.953 /src/tests/test_profiler.c:61:6: warning: no previous prototype for 'test_probe_percentiles' [-Wmissing-prototypes]
#10 2.953    61 | void test_probe_percentiles(void)
#10 2.953       |      ^~~~~~~~~~~~~~~~~~~~~~
#10 2.953 /src/tests/test_profiler.c: In function 'test_probe_percentiles':
#10 2.953 /src/tests/test_profiler.c:76:33: warning: implicit declaration of function 'malloc' [-Wimplicit-function-declaration]
#10 2.953    76 |     perf_probe_stats_t *stats = malloc(n * sizeof(*stats));
#10 2.953       |                                 ^~~~~~
#10 2.953 /src/tests/test_profiler.c:7:1: note: include '<stdlib.h>' or provide a declaration of 'malloc'
#10 2.953     6 | #include <string.h>
#10 2.953   +++ |+#include <stdlib.h>
#10 2.953     7 | 
#10 2.953 /src/tests/test_profiler.c:76:33: warning: incompatible implicit declaration of built-in function 'malloc' [-Wbuiltin-declaration-mismatch]
#10 2.953    76 |     perf_probe_stats_t *stats = malloc(n * sizeof(*stats));
#10 2.953       |                                 ^~~~~~
#10 2.956 /src/tests/test_ring_buffer.c:25:6: warning: no previous prototype for 'test_ring_empty_drain' [-Wmissing-prototypes]
#10 2.956    25 | void test_ring_empty_drain(void)
#10 2.956       |      ^~~~~~~~~~~~~~~~~~~~~
#10 2.957 /src/tests/test_ring_buffer.c:35:6: warning: no previous prototype for 'test_ring_overflow_keeps_newest' [-Wmissing-prototypes]
#10 2.957    35 | void test_ring_overflow_keeps_newest(void)
#10 2.957       |      ^~~~~~~~~~~~~~~~~~~~~~~~~~~~~~~
#10 2.979 [ 70%] Linking C executable io_stress_nosampler
#10 2.983 /src/tests/test_profiler.c:76:33: note: include '<stdlib.h>' or provide a declaration of 'malloc'
#10 2.989 /src/tests/test_profiler.c:83:5: warning: implicit declaration of function 'free' [-Wimplicit-function-declaration]
#10 2.989    83 |     free(stats);
#10 2.989       |     ^~~~
#10 2.989 /src/tests/test_profiler.c:83:5: note: include '<stdlib.h>' or provide a declaration of 'free'
#10 2.989 /src/tests/test_profiler.c:83:5: warning: incompatible implicit declaration of built-in function 'free' [-Wbuiltin-declaration-mismatch]
#10 2.989 /src/tests/test_profiler.c:83:5: note: include '<stdlib.h>' or provide a declaration of 'free'
#10 3.006 [ 72%] Linking C executable mem_stress_nosampler
#10 3.027 /src/tests/test_exporter.c:8:6: warning: no previous prototype for 'test_sample_to_json_contains_keys' [-Wmissing-prototypes]
#10 3.027     8 | void test_sample_to_json_contains_keys(void)
#10 3.027       |      ^~~~~~~~~~~~~~~~~~~~~~~~~~~~~~~~~
#10 3.032 /src/tests/test_sampler_io.c:8:6: warning: no previous prototype for 'test_io_read_ok' [-Wmissing-prototypes]
#10 3.032     8 | void test_io_read_ok(void)
#10 3.032       |      ^~~~~~~~~~~~~~~
#10 3.036 /src/tests/test_exporter.c:24:6: warning: no previous prototype for 'test_sample_to_json_buffer_too_small' [-Wmissing-prototypes]
#10 3.036    24 | void test_sample_to_json_buffer_too_small(void)
#10 3.036       |      ^~~~~~~~~~~~~~~~~~~~~~~~~~~~~~~~~~~~
#10 3.038 /src/tests/test_exporter.c:33:6: warning: no previous prototype for 'test_series_to_json_empty' [-Wmissing-prototypes]
#10 3.038    33 | void test_series_to_json_empty(void)
#10 3.038       |      ^~~~~~~~~~~~~~~~~~~~~~~~~
#10 3.038 /src/tests/test_sampler_io.c:17:6: warning: no previous prototype for 'test_io_bad_path' [-Wmissing-prototypes]
#10 3.038    17 | void test_io_bad_path(void)
#10 3.038       |      ^~~~~~~~~~~~~~~~
#10 3.124 [ 75%] Linking C executable mem_stress
#10 3.151 [ 77%] Linking C executable test_sampler_cpu
#10 3.159 [ 79%] Linking C executable test_sampler_mem
#10 3.181 [ 81%] Linking C executable cpu_stress_nosampler
#10 3.216 [ 84%] Linking C executable test_exporter
#10 3.242 [ 84%] Built target container_monitor
#10 3.255 [ 86%] Linking C executable test_sampler_io
#10 3.278 [ 88%] Linking C executable io_stress
#10 3.319 [ 90%] Linking C executable test_ring_buffer
#10 3.341 [ 93%] Linking C executable perfctl
#10 3.347 [ 95%] Linking C executable test_profiler
#10 3.490 [ 97%] Linking C executable perfanalyzer_server
#10 3.510 [100%] Linking C executable cpu_stress
#10 4.412 [100%] Built target test_sampler_mem
#10 4.443 [100%] Built target mem_stress_nosampler
#10 4.545 [100%] Built target test_sampler_io
#10 4.568 [100%] Built target test_exporter
#10 4.601 [100%] Built target test_ring_buffer
#10 4.601 [100%] Built target io_stress_nosampler
#10 4.655 [100%] Built target test_sampler_cpu
#10 4.713 [100%] Built target cpu_stress_nosampler
#10 4.794 [100%] Built target io_stress
#10 4.827 [100%] Built target perfctl
#10 4.923 [100%] Built target test_profiler
#10 4.979 [100%] Built target mem_stress
#10 5.093 [100%] Built target cpu_stress
#10 5.147 [100%] Built target perfanalyzer_server
#10 DONE 5.5s

#11 [runtime 7/9] COPY --from=builder /src/build/src/workloads/cpu_stress         ./cpu_stress
#11 CACHED

#12 [runtime 8/9] COPY --from=builder /src/build/src/workloads/mem_stress         ./mem_stress
#12 CACHED

#13 [runtime 2/9] RUN apt-get update && apt-get install -y --no-install-recommends     wget     && rm -rf /var/lib/apt/lists/*
#13 CACHED

#14 [runtime 3/9] WORKDIR /app
#14 CACHED

#15 [runtime 4/9] COPY --from=builder /src/build/src/server/perfanalyzer_server   ./perfanalyzer_server
#15 CACHED

#16 [runtime 5/9] COPY --from=builder /src/build/src/cli/perfctl                  ./perfctl
#16 CACHED

#17 [runtime 6/9] COPY --from=builder /src/build/src/tools/container_monitor      ./container_monitor
#17 CACHED

#18 [runtime 9/9] COPY --from=builder /src/build/src/workloads/io_stress          ./io_stress
#18 CACHED

#19 exporting to image
#19 exporting layers 0.0s done
#19 exporting manifest sha256:70b9c00a929874891d1b3a0f6f337ceafd8af45fc33fe912a242a9305b80aa03 0.0s done
#19 exporting config sha256:ea99691dffd255a776197280dd5949ebe82e4b1700cbce83290b03264c9ce92a 0.0s done
#19 exporting attestation manifest sha256:9c686fac011d607772f197cf1c34c3f99fb1477a49b7cb95e1703ea00342bf1a
#19 exporting attestation manifest sha256:9c686fac011d607772f197cf1c34c3f99fb1477a49b7cb95e1703ea00342bf1a 0.2s done
#19 exporting manifest list sha256:e4128e1ad756cf2a6002b5b08bccf62512feebb8e90f937c393205c194cca107
#19 exporting manifest list sha256:e4128e1ad756cf2a6002b5b08bccf62512feebb8e90f937c393205c194cca107 0.1s done
#19 naming to docker.io/library/docker-mem-limit:latest
#19 naming to docker.io/library/docker-mem-limit:latest 0.0s done
#19 unpacking to docker.io/library/docker-mem-limit:latest 0.1s done
#19 DONE 0.7s

#20 resolving provenance for metadata file
#20 DONE 0.0s
..............................
[0;32m[EXP][0m Apagando contenedores Docker...
[0;32m[EXP][0m Experimento completo. CSV: /home/camilo/Trabajo-final-Sistemas-Operativos/experiments/results/raw_results.csv
[0;32m[EXP][0m Ejecuta: python experiments/analyze.py
